event_id,name,date_raw,location_raw,date,source_url,scraped_at
93612,UFC Fight Night 210 - Sandhagen vs. Song,2022-09-17T00:00:00+00:00,"UFC Apex, Las Vegas, Nevada, United States",2022-09-17,https://www.sherdog.com/events/UFC-Fight-Night-210-Sandhagen-vs-Song-93612,2026-08-18T23:13:27.924837+00:00
93247,UFC 279 - Diaz vs. Ferguson,2022-09-10T00:00:00+00:00,"T-Mobile Arena, Las Vegas, Nevada, United States",2022-09-10,https://www.sherdog.com/events/UFC-279-Diaz-vs-Ferguson-93247,2026-08-18T23:13:27.976915+00:00
93036,UFC Fight Night 209 - Gane vs. Tuivasa,2022-09-03T00:00:00+00:00,", Accor Arena, Paris, France",2022-09-03,https://www.sherdog.com/events/UFC-Fight-Night-209-Gane-vs-Tuivasa-93036,2026-08-18T23:13:28.111653+00:00
93201,UFC 278 - Usman vs. Edwards 2,2022-08-20T00:00:00+00:00,"Vivint Arena, Salt Lake City, Utah, United States",2022-08-20,https://www.sherdog.com/events/UFC-278-Usman-vs-Edwards-2-93201,2026-08-18T23:13:28.118934+00:00
93192,UFC on ESPN 41 - Vera vs. Cruz,2022-08-13T00:00:00+00:00,"Pechanga Arena, San Diego, California, United States",2022-08-13,https://www.sherdog.com/events/UFC-on-ESPN-41-Vera-vs-Cruz-93192,2026-08-18T23:13:28.134450+00:00
93076,UFC on ESPN 40 - Santos vs. Hill,2022-08-06T00:00:00+00:00,"UFC Apex, Las Vegas, Nevada, United States",2022-08-06,https://www.sherdog.com/events/UFC-on-ESPN-40-Santos-vs-Hill-93076,2026-08-18T23:13:28.142563+00:00
92633,UFC 277 - Pena vs. Nunes 2,2022-07-30T00:00:00+00:00,"American Airlines Center, Dallas, Texas, United States",2022-07-30,https://www.sherdog.com/events/UFC-277-Pena-vs-Nunes-2-92633,2026-08-18T23:13:28.148372+00:00
92906,UFC Fight Night 208 - Blaydes vs. Aspinall,2022-07-23T00:00:00+00:00,"O2 Arena, London, Greater London, England",2022-07-23,https://www.sherdog.com/events/UFC-Fight-Night-208-Blaydes-vs-Aspinall-92906,2026-08-18T23:13:28.155452+00:00
92792,UFC on ABC 3 - Ortega vs. Rodriguez,2022-07-16T00:00:00+00:00,"UBS Arena, Elmont, New York, United States",2022-07-16,https://www.sherdog.com/events/UFC-on-ABC-3-Ortega-vs-Rodriguez-92792,2026-08-18T23:13:28.163579+00:00
92738,UFC on ESPN 39 - Dos Anjos vs. Fiziev,2022-07-09T00:00:00+00:00,"UFC Apex, Las Vegas, Nevada, United States",2022-07-09,https://www.sherdog.com/events/UFC-on-ESPN-39-Dos-Anjos-vs-Fiziev-92738,2026-08-18T23:13:28.170443+00:00
91882,UFC 276 - Adesanya vs. Cannonier,2022-07-02T00:00:00+00:00,"T-Mobile Arena, Las Vegas, Nevada, United States",2022-07-02,https://www.sherdog.com/events/UFC-276-Adesanya-vs-Cannonier-91882,2026-08-18T23:13:28.177500+00:00
92636,UFC on ESPN 38 - Tsarukyan vs. Gamrot,2022-06-25T00:00:00+00:00,"UFC Apex, Las Vegas, Nevada, United States",2022-06-25,https://www.sherdog.com/events/UFC-on-ESPN-38-Tsarukyan-vs-Gamrot-92636,2026-08-18T23:13:28.184597+00:00
92670,UFC on ESPN 37 - Kattar vs. Emmett,2022-06-18T00:00:00+00:00,"Moody Center, Austin, Texas, United States",2022-06-18,https://www.sherdog.com/events/UFC-on-ESPN-37-Kattar-vs-Emmett-92670,2026-08-18T23:13:28.191630+00:00
92186,UFC 275 - Teixeira vs. Prochazka,2022-06-12T00:00:00+00:00,", Singapore Indoor Stadium, Kallang, Singapore",2022-06-12,https://www.sherdog.com/events/UFC-275-Teixeira-vs-Prochazka-92186,2026-08-18T23:13:28.199148+00:00
92929,UFC - Road to UFC: Singapore Quarterfinals 4,2022-06-10T00:00:00+00:00,", Singapore Indoor Stadium, Kallang, Singapore",2022-06-10,https://www.sherdog.com/events/UFC-Road-to-UFC-Singapore-Quarterfinals-4-92929,2026-08-18T23:13:28.205876+00:00
92928,UFC - Road to UFC: Singapore Quarterfinals 3,2022-06-10T00:00:00+00:00,", Singapore Indoor Stadium, Kallang, Singapore",2022-06-10,https://www.sherdog.com/events/UFC-Road-to-UFC-Singapore-Quarterfinals-3-92928,2026-08-18T23:13:28.209781+00:00
92919,UFC - Road to UFC: Singapore Quarterfinals 2,2022-06-09T00:00:00+00:00,", Singapore Indoor Stadium, Kallang, Singapore",2022-06-09,https://www.sherdog.com/events/UFC-Road-to-UFC-Singapore-Quarterfinals-2-92919,2026-08-18T23:13:28.212456+00:00
92918,UFC - Road to UFC: Singapore Quarterfinals 1,2022-06-09T00:00:00+00:00,", Singapore Indoor Stadium, Kallang, Singapore",2022-06-09,https://www.sherdog.com/events/UFC-Road-to-UFC-Singapore-Quarterfinals-1-92918,2026-08-18T23:13:28.215255+00:00
92057,UFC Fight Night 207 - Volkov vs. Rozenstruik,2022-06-04T00:00:00+00:00,"UFC Apex, Las Vegas, Nevada, United States",2022-06-04,https://www.sherdog.com/events/UFC-Fight-Night-207-Volkov-vs-Rozenstruik-92057,2026-08-18T23:13:28.218863+00:00
91978,UFC Fight Night 206 - Holm vs. Vieira,2022-05-21T00:00:00+00:00,"UFC Apex, Las Vegas, Nevada, United States",2022-05-21,https://www.sherdog.com/events/UFC-Fight-Night-206-Holm-vs-Vieira-91978,2026-08-18T23:13:28.226405+00:00
91795,UFC on ESPN 36 - Blachowicz vs. Rakic,2022-05-14T00:00:00+00:00,"UFC Apex, Las Vegas, Nevada, United States",2022-05-14,https://www.sherdog.com/events/UFC-on-ESPN-36-Blachowicz-vs-Rakic-91795,2026-08-18T23:13:28.232651+00:00
91512,UFC 274 - Oliveira vs. Gaethje,2022-05-07T00:00:00+00:00,"Footprint Center, Phoenix, Arizona, United States",2022-05-07,https://www.sherdog.com/events/UFC-274-Oliveira-vs-Gaethje-91512,2026-08-18T23:13:28.239046+00:00
91854,UFC on ESPN 35 - Font vs. Vera,2022-04-30T00:00:00+00:00,"UFC Apex, Las Vegas, Nevada, United States",2022-04-30,https://www.sherdog.com/events/UFC-on-ESPN-35-Font-vs-Vera-91854,2026-08-18T23:13:28.246762+00:00
91797,UFC Fight Night 205 - Lemos vs. Andrade,2022-04-23T00:00:00+00:00,"UFC Apex, Las Vegas, Nevada, United States",2022-04-23,https://www.sherdog.com/events/UFC-Fight-Night-205-Lemos-vs-Andrade-91797,2026-08-18T23:13:28.252950+00:00
91735,UFC on ESPN 34 - Luque vs. Muhammad 2,2022-04-16T00:00:00+00:00,"UFC Apex, Las Vegas, Nevada, United States",2022-04-16,https://www.sherdog.com/events/UFC-on-ESPN-34-Luque-vs-Muhammad-2-91735,2026-08-18T23:13:28.259601+00:00
91679,UFC 273 - Volkanovski vs. Korean Zombie,2022-04-09T00:00:00+00:00,"VyStar Veterans Memorial Arena, Jacksonville, Florida, United States",2022-04-09,https://www.sherdog.com/events/UFC-273-Volkanovski-vs-Korean-Zombie-91679,2026-08-18T23:13:28.267519+00:00
91130,UFC on ESPN 33 - Blaydes vs. Daukaus,2022-03-26T00:00:00+00:00,"Nationwide Arena, Columbus, Ohio, United States",2022-03-26,https://www.sherdog.com/events/UFC-on-ESPN-33-Blaydes-vs-Daukaus-91130,2026-08-18T23:13:28.274964+00:00
91036,UFC Fight Night 204 - Volkov vs. Aspinall,2022-03-19T00:00:00+00:00,"O2 Arena, London, Greater London, England",2022-03-19,https://www.sherdog.com/events/UFC-Fight-Night-204-Volkov-vs-Aspinall-91036,2026-08-18T23:13:28.281975+00:00
91131,UFC Fight Night 203 - Santos vs. Ankalaev,2022-03-12T00:00:00+00:00,"UFC Apex, Las Vegas, Nevada, United States",2022-03-12,https://www.sherdog.com/events/UFC-Fight-Night-203-Santos-vs-Ankalaev-91131,2026-08-18T23:13:28.289090+00:00
91278,UFC 272 - Covington vs. Masvidal,2022-03-05T00:00:00+00:00,"T-Mobile Arena, Las Vegas, Nevada, United States",2022-03-05,https://www.sherdog.com/events/UFC-272-Covington-vs-Masvidal-91278,2026-08-18T23:13:28.300258+00:00
90846,UFC Fight Night 202 - Makhachev vs. Green,2022-02-26T00:00:00+00:00,"UFC Apex, Las Vegas, Nevada, United States",2022-02-26,https://www.sherdog.com/events/UFC-Fight-Night-202-Makhachev-vs-Green-90846,2026-08-18T23:13:28.307853+00:00
90843,UFC Fight Night 201 - Walker vs. Hill,2022-02-19T00:00:00+00:00,"UFC Apex, Las Vegas, Nevada, United States",2022-02-19,https://www.sherdog.com/events/UFC-Fight-Night-201-Walker-vs-Hill-90843,2026-08-18T23:13:28.317064+00:00
90742,UFC 271 - Adesanya vs. Whittaker 2,2022-02-12T00:00:00+00:00,"Toyota Center, Houston, Texas, United States",2022-02-12,https://www.sherdog.com/events/UFC-271-Adesanya-vs-Whittaker-2-90742,2026-08-18T23:13:28.327083+00:00
90688,UFC Fight Night 200 - Hermansson vs. Strickland,2022-02-05T00:00:00+00:00,"UFC Apex, Las Vegas, Nevada, United States",2022-02-05,https://www.sherdog.com/events/UFC-Fight-Night-200-Hermansson-vs-Strickland-90688,2026-08-18T23:13:28.334628+00:00
90612,UFC 270 - Ngannou vs. Gane,2022-01-22T00:00:00+00:00,"Honda Center, Anaheim, California, United States",2022-01-22,https://www.sherdog.com/events/UFC-270-Ngannou-vs-Gane-90612,2026-08-18T23:13:28.341747+00:00
90552,UFC on ESPN 32 - Kattar vs. Chikadze,2022-01-15T00:00:00+00:00,"UFC Apex, Las Vegas, Nevada, United States",2022-01-15,https://www.sherdog.com/events/UFC-on-ESPN-32-Kattar-vs-Chikadze-90552,2026-08-18T23:13:28.348278+00:00
90256,UFC Fight Night 199 - Lewis vs. Daukaus,2021-12-18T00:00:00+00:00,"UFC Apex, Las Vegas, Nevada, United States",2021-12-18,https://www.sherdog.com/events/UFC-Fight-Night-199-Lewis-vs-Daukaus-90256,2026-08-18T23:13:28.354210+00:00
90120,UFC 269 - Oliveira vs. Poirier,2021-12-11T00:00:00+00:00,"T-Mobile Arena, Las Vegas, Nevada, United States",2021-12-11,https://www.sherdog.com/events/UFC-269-Oliveira-vs-Poirier-90120,2026-08-18T23:13:28.361366+00:00
90320,UFC on ESPN 31 - Font vs. Aldo,2021-12-04T00:00:00+00:00,"UFC Apex, Las Vegas, Nevada, United States",2021-12-04,https://www.sherdog.com/events/UFC-on-ESPN-31-Font-vs-Aldo-90320,2026-08-18T23:13:28.369075+00:00
90119,UFC Fight Night 198 - Vieira vs. Tate,2021-11-20T00:00:00+00:00,"UFC Apex, Las Vegas, Nevada, United States",2021-11-20,https://www.sherdog.com/events/UFC-Fight-Night-198-Vieira-vs-Tate-90119,2026-08-18T23:13:28.376291+00:00
90118,UFC Fight Night 197 - Holloway vs. Rodriguez,2021-11-13T00:00:00+00:00,"UFC Apex, Las Vegas, Nevada, United States",2021-11-13,https://www.sherdog.com/events/UFC-Fight-Night-197-Holloway-vs-Rodriguez-90118,2026-08-18T23:13:28.382557+00:00
90043,UFC 268 - Usman vs. Covington 2,2021-11-06T00:00:00+00:00,"Madison Square Garden, New York, New York, United States",2021-11-06,https://www.sherdog.com/events/UFC-268-Usman-vs-Covington-2-90043,2026-08-18T23:13:28.388966+00:00
89819,UFC 267 - Blachowicz vs. Teixeira,2021-10-30T00:00:00+00:00,"Etihad Arena, Yas Island, Abu Dhabi, United Arab Emirates",2021-10-30,https://www.sherdog.com/events/UFC-267-Blachowicz-vs-Teixeira-89819,2026-08-18T23:13:28.397020+00:00
89999,UFC Fight Night 196 - Costa vs. Vettori,2021-10-23T00:00:00+00:00,"UFC Apex, Las Vegas, Nevada, United States",2021-10-23,https://www.sherdog.com/events/UFC-Fight-Night-196-Costa-vs-Vettori-89999,2026-08-18T23:13:28.404854+00:00
89887,UFC Fight Night 195 - Ladd vs. Dumont,2021-10-16T00:00:00+00:00,"UFC Apex, Las Vegas, Nevada, United States",2021-10-16,https://www.sherdog.com/events/UFC-Fight-Night-195-Ladd-vs-Dumont-89887,2026-08-18T23:13:28.412340+00:00
89818,UFC Fight Night 194 - Dern vs. Rodriguez,2021-10-09T00:00:00+00:00,"UFC Apex, Las Vegas, Nevada, United States",2021-10-09,https://www.sherdog.com/events/UFC-Fight-Night-194-Dern-vs-Rodriguez-89818,2026-08-18T23:13:28.418057+00:00
89377,UFC Fight Night 193 - Santos vs. Walker,2021-10-02T00:00:00+00:00,"UFC Apex, Las Vegas, Nevada, United States",2021-10-02,https://www.sherdog.com/events/UFC-Fight-Night-193-Santos-vs-Walker-89377,2026-08-18T23:13:28.423844+00:00
89141,UFC 266 - Volkanovski vs. Ortega,2021-09-25T00:00:00+00:00,"T-Mobile Arena, Las Vegas, Nevada, United States",2021-09-25,https://www.sherdog.com/events/UFC-266-Volkanovski-vs-Ortega-89141,2026-08-18T23:13:28.430716+00:00
89440,UFC Fight Night 192 - Smith vs. Spann,2021-09-18T00:00:00+00:00,"UFC Apex, Las Vegas, Nevada, United States",2021-09-18,https://www.sherdog.com/events/UFC-Fight-Night-192-Smith-vs-Spann-89440,2026-08-18T23:13:28.438061+00:00
89657,UFC Fight Night 191 - Brunson vs. Till,2021-09-04T00:00:00+00:00,"UFC Apex, Las Vegas, Nevada, United States",2021-09-04,https://www.sherdog.com/events/UFC-Fight-Night-191-Brunson-vs-Till-89657,2026-08-18T23:13:28.445791+00:00
89337,UFC on ESPN 30 - Barboza vs. Chikadze,2021-08-28T00:00:00+00:00,"UFC Apex, Las Vegas, Nevada, United States",2021-08-28,https://www.sherdog.com/events/UFC-on-ESPN-30-Barboza-vs-Chikadze-89337,2026-08-18T23:13:28.451219+00:00
89378,UFC on ESPN 29 - Cannonier vs. Gastelum,2021-08-21T00:00:00+00:00,"UFC Apex, Las Vegas, Nevada, United States",2021-08-21,https://www.sherdog.com/events/UFC-on-ESPN-29-Cannonier-vs-Gastelum-89378,2026-08-19T06:33:21.256035+00:00
89140,UFC 265 - Lewis vs. Gane,2021-08-07T00:00:00+00:00,"Toyota Center, Houston, Texas, United States",2021-08-07,https://www.sherdog.com/events/UFC-265-Lewis-vs-Gane-89140,2026-08-19T06:33:21.264656+00:00
89161,UFC on ESPN 28 - Hall vs. Strickland,2021-07-31T00:00:00+00:00,"UFC Apex, Las Vegas, Nevada, United States",2021-07-31,https://www.sherdog.com/events/UFC-on-ESPN-28-Hall-vs-Strickland-89161,2026-08-19T06:33:21.273413+00:00
89119,UFC on ESPN 27 - Sandhagen vs. Dillashaw,2021-07-24T00:00:00+00:00,"UFC Apex, Las Vegas, Nevada, United States",2021-07-24,https://www.sherdog.com/events/UFC-on-ESPN-27-Sandhagen-vs-Dillashaw-89119,2026-08-19T06:33:21.278993+00:00
88983,UFC on ESPN 26 - Makhachev vs. Moises,2021-07-17T00:00:00+00:00,"UFC Apex, Las Vegas, Nevada, United States",2021-07-17,https://www.sherdog.com/events/UFC-on-ESPN-26-Makhachev-vs-Moises-88983,2026-08-19T06:33:21.290274+00:00
88969,UFC 264 - Poirier vs. McGregor 3,2021-07-10T00:00:00+00:00,"T-Mobile Arena, Las Vegas, Nevada, United States",2021-07-10,https://www.sherdog.com/events/UFC-264-Poirier-vs-McGregor-3-88969,2026-08-19T06:33:21.296111+00:00
88824,UFC Fight Night 190 - Gane vs. Volkov,2021-06-26T00:00:00+00:00,"UFC Apex, Las Vegas, Nevada, United States",2021-06-26,https://www.sherdog.com/events/UFC-Fight-Night-190-Gane-vs-Volkov-88824,2026-08-19T06:33:21.302636+00:00
88795,UFC on ESPN 25 - Korean Zombie vs. Ige,2021-06-19T00:00:00+00:00,"UFC Apex, Las Vegas, Nevada, United States",2021-06-19,https://www.sherdog.com/events/UFC-on-ESPN-25-Korean-Zombie-vs-Ige-88795,2026-08-19T06:33:21.309549+00:00
88760,UFC 263 - Adesanya vs. Vettori 2,2021-06-12T00:00:00+00:00,"Gila River Arena, Glendale, Arizona, United States",2021-06-12,https://www.sherdog.com/events/UFC-263-Adesanya-vs-Vettori-2-88760,2026-08-19T06:33:21.316475+00:00
88821,UFC Fight Night 189 - Rozenstruik vs. Sakai,2021-06-05T00:00:00+00:00,"UFC Apex, Las Vegas, Nevada, United States",2021-06-05,https://www.sherdog.com/events/UFC-Fight-Night-189-Rozenstruik-vs-Sakai-88821,2026-08-19T06:33:21.323906+00:00
88695,UFC Fight Night 188 - Font vs. Garbrandt,2021-05-22T00:00:00+00:00,"UFC Apex, Las Vegas, Nevada, United States",2021-05-22,https://www.sherdog.com/events/UFC-Fight-Night-188-Font-vs-Garbrandt-88695,2026-08-19T06:33:21.330793+00:00
88694,UFC 262 - Oliveira vs. Chandler,2021-05-15T00:00:00+00:00,"Toyota Center, Houston, Texas, United States",2021-05-15,https://www.sherdog.com/events/UFC-262-Oliveira-vs-Chandler-88694,2026-08-19T06:33:21.340835+00:00
88639,UFC on ESPN 24 - Rodriguez vs. Waterson,2021-05-08T12:00:00+00:00,"UFC Apex, Las Vegas, Nevada, United States",2021-05-08,https://www.sherdog.com/events/UFC-on-ESPN-24-Rodriguez-vs-Waterson-88639,2026-08-19T06:33:21.347233+00:00
88625,UFC on ESPN 23 - Reyes vs. Prochazka,2021-05-01T00:00:00+00:00,"UFC Apex, Las Vegas, Nevada, United States",2021-05-01,https://www.sherdog.com/events/UFC-on-ESPN-23-Reyes-vs-Prochazka-88625,2026-08-19T06:33:21.355191+00:00
88587,UFC 261 - Usman vs. Masvidal 2,2021-04-24T00:00:00+00:00,"VyStar Veterans Memorial Arena, Jacksonville, Florida, United States",2021-04-24,https://www.sherdog.com/events/UFC-261-Usman-vs-Masvidal-2-88587,2026-08-19T06:33:21.364067+00:00
88505,UFC on ESPN 22 - Whittaker vs. Gastelum,2021-04-17T00:00:00+00:00,"UFC Apex, Las Vegas, Nevada, United States",2021-04-17,https://www.sherdog.com/events/UFC-on-ESPN-22-Whittaker-vs-Gastelum-88505,2026-08-19T06:33:21.370900+00:00
88319,UFC on ABC 2 - Vettori vs. Holland,2021-04-10T00:00:00+00:00,"UFC Apex, Las Vegas, Nevada, United States",2021-04-10,https://www.sherdog.com/events/UFC-on-ABC-2-Vettori-vs-Holland-88319,2026-08-19T06:33:21.376507+00:00
88377,UFC 260 - Miocic vs. Ngannou 2,2021-03-27T00:00:00+00:00,"UFC Apex, Las Vegas, Nevada, United States",2021-03-27,https://www.sherdog.com/events/UFC-260-Miocic-vs-Ngannou-2-88377,2026-08-19T06:33:21.383303+00:00
88172,UFC on ESPN 21 - Brunson vs. Holland,2021-03-20T00:00:00+00:00,"UFC Apex, Las Vegas, Nevada, United States",2021-03-20,https://www.sherdog.com/events/UFC-on-ESPN-21-Brunson-vs-Holland-88172,2026-08-19T06:34:17.611172+00:00
88284,UFC Fight Night 187 - Edwards vs. Muhammad,2021-03-13T00:00:00+00:00,"UFC Apex, Las Vegas, Nevada, United States",2021-03-13,https://www.sherdog.com/events/UFC-Fight-Night-187-Edwards-vs-Muhammad-88284,2026-08-19T06:34:17.618365+00:00
88003,UFC 259 - Blachowicz vs. Adesanya,2021-03-06T00:00:00+00:00,"UFC Apex, Las Vegas, Nevada, United States",2021-03-06,https://www.sherdog.com/events/UFC-259-Blachowicz-vs-Adesanya-88003,2026-08-19T06:34:17.628906+00:00
87903,UFC Fight Night 186 - Rozenstruik vs. Gane,2021-02-27T12:00:00+00:00,"UFC Apex, Las Vegas, Nevada, United States",2021-02-27,https://www.sherdog.com/events/UFC-Fight-Night-186-Rozenstruik-vs-Gane-87903,2026-08-19T06:34:17.637174+00:00
113863,UFC 333 - Oct. 24,2026-10-24T00:00:00+00:00,,2026-10-24,https://www.sherdog.com/events/UFC-333-Oct-24-113863,2026-08-19T06:34:17.642078+00:00
113800,UFC Fight Night - Oct. 17,2026-10-17T00:00:00+00:00,,2026-10-17,https://www.sherdog.com/events/UFC-Fight-Night-Oct-17-113800,2026-08-19T06:34:17.642773+00:00
113789,UFC Fight Night 289 - Sept. 26,2026-09-26T00:00:00+00:00,"UFC Apex, Las Vegas, Nevada, United States",2026-09-26,https://www.sherdog.com/events/UFC-Fight-Night-289-Sept-26-113789,2026-08-19T06:34:17.643559+00:00
113633,UFC 331 - Sept. 19,2026-09-19T00:00:00+00:00,"Staples Center, Los Angeles, California, United States",2026-09-19,https://www.sherdog.com/events/UFC-331-Sept-19-113633,2026-08-19T06:34:17.644512+00:00
113632,UFC Fight Night 288 - Noche UFC 4,2026-09-12T00:00:00+00:00,"Desert Diamond Arena, Glendale, Arizona, United States",2026-09-12,https://www.sherdog.com/events/UFC-Fight-Night-288-Noche-UFC-4-113632,2026-08-19T06:34:17.645653+00:00
113189,UFC Fight Night 287 - Hooker vs. Parnasse,2026-09-05T00:00:00+00:00,", Accor Arena, Paris, France",2026-09-05,https://www.sherdog.com/events/UFC-Fight-Night-287-Hooker-vs-Parnasse-113189,2026-08-19T06:34:17.646992+00:00
113007,UFC Fight Night 286 - Nurmagomedov vs. Song,2026-08-29T00:00:00+00:00,", Shanghai Indoor Stadium, Shanghai, China",2026-08-29,https://www.sherdog.com/events/UFC-Fight-Night-286-Nurmagomedov-vs-Song-113007,2026-08-19T06:34:17.649308+00:00
113362,UFC - Road to UFC Season 5: Shanghai Semifinals,2026-08-28T00:00:00+00:00,", Shanghai Indoor Stadium, Shanghai, China",2026-08-28,https://www.sherdog.com/events/UFC-Road-to-UFC-Season-5-Shanghai-Semifinals-113362,2026-08-19T06:34:17.650751+00:00
113260,UFC Fight Night 285 - Hernandez vs. Rodrigues,2026-08-22T00:00:00+00:00,"Golden 1 Center, Sacramento, California, United States",2026-08-22,https://www.sherdog.com/events/UFC-Fight-Night-285-Hernandez-vs-Rodrigues-113260,2026-08-19T06:34:17.654415+00:00
112557,UFC 330 - Makhachev vs. Garry,2026-08-15T00:00:00+00:00,"Xfinity Mobile Arena, Philadelphia, Pennsylvania, United States",2026-08-15,https://www.sherdog.com/events/UFC-330-Makhachev-vs-Garry-112557,2026-08-19T06:34:17.655892+00:00
112957,UFC Fight Night 284 - Gamrot vs. Salkilld,2026-08-08T00:00:00+00:00,"UFC Apex, Las Vegas, Nevada, United States",2026-08-08,https://www.sherdog.com/events/UFC-Fight-Night-284-Gamrot-vs-Salkilld-112957,2026-08-19T06:34:17.657263+00:00
112723,UFC Fight Night 283 - Medic vs. Rodriguez,2026-08-01T00:00:00+00:00,", Belgrade Arena, Belgrade, Serbia",2026-08-01,https://www.sherdog.com/events/UFC-Fight-Night-283-Medic-vs-Rodriguez-112723,2026-08-19T06:34:17.658721+00:00
112908,UFC Fight Night 282 - Ankalaev vs. Guskov,2026-07-25T00:00:00+00:00,"Etihad Arena, Yas Island, Abu Dhabi, United Arab Emirates",2026-07-25,https://www.sherdog.com/events/UFC-Fight-Night-282-Ankalaev-vs-Guskov-112908,2026-08-19T06:34:17.660108+00:00
112601,UFC Fight Night 281 - Du Plessis vs. Usman,2026-07-18T00:00:00+00:00,"Paycom Center, Oklahoma City, Oklahoma, United States",2026-07-18,https://www.sherdog.com/events/UFC-Fight-Night-281-Du-Plessis-vs-Usman-112601,2026-08-19T06:34:17.666989+00:00
111889,UFC 329 - McGregor vs. Holloway 2,2026-07-11T00:00:00+00:00,"T-Mobile Arena, Las Vegas, Nevada, United States",2026-07-11,https://www.sherdog.com/events/UFC-329-McGregor-vs-Holloway-2-111889,2026-08-19T06:34:17.674189+00:00
112205,UFC Fight Night 280 - Fiziev vs. Torres,2026-06-27T00:00:00+00:00,", National Gymnastics Arena, Baku, Azerbaijan",2026-06-27,https://www.sherdog.com/events/UFC-Fight-Night-280-Fiziev-vs-Torres-112205,2026-08-19T06:34:17.681673+00:00
112139,UFC Fight Night 279 - Kape vs. Horiguchi 2,2026-06-20T00:00:00+00:00,"UFC Apex, Las Vegas, Nevada, United States",2026-06-20,https://www.sherdog.com/events/UFC-Fight-Night-279-Kape-vs-Horiguchi-2-112139,2026-08-19T06:34:17.688651+00:00
111990,UFC White House - Freedom 250: Topuria vs. Gaethje,2026-06-14T00:00:00+00:00,"The White House, Washington, D.C., United States",2026-06-14,https://www.sherdog.com/events/UFC-White-House-Freedom-250-Topuria-vs-Gaethje-111990,2026-08-19T06:34:17.695132+00:00
112060,UFC Fight Night 278 - Muhammad vs. Bonfim,2026-06-06T00:00:00+00:00,"UFC Apex, Las Vegas, Nevada, United States",2026-06-06,https://www.sherdog.com/events/UFC-Fight-Night-278-Muhammad-vs-Bonfim-112060,2026-08-19T06:34:17.699407+00:00
111528,UFC Fight Night 277 - Song vs. Figueiredo,2026-05-30T00:00:00+00:00,", Galaxy Arena, Macau, China",2026-05-30,https://www.sherdog.com/events/UFC-Fight-Night-277-Song-vs-Figueiredo-111528,2026-08-19T06:34:17.705944+00:00
112437,UFC - Road to UFC Season 5: Macau Quarterfinals 2,2026-05-29T00:00:00+00:00,", Galaxy Arena, Macau, China",2026-05-29,https://www.sherdog.com/events/UFC-Road-to-UFC-Season-5-Macau-Quarterfinals-2-112437,2026-08-19T06:34:17.712738+00:00
112436,UFC - Road to UFC Season 5: Macau Quarterfinals 1,2026-05-28T00:00:00+00:00,", Galaxy Arena, Macau, China",2026-05-28,https://www.sherdog.com/events/UFC-Road-to-UFC-Season-5-Macau-Quarterfinals-1-112436,2026-08-19T06:34:17.718213+00:00
111865,UFC Fight Night 276 - Allen vs. Costa,2026-05-16T00:00:00+00:00,"UFC Apex, Las Vegas, Nevada, United States",2026-05-16,https://www.sherdog.com/events/UFC-Fight-Night-276-Allen-vs-Costa-111865,2026-08-19T06:34:17.723795+00:00
111957,UFC 328 - Chimaev vs. Strickland,2026-05-09T00:00:00+00:00,"Prudential Center, Newark, New Jersey, United States",2026-05-09,https://www.sherdog.com/events/UFC-328-Chimaev-vs-Strickland-111957,2026-08-19T06:34:17.730780+00:00
111890,UFC Fight Night 275 - Della Maddalena vs. Prates,2026-05-02T00:00:00+00:00,"RAC Arena, Perth, Western Australia, Australia",2026-05-02,https://www.sherdog.com/events/UFC-Fight-Night-275-Della-Maddalena-vs-Prates-111890,2026-08-19T06:34:17.741981+00:00
111715,UFC Fight Night 274 - Sterling vs. Zalal,2026-04-25T00:00:00+00:00,"UFC Apex, Las Vegas, Nevada, United States",2026-04-25,https://www.sherdog.com/events/UFC-Fight-Night-274-Sterling-vs-Zalal-111715,2026-08-19T06:34:17.752722+00:00
111672,UFC Fight Night 273 - Burns vs. Malott,2026-04-18T00:00:00+00:00,"Canada Life Centre, Winnipeg, Manitoba, Canada",2026-04-18,https://www.sherdog.com/events/UFC-Fight-Night-273-Burns-vs-Malott-111672,2026-08-19T06:34:17.759865+00:00
111135,UFC 327 - Prochazka vs. Ulberg,2026-04-11T00:00:00+00:00,"Kaseya Center, Miami, Florida, United States",2026-04-11,https://www.sherdog.com/events/UFC-327-Prochazka-vs-Ulberg-111135,2026-08-19T06:34:17.766530+00:00
111271,UFC Fight Night 272 - Moicano vs. Duncan,2026-04-04T00:00:00+00:00,"UFC Apex, Las Vegas, Nevada, United States",2026-04-04,https://www.sherdog.com/events/UFC-Fight-Night-272-Moicano-vs-Duncan-111271,2026-08-19T06:34:17.777299+00:00
110786,UFC Fight Night 271 - Adesanya vs. Pyfer,2026-03-28T00:00:00+00:00,"Climate Pledge Arena, Seattle, Washington, United States",2026-03-28,https://www.sherdog.com/events/UFC-Fight-Night-271-Adesanya-vs-Pyfer-110786,2026-08-19T06:34:17.784235+00:00
110783,UFC Fight Night 270 - Evloev vs. Murphy,2026-03-21T00:00:00+00:00,"O2 Arena, London, Greater London, England",2026-03-21,https://www.sherdog.com/events/UFC-Fight-Night-270-Evloev-vs-Murphy-110783,2026-08-19T06:34:17.791223+00:00
110785,UFC Fight Night 269 - Emmett vs. Vallejos,2026-03-14T00:00:00+00:00,"UFC Apex, Las Vegas, Nevada, United States",2026-03-14,https://www.sherdog.com/events/UFC-Fight-Night-269-Emmett-vs-Vallejos-110785,2026-08-19T06:34:17.798235+00:00
110782,UFC 326 - Holloway vs. Oliveira 2,2026-03-07T00:00:00+00:00,"T-Mobile Arena, Las Vegas, Nevada, United States",2026-03-07,https://www.sherdog.com/events/UFC-326-Holloway-vs-Oliveira-2-110782,2026-08-19T06:34:17.805962+00:00
110750,UFC Fight Night 268 - Moreno vs. Kavanagh,2026-02-28T00:00:00+00:00,"Arena CDMX, Mexico City, Federal District, Mexico",2026-02-28,https://www.sherdog.com/events/UFC-Fight-Night-268-Moreno-vs-Kavanagh-110750,2026-08-19T06:34:17.812503+00:00
110784,UFC Fight Night 267 - Strickland vs. Hernandez,2026-02-21T00:00:00+00:00,"Toyota Center, Houston, Texas, United States",2026-02-21,https://www.sherdog.com/events/UFC-Fight-Night-267-Strickland-vs-Hernandez-110784,2026-08-19T06:34:17.819442+00:00
110753,UFC Fight Night 266 - Bautista vs. Oliveira,2026-02-07T00:00:00+00:00,"UFC Apex, Las Vegas, Nevada, United States",2026-02-07,https://www.sherdog.com/events/UFC-Fight-Night-266-Bautista-vs-Oliveira-110753,2026-08-19T06:34:17.827210+00:00
110692,UFC 325 - Volkanovski vs. Lopes 2,2026-01-31T00:00:00+00:00,"Qudos Bank Arena, Sydney, New South Wales, Australia",2026-01-31,https://www.sherdog.com/events/UFC-325-Volkanovski-vs-Lopes-2-110692,2026-08-19T06:34:17.834267+00:00
110614,UFC 324 - Gaethje vs. Pimblett,2026-01-24T00:00:00+00:00,"T-Mobile Arena, Las Vegas, Nevada, United States",2026-01-24,https://www.sherdog.com/events/UFC-324-Gaethje-vs-Pimblett-110614,2026-08-19T06:34:17.841179+00:00
109507,UFC on ESPN 73 - Royval vs. Kape,2025-12-13T00:00:00+00:00,"UFC Apex, Las Vegas, Nevada, United States",2025-12-13,https://www.sherdog.com/events/UFC-on-ESPN-73-Royval-vs-Kape-109507,2026-08-19T06:34:17.847314+00:00
109392,UFC 323 - Dvalishvili vs. Yan 2,2025-12-06T00:00:00+00:00,"T-Mobile Arena, Las Vegas, Nevada, United States",2025-12-06,https://www.sherdog.com/events/UFC-323-Dvalishvili-vs-Yan-2-109392,2026-08-19T06:34:17.853877+00:00
108826,UFC Fight Night 265 - Tsarukyan vs. Hooker,2025-11-22T00:00:00+00:00,", ABHA Arena, Doha, Qatar",2025-11-22,https://www.sherdog.com/events/UFC-Fight-Night-265-Tsarukyan-vs-Hooker-108826,2026-08-19T06:34:17.861318+00:00
109394,UFC 322 - Della Maddalena vs. Makhachev,2025-11-15T00:00:00+00:00,"Madison Square Garden, New York City, New York, United States",2025-11-15,https://www.sherdog.com/events/UFC-322-Della-Maddalena-vs-Makhachev-109394,2026-08-19T06:34:17.868803+00:00
109395,UFC Fight Night 264 - Bonfim vs. Brown,2025-11-08T00:00:00+00:00,"UFC Apex, Las Vegas, Nevada, United States",2025-11-08,https://www.sherdog.com/events/UFC-Fight-Night-264-Bonfim-vs-Brown-109395,2026-08-19T06:34:17.876227+00:00
109254,UFC Fight Night 263 - Garcia vs. Onama,2025-11-01T00:00:00+00:00,"UFC Apex, Las Vegas, Nevada, United States",2025-11-01,https://www.sherdog.com/events/UFC-Fight-Night-263-Garcia-vs-Onama-109254,2026-08-19T06:34:17.882689+00:00
108759,UFC 321 - Aspinall vs. Gane,2025-10-25T00:00:00+00:00,"Etihad Arena, Yas Island, Abu Dhabi, United Arab Emirates",2025-10-25,https://www.sherdog.com/events/UFC-321-Aspinall-vs-Gane-108759,2026-08-19T06:34:17.889806+00:00
108437,UFC Fight Night 262 - De Ridder vs. Allen,2025-10-18T00:00:00+00:00,"Rogers Arena, Vancouver, British Columbia, Canada",2025-10-18,https://www.sherdog.com/events/UFC-Fight-Night-262-De-Ridder-vs-Allen-108437,2026-08-19T06:34:17.896786+00:00
108929,UFC Fight Night 261 - Oliveira vs. Gamrot,2025-10-11T00:00:00+00:00,"Farmasi Arena, Rio de Janeiro, Rio de Janeiro, Brazil",2025-10-11,https://www.sherdog.com/events/UFC-Fight-Night-261-Oliveira-vs-Gamrot-108929,2026-08-19T06:34:24.212671+00:00
108436,UFC 320 - Ankalaev vs. Pereira 2,2025-10-04T00:00:00+00:00,"T-Mobile Arena, Las Vegas, Nevada, United States",2025-10-04,https://www.sherdog.com/events/UFC-320-Ankalaev-vs-Pereira-2-108436,2026-08-19T06:34:24.219387+00:00
108827,UFC Fight Night 260 - Ulberg vs. Reyes,2025-09-27T00:00:00+00:00,"RAC Arena, Perth, Western Australia, Australia",2025-09-27,https://www.sherdog.com/events/UFC-Fight-Night-260-Ulberg-vs-Reyes-108827,2026-08-19T06:34:24.227108+00:00
107492,UFC Fight Night 259 - Noche UFC: Lopes vs. Silva,2025-09-13T00:00:00+00:00,"Frost Bank Center, San Antonio, Texas, United States",2025-09-13,https://www.sherdog.com/events/UFC-Fight-Night-259-Noche-UFC-Lopes-vs-Silva-107492,2026-08-19T06:34:24.236065+00:00
108359,UFC Fight Night 258 - Imavov vs. Borralho,2025-09-06T00:00:00+00:00,", Accor Arena, Paris, France",2025-09-06,https://www.sherdog.com/events/UFC-Fight-Night-258-Imavov-vs-Borralho-108359,2026-08-19T06:34:24.243586+00:00
108195,UFC Fight Night 257 - Walker vs. Zhang,2025-08-23T00:00:00+00:00,", Shanghai Indoor Stadium, Shanghai, China",2025-08-23,https://www.sherdog.com/events/UFC-Fight-Night-257-Walker-vs-Zhang-108195,2026-08-19T06:34:24.250521+00:00
109246,UFC - Road to UFC Season 4: Shanghai Semifinals 2,2025-08-22T05:00:00+00:00,", Shanghai Indoor Stadium, Shanghai, China",2025-08-22,https://www.sherdog.com/events/UFC-Road-to-UFC-Season-4-Shanghai-Semifinals-2-109246,2026-08-19T06:34:24.256784+00:00
108193,UFC - Road to UFC Season 4: Shanghai Semifinals 1,2025-08-22T03:00:00+00:00,", Shanghai Indoor Stadium, Shanghai, China",2025-08-22,https://www.sherdog.com/events/UFC-Road-to-UFC-Season-4-Shanghai-Semifinals-1-108193,2026-08-19T06:34:24.260243+00:00
108116,UFC 319 - Du Plessis vs. Chimaev,2025-08-16T00:00:00+00:00,"United Center, Chicago, Illinois, United States",2025-08-16,https://www.sherdog.com/events/UFC-319-Du-Plessis-vs-Chimaev-108116,2026-08-19T06:34:24.263649+00:00
108028,UFC on ESPN 72 - Dolidze vs. Hernandez,2025-08-09T00:00:00+00:00,"UFC Apex, Las Vegas, Nevada, United States",2025-08-09,https://www.sherdog.com/events/UFC-on-ESPN-72-Dolidze-vs-Hernandez-108028,2026-08-19T06:34:24.270132+00:00
108019,UFC on ESPN 71 - Taira vs. Park,2025-08-02T00:00:00+00:00,"UFC Apex, Las Vegas, Nevada, United States",2025-08-02,https://www.sherdog.com/events/UFC-on-ESPN-71-Taira-vs-Park-108019,2026-08-19T06:34:24.279590+00:00
107385,UFC on ABC 9 - Whittaker vs. de Ridder,2025-07-26T00:00:00+00:00,"Etihad Arena, Yas Island, Abu Dhabi, United Arab Emirates",2025-07-26,https://www.sherdog.com/events/UFC-on-ABC-9-Whittaker-vs-de-Ridder-107385,2026-08-19T06:34:24.286036+00:00
107850,UFC 318 - Holloway vs. Poirier 3,2025-07-19T00:00:00+00:00,"Smoothie King Center, New Orleans, Louisiana, United States",2025-07-19,https://www.sherdog.com/events/UFC-318-Holloway-vs-Poirier-3-107850,2026-08-19T06:34:24.292677+00:00
107548,UFC on ESPN 70 - Lewis vs. Teixeira,2025-07-12T00:00:00+00:00,"Bridgestone Arena, Nashville, Tennessee, United States",2025-07-12,https://www.sherdog.com/events/UFC-on-ESPN-70-Lewis-vs-Teixeira-107548,2026-08-19T06:34:24.300037+00:00
107211,UFC 317 - Topuria vs. Oliveira,2025-06-28T00:00:00+00:00,"T-Mobile Arena, Las Vegas, Nevada, United States",2025-06-28,https://www.sherdog.com/events/UFC-317-Topuria-vs-Oliveira-107211,2026-08-19T06:34:24.308774+00:00
107376,UFC on ABC 8 - Hill vs. Rountree,2025-06-21T00:00:00+00:00,", Baku Crystal Hall, Baku, Azerbaijan",2025-06-21,https://www.sherdog.com/events/UFC-on-ABC-8-Hill-vs-Rountree-107376,2026-08-19T06:34:24.314823+00:00
107390,UFC on ESPN 69 - Usman vs. Buckley,2025-06-14T00:00:00+00:00,"State Farm Arena, Atlanta, Georgia, United States",2025-06-14,https://www.sherdog.com/events/UFC-on-ESPN-69-Usman-vs-Buckley-107390,2026-08-19T06:34:24.321622+00:00
107105,UFC 316 - Dvalishvili vs. O'Malley 2,2025-06-07T00:00:00+00:00,"Prudential Center, Newark, New Jersey, United States",2025-06-07,https://www.sherdog.com/events/UFC-316-Dvalishvili-vs-OMalley-2-107105,2026-08-19T06:34:24.328608+00:00
106885,UFC on ESPN 68 - Blanchfield vs. Barber,2025-05-31T00:00:00+00:00,"UFC Apex, Las Vegas, Nevada, United States",2025-05-31,https://www.sherdog.com/events/UFC-on-ESPN-68-Blanchfield-vs-Barber-106885,2026-08-19T06:34:24.335457+00:00
107462,UFC - Road to UFC Season 4: Shanghai Quarterfinals 4,2025-05-23T06:00:00+00:00,", UFC Performance Institute, Shanghai, China",2025-05-23,https://www.sherdog.com/events/UFC-Road-to-UFC-Season-4-Shanghai-Quarterfinals-4-107462,2026-08-19T06:34:24.340261+00:00
107461,UFC - Road to UFC Season 4: Shanghai Quarterfinals 3,2025-05-23T04:00:00+00:00,", UFC Performance Institute, Shanghai, China",2025-05-23,https://www.sherdog.com/events/UFC-Road-to-UFC-Season-4-Shanghai-Quarterfinals-3-107461,2026-08-19T06:35:27.957774+00:00
107456,UFC - Road to UFC Season 4: Shanghai Quarterfinals 2,2025-05-22T06:00:00+00:00,", UFC Performance Institute, Shanghai, China",2025-05-22,https://www.sherdog.com/events/UFC-Road-to-UFC-Season-4-Shanghai-Quarterfinals-2-107456,2026-08-19T06:35:27.962745+00:00
107457,UFC - Road to UFC Season 4: Shanghai Quarterfinals 1,2025-05-22T04:00:00+00:00,", UFC Performance Institute, Shanghai, China",2025-05-22,https://www.sherdog.com/events/UFC-Road-to-UFC-Season-4-Shanghai-Quarterfinals-1-107457,2026-08-19T06:35:27.966602+00:00
107121,UFC Fight Night 256 - Burns vs. Morales,2025-05-17T00:00:00+00:00,"UFC Apex, Las Vegas, Nevada, United States",2025-05-17,https://www.sherdog.com/events/UFC-Fight-Night-256-Burns-vs-Morales-107121,2026-08-19T06:35:27.971195+00:00
106942,UFC 315 - Muhammad vs. Della Maddalena,2025-05-10T00:00:00+00:00,"Bell Centre, Montreal, Quebec, Canada",2025-05-10,https://www.sherdog.com/events/UFC-315-Muhammad-vs-Della-Maddalena-106942,2026-08-19T06:35:27.978809+00:00
106884,UFC on ESPN 67 - Sandhagen vs. Figueiredo,2025-05-03T00:00:00+00:00,"Wells Fargo Arena, Des Moines, Iowa, United States",2025-05-03,https://www.sherdog.com/events/UFC-on-ESPN-67-Sandhagen-vs-Figueiredo-106884,2026-08-19T06:35:27.985724+00:00
106862,UFC on ESPN 66 - Garry vs. Prates,2025-04-26T00:00:00+00:00,"T-Mobile Center, Kansas City, Missouri, United States",2025-04-26,https://www.sherdog.com/events/UFC-on-ESPN-66-Garry-vs-Prates-106862,2026-08-19T06:35:27.992486+00:00
106606,UFC 314 - Volkanovski vs. Lopes,2025-04-12T00:00:00+00:00,"Kaseya Center, Miami, Florida, United States",2025-04-12,https://www.sherdog.com/events/UFC-314-Volkanovski-vs-Lopes-106606,2026-08-19T06:35:28.000140+00:00
106343,UFC on ESPN 65 - Emmett vs. Murphy,2025-04-05T00:00:00+00:00,"UFC Apex, Las Vegas, Nevada, United States",2025-04-05,https://www.sherdog.com/events/UFC-on-ESPN-65-Emmett-vs-Murphy-106343,2026-08-19T06:35:28.011853+00:00
105790,UFC on ESPN 64 - Moreno vs. Erceg,2025-03-29T00:00:00+00:00,"Arena CDMX, Mexico City, Mexico City, Mexico",2025-03-29,https://www.sherdog.com/events/UFC-on-ESPN-64-Moreno-vs-Erceg-105790,2026-08-19T06:35:28.018677+00:00
105670,UFC Fight Night 255 - Edwards vs. Brady,2025-03-22T00:00:00+00:00,"O2 Arena, London, Greater London, England",2025-03-22,https://www.sherdog.com/events/UFC-Fight-Night-255-Edwards-vs-Brady-105670,2026-08-19T06:35:28.025323+00:00
105789,UFC Fight Night 254 - Vettori vs. Dolidze 2,2025-03-15T00:00:00+00:00,"UFC Apex, Las Vegas, Nevada, United States",2025-03-15,https://www.sherdog.com/events/UFC-Fight-Night-254-Vettori-vs-Dolidze-2-105789,2026-08-19T06:35:28.032405+00:00
105788,UFC 313 - Pereira vs. Ankalaev,2025-03-08T00:00:00+00:00,"T-Mobile Arena, Las Vegas, Nevada, United States",2025-03-08,https://www.sherdog.com/events/UFC-313-Pereira-vs-Ankalaev-105788,2026-08-19T06:35:28.039341+00:00
105575,UFC Fight Night 253 - Kape vs. Almabayev,2025-03-01T00:00:00+00:00,"UFC Apex, Las Vegas, Nevada, United States",2025-03-01,https://www.sherdog.com/events/UFC-Fight-Night-253-Kape-vs-Almabayev-105575,2026-08-19T06:35:28.050052+00:00
105576,UFC Fight Night 252 - Cejudo vs. Song,2025-02-22T00:00:00+00:00,"Climate Pledge Arena, Seattle, Washington, United States",2025-02-22,https://www.sherdog.com/events/UFC-Fight-Night-252-Cejudo-vs-Song-105576,2026-08-19T06:35:28.055705+00:00
105577,UFC Fight Night 251 - Cannonier vs. Rodrigues,2025-02-15T00:00:00+00:00,"UFC Apex, Las Vegas, Nevada, United States",2025-02-15,https://www.sherdog.com/events/UFC-Fight-Night-251-Cannonier-vs-Rodrigues-105577,2026-08-19T06:35:28.062251+00:00
105092,UFC 312 - Du Plessis vs. Strickland 2,2025-02-08T00:00:00+00:00,"Qudos Bank Arena, Sydney, New South Wales, Australia",2025-02-08,https://www.sherdog.com/events/UFC-312-Du-Plessis-vs-Strickland-2-105092,2026-08-19T06:35:28.068910+00:00
105177,UFC Fight Night 250 - Adesanya vs. Imavov,2025-02-01T00:00:00+00:00,", anb Arena, Riyadh, Saudi Arabia",2025-02-01,https://www.sherdog.com/events/UFC-Fight-Night-250-Adesanya-vs-Imavov-105177,2026-08-19T06:35:28.075441+00:00
104927,UFC 311 - Makhachev vs. Moicano,2025-01-18T00:00:00+00:00,"Intuit Dome, Inglewood, California, United States",2025-01-18,https://www.sherdog.com/events/UFC-311-Makhachev-vs-Moicano-104927,2026-08-19T06:35:28.081621+00:00
104817,UFC Fight Night 249 - Dern vs. Ribas 2,2025-01-11T00:00:00+00:00,"UFC Apex, Las Vegas, Nevada, United States",2025-01-11,https://www.sherdog.com/events/UFC-Fight-Night-249-Dern-vs-Ribas-2-104817,2026-08-19T06:35:28.088677+00:00
104113,UFC on ESPN 63 - Covington vs. Buckley,2024-12-14T00:00:00+00:00,"Amalie Arena, Tampa, Florida, United States",2024-12-14,https://www.sherdog.com/events/UFC-on-ESPN-63-Covington-vs-Buckley-104113,2026-08-19T06:35:28.096104+00:00
103714,UFC 310 - Pantoja vs. Asakura,2024-12-07T00:00:00+00:00,"T-Mobile Arena, Las Vegas, Nevada, United States",2024-12-07,https://www.sherdog.com/events/UFC-310-Pantoja-vs-Asakura-103714,2026-08-19T06:35:28.103096+00:00
104112,UFC Fight Night 248 - Yan vs. Figueiredo,2024-11-23T00:00:00+00:00,", Galaxy Arena, Macau, China",2024-11-23,https://www.sherdog.com/events/UFC-Fight-Night-248-Yan-vs-Figueiredo-104112,2026-08-19T06:35:28.110457+00:00
103896,UFC 309 - Jones vs. Miocic,2024-11-16T00:00:00+00:00,"Madison Square Garden, New York, New York, United States",2024-11-16,https://www.sherdog.com/events/UFC-309-Jones-vs-Miocic-103896,2026-08-19T06:35:28.117879+00:00
103893,UFC Fight Night 247 - Magny vs. Prates,2024-11-09T00:00:00+00:00,"UFC Apex, Las Vegas, Nevada, United States",2024-11-09,https://www.sherdog.com/events/UFC-Fight-Night-247-Magny-vs-Prates-103893,2026-08-19T06:35:28.166851+00:00
103864,UFC Fight Night 246 - Moreno vs. Albazi,2024-11-02T00:00:00+00:00,"Rogers Place, Edmonton, Alberta, Canada",2024-11-02,https://www.sherdog.com/events/UFC-Fight-Night-246-Moreno-vs-Albazi-103864,2026-08-19T06:35:28.173356+00:00
102482,UFC 308 - Topuria vs. Holloway,2024-10-26T00:00:00+00:00,"Etihad Arena, Yas Island, Abu Dhabi, United Arab Emirates",2024-10-26,https://www.sherdog.com/events/UFC-308-Topuria-vs-Holloway-102482,2026-08-19T06:35:28.180618+00:00
103837,UFC Fight Night 245 - Hernandez vs. Pereira,2024-10-19T00:00:00+00:00,"UFC Apex, Las Vegas, Nevada, United States",2024-10-19,https://www.sherdog.com/events/UFC-Fight-Night-245-Hernandez-vs-Pereira-103837,2026-08-19T06:35:28.187587+00:00
103715,UFC Fight Night 244 - Royval vs. Taira,2024-10-12T00:00:00+00:00,"UFC Apex, Las Vegas, Nevada, United States",2024-10-12,https://www.sherdog.com/events/UFC-Fight-Night-244-Royval-vs-Taira-103715,2026-08-19T06:35:28.193688+00:00
103193,UFC 307 - Pereira vs. Rountree,2024-10-05T00:00:00+00:00,"Delta Center, Salt Lake City, Utah, United States",2024-10-05,https://www.sherdog.com/events/UFC-307-Pereira-vs-Rountree-103193,2026-08-19T06:35:28.200219+00:00
102194,UFC Fight Night 243 - Moicano vs. St. Denis,2024-09-28T00:00:00+00:00,", Accor Arena, Paris, France",2024-09-28,https://www.sherdog.com/events/UFC-Fight-Night-243-Moicano-vs-St-Denis-102194,2026-08-19T06:35:28.206879+00:00
100837,UFC 306 - Noche UFC: O'Malley vs. Dvalishvili,2024-09-14T00:00:00+00:00,"The Sphere, Las Vegas, Nevada, United States",2024-09-14,https://www.sherdog.com/events/UFC-306-Noche-UFC-OMalley-vs-Dvalishvili-100837,2026-08-19T06:35:28.214208+00:00
103192,UFC Fight Night 242 - Burns vs. Brady,2024-09-07T00:00:00+00:00,"UFC Apex, Las Vegas, Nevada, United States",2024-09-07,https://www.sherdog.com/events/UFC-Fight-Night-242-Burns-vs-Brady-103192,2026-08-19T06:35:28.219777+00:00
103286,UFC on ESPN 62 - Cannonier vs. Borralho,2024-08-24T00:00:00+00:00,"UFC Apex, Las Vegas, Nevada, United States",2024-08-24,https://www.sherdog.com/events/UFC-on-ESPN-62-Cannonier-vs-Borralho-103286,2026-08-19T06:35:28.226252+00:00
103685,UFC - Road to UFC Season 3: Las Vegas Semifinals 2,2024-08-23T20:00:00+00:00,"UFC Apex, Las Vegas, Nevada, United States",2024-08-23,https://www.sherdog.com/events/UFC-Road-to-UFC-Season-3-Las-Vegas-Semifinals-2-103685,2026-08-19T06:35:28.232018+00:00
103684,UFC - Road to UFC Season 3: Las Vegas Semifinals 1,2024-08-23T18:00:00+00:00,"UFC Apex, Las Vegas, Nevada, United States",2024-08-23,https://www.sherdog.com/events/UFC-Road-to-UFC-Season-3-Las-Vegas-Semifinals-1-103684,2026-08-19T06:35:28.245783+00:00
102302,UFC 305 - Du Plessis vs. Adesanya,2024-08-17T00:00:00+00:00,"RAC Arena, Perth, Western Australia, Australia",2024-08-17,https://www.sherdog.com/events/UFC-305-Du-Plessis-vs-Adesanya-102302,2026-08-19T06:35:28.249217+00:00
102682,UFC on ESPN 61 - Tybura vs. Spivac 2,2024-08-10T00:00:00+00:00,"UFC Apex, Las Vegas, Nevada, United States",2024-08-10,https://www.sherdog.com/events/UFC-on-ESPN-61-Tybura-vs-Spivac-2-102682,2026-08-19T06:35:28.255795+00:00
101959,UFC on ABC 7 - Sandhagen vs. Nurmagomedov,2024-08-03T00:00:00+00:00,", Etihad Arena, Abu Dhabi, United Arab Emirates",2024-08-03,https://www.sherdog.com/events/UFC-on-ABC-7-Sandhagen-vs-Nurmagomedov-101959,2026-08-19T06:35:28.266543+00:00
102683,UFC 304 - Edwards vs. Muhammad 2,2024-07-27T00:00:00+00:00,"Co-op Live, Manchester, Greater Manchester, England",2024-07-27,https://www.sherdog.com/events/UFC-304-Edwards-vs-Muhammad-2-102683,2026-08-19T06:35:28.273508+00:00
102684,UFC on ESPN 60 - Lemos vs. Jandiroba,2024-07-20T00:00:00+00:00,"UFC Apex, Las Vegas, Nevada, United States",2024-07-20,https://www.sherdog.com/events/UFC-on-ESPN-60-Lemos-vs-Jandiroba-102684,2026-08-19T06:35:28.280953+00:00
102307,UFC on ESPN 59 - Namajunas vs. Cortez,2024-07-13T00:00:00+00:00,"Ball Arena, Denver, Colorado, United States",2024-07-13,https://www.sherdog.com/events/UFC-on-ESPN-59-Namajunas-vs-Cortez-102307,2026-08-19T06:35:28.286995+00:00
101573,UFC 303 - Pereira vs. Prochazka 2,2024-06-29T00:00:00+00:00,"T-Mobile Arena, Las Vegas, Nevada, United States",2024-06-29,https://www.sherdog.com/events/UFC-303-Pereira-vs-Prochazka-2-101573,2026-08-19T06:35:28.293515+00:00
101352,UFC on ABC 6 - Whittaker vs. Aliskerov,2024-06-22T00:00:00+00:00,", Kingdom Arena, Riyadh, Saudi Arabia",2024-06-22,https://www.sherdog.com/events/UFC-on-ABC-6-Whittaker-vs-Aliskerov-101352,2026-08-19T06:35:28.300364+00:00
102196,UFC on ESPN 58 - Perez vs. Taira,2024-06-15T00:00:00+00:00,"UFC Apex, Las Vegas, Nevada, United States",2024-06-15,https://www.sherdog.com/events/UFC-on-ESPN-58-Perez-vs-Taira-102196,2026-08-19T06:35:28.306348+00:00
102220,UFC on ESPN 57 - Cannonier vs. Imavov,2024-06-08T00:00:00+00:00,"KFC Yum! Center, Louisville, Kentucky, United States",2024-06-08,https://www.sherdog.com/events/UFC-on-ESPN-57-Cannonier-vs-Imavov-102220,2026-08-19T06:35:28.312404+00:00
101617,UFC 302 - Makhachev vs. Poirier,2024-06-01T00:00:00+00:00,"Prudential Center, Newark, New Jersey, United States",2024-06-01,https://www.sherdog.com/events/UFC-302-Makhachev-vs-Poirier-101617,2026-08-19T06:35:28.319845+00:00
102630,UFC - Road to UFC Season 3: Shanghai Quarterfinals 4,2024-05-19T05:00:00+00:00,", UFC Performance Institute, Shanghai, China",2024-05-19,https://www.sherdog.com/events/UFC-Road-to-UFC-Season-3-Shanghai-Quarterfinals-4-102630,2026-08-19T06:35:28.325967+00:00
102629,UFC - Road to UFC Season 3: Shanghai Quarterfinals 3,2024-05-19T03:00:00+00:00,", UFC Performance Institute, Shanghai, China",2024-05-19,https://www.sherdog.com/events/UFC-Road-to-UFC-Season-3-Shanghai-Quarterfinals-3-102629,2026-08-19T06:35:28.328556+00:00
101602,UFC Fight Night 241 - Barboza vs. Murphy,2024-05-18T13:00:00+00:00,"UFC Apex, Las Vegas, Nevada, United States",2024-05-18,https://www.sherdog.com/events/UFC-Fight-Night-241-Barboza-vs-Murphy-101602,2026-08-19T06:35:28.331875+00:00
102628,UFC - Road to UFC Season 3: Shanghai Quarterfinals 2,2024-05-18T05:00:00+00:00,", UFC Performance Institute, Shanghai, China",2024-05-18,https://www.sherdog.com/events/UFC-Road-to-UFC-Season-3-Shanghai-Quarterfinals-2-102628,2026-08-19T06:35:33.075287+00:00
102627,UFC - Road to UFC Season 3: Shanghai Quarterfinals 1,2024-05-18T03:00:00+00:00,", UFC Performance Institute, Shanghai, China",2024-05-18,https://www.sherdog.com/events/UFC-Road-to-UFC-Season-3-Shanghai-Quarterfinals-1-102627,2026-08-19T06:35:33.078756+00:00
101616,UFC on ESPN 56 - Lewis vs. Nascimento,2024-05-11T00:00:00+00:00,"Enterprise Center, St. Louis, Missouri, United States",2024-05-11,https://www.sherdog.com/events/UFC-on-ESPN-56-Lewis-vs-Nascimento-101616,2026-08-19T06:35:33.082538+00:00
101242,UFC 301 - Pantoja vs. Erceg,2024-05-04T00:00:00+00:00,"Farmasi Arena, Rio de Janeiro, Rio de Janeiro, Brazil",2024-05-04,https://www.sherdog.com/events/UFC-301-Pantoja-vs-Erceg-101242,2026-08-19T06:35:33.090585+00:00
101241,UFC on ESPN 55 - Nicolau vs. Perez,2024-04-27T00:00:00+00:00,"UFC Apex, Las Vegas, Nevada, United States",2024-04-27,https://www.sherdog.com/events/UFC-on-ESPN-55-Nicolau-vs-Perez-101241,2026-08-19T06:35:33.097837+00:00
100836,UFC 300 - Pereira vs. Hill,2024-04-13T00:00:00+00:00,"T-Mobile Arena, Las Vegas, Nevada, United States",2024-04-13,https://www.sherdog.com/events/UFC-300-Pereira-vs-Hill-100836,2026-08-19T06:35:33.104976+00:00
100903,UFC Fight Night 240 - Allen vs. Curtis 2,2024-04-06T00:00:00+00:00,"UFC Apex, Las Vegas, Nevada, United States",2024-04-06,https://www.sherdog.com/events/UFC-Fight-Night-240-Allen-vs-Curtis-2-100903,2026-08-19T06:35:33.112117+00:00
100718,UFC on ESPN 54 - Blanchfield vs. Fiorot,2024-03-30T00:00:00+00:00,"Boardwalk Hall, Atlantic City, New Jersey, United States",2024-03-30,https://www.sherdog.com/events/UFC-on-ESPN-54-Blanchfield-vs-Fiorot-100718,2026-08-19T06:35:33.119070+00:00
100735,UFC on ESPN 53 - Ribas vs. Namajunas,2024-03-23T00:00:00+00:00,"UFC Apex, Las Vegas, Nevada, United States",2024-03-23,https://www.sherdog.com/events/UFC-on-ESPN-53-Ribas-vs-Namajunas-100735,2026-08-19T06:35:33.129012+00:00
100734,UFC Fight Night 239 - Tuivasa vs. Tybura,2024-03-16T00:00:00+00:00,"UFC Apex, Las Vegas, Nevada, United States",2024-03-16,https://www.sherdog.com/events/UFC-Fight-Night-239-Tuivasa-vs-Tybura-100734,2026-08-19T06:35:33.136112+00:00
100287,UFC 299 - O'Malley vs. Vera 2,2024-03-09T00:00:00+00:00,"Kaseya Center, Miami, Florida, United States",2024-03-09,https://www.sherdog.com/events/UFC-299-OMalley-vs-Vera-2-100287,2026-08-19T06:35:33.143300+00:00
100072,UFC Fight Night 238 - Rozenstruik vs. Gaziev,2024-03-02T00:00:00+00:00,"UFC Apex, Las Vegas, Nevada, United States",2024-03-02,https://www.sherdog.com/events/UFC-Fight-Night-238-Rozenstruik-vs-Gaziev-100072,2026-08-19T06:35:33.150806+00:00
100468,UFC Fight Night 237 - Moreno vs. Royval 2,2024-02-24T00:00:00+00:00,"Mexico City Arena, Mexico City, Federal District, Mexico",2024-02-24,https://www.sherdog.com/events/UFC-Fight-Night-237-Moreno-vs-Royval-2-100468,2026-08-19T06:35:33.156963+00:00
100286,UFC 298 - Volkanovski vs. Topuria,2024-02-17T00:00:00+00:00,"Honda Center, Anaheim, California, United States",2024-02-17,https://www.sherdog.com/events/UFC-298-Volkanovski-vs-Topuria-100286,2026-08-19T06:35:33.163567+00:00
100402,UFC Fight Night 236 - Hermansson vs. Pyfer,2024-02-10T00:00:00+00:00,"UFC Apex, Las Vegas, Nevada, United States",2024-02-10,https://www.sherdog.com/events/UFC-Fight-Night-236-Hermansson-vs-Pyfer-100402,2026-08-19T06:35:33.176716+00:00
100833,UFC - Road to UFC Season 2: Las Vegas Finals,2024-02-03T00:00:00+00:00,"UFC Apex, Las Vegas, Nevada, United States",2024-02-03,https://www.sherdog.com/events/UFC-Road-to-UFC-Season-2-Las-Vegas-Finals-100833,2026-08-19T06:35:33.183868+00:00
100145,UFC Fight Night 235 - Dolidze vs. Imavov,2024-02-03T00:00:00+00:00,"UFC Apex, Las Vegas, Nevada, United States",2024-02-03,https://www.sherdog.com/events/UFC-Fight-Night-235-Dolidze-vs-Imavov-100145,2026-08-19T06:35:33.186567+00:00
99740,UFC 297 - Strickland vs. Du Plessis,2024-01-20T00:00:00+00:00,"Scotiabank Arena, Toronto, Ontario, Canada",2024-01-20,https://www.sherdog.com/events/UFC-297-Strickland-vs-Du-Plessis-99740,2026-08-19T06:35:33.193562+00:00
99605,UFC Fight Night 234 - Ankalaev vs. Walker 2,2024-01-13T00:00:00+00:00,"UFC Apex, Las Vegas, Nevada, United States",2024-01-13,https://www.sherdog.com/events/UFC-Fight-Night-234-Ankalaev-vs-Walker-2-99605,2026-08-19T06:35:33.200165+00:00
98050,UFC 296 - Edwards vs. Covington,2023-12-16T00:00:00+00:00,"T-Mobile Arena, Las Vegas, Nevada, United States",2023-12-16,https://www.sherdog.com/events/UFC-296-Edwards-vs-Covington-98050,2026-08-19T06:35:33.206301+00:00
99468,UFC Fight Night 233 - Song vs. Gutierrez,2023-12-09T00:00:00+00:00,"UFC Apex, Las Vegas, Nevada, United States",2023-12-09,https://www.sherdog.com/events/UFC-Fight-Night-233-Song-vs-Gutierrez-99468,2026-08-19T06:35:33.212834+00:00
99135,UFC on ESPN 52 - Dariush vs. Tsarukyan,2023-12-02T00:00:00+00:00,"Moody Center, Austin, Texas, United States",2023-12-02,https://www.sherdog.com/events/UFC-on-ESPN-52-Dariush-vs-Tsarukyan-99135,2026-08-19T06:35:33.218992+00:00
98054,UFC Fight Night 232 - Allen vs. Craig,2023-11-18T00:00:00+00:00,"UFC Apex, Las Vegas, Nevada, United States",2023-11-18,https://www.sherdog.com/events/UFC-Fight-Night-232-Allen-vs-Craig-98054,2026-08-19T06:35:33.225713+00:00
98494,UFC 295 - Prochazka vs. Pereira,2023-11-11T00:00:00+00:00,"Madison Square Garden, New York, New York, United States",2023-11-11,https://www.sherdog.com/events/UFC-295-Prochazka-vs-Pereira-98494,2026-08-19T06:35:33.233753+00:00
98060,UFC Fight Night 231 - Almeida vs. Lewis,2023-11-04T00:00:00+00:00,"Ibirapuera Gymnasium, Sao Paulo, Sao Paulo, Brazil",2023-11-04,https://www.sherdog.com/events/UFC-Fight-Night-231-Almeida-vs-Lewis-98060,2026-08-19T06:35:33.240758+00:00
97019,UFC 294 - Makhachev vs. Volkanovski 2,2023-10-21T00:00:00+00:00,"Etihad Arena, Yas Island, Abu Dhabi, United Arab Emirates",2023-10-21,https://www.sherdog.com/events/UFC-294-Makhachev-vs-Volkanovski-2-97019,2026-08-19T06:35:33.246505+00:00
98595,UFC Fight Night 230 - Yusuff vs. Barboza,2023-10-14T00:00:00+00:00,"UFC Apex, Las Vegas, Nevada, United States",2023-10-14,https://www.sherdog.com/events/UFC-Fight-Night-230-Yusuff-vs-Barboza-98595,2026-08-19T06:35:33.253547+00:00
98053,UFC Fight Night 229 - Dawson vs. Green,2023-10-07T00:00:00+00:00,"UFC Apex, Las Vegas, Nevada, United States",2023-10-07,https://www.sherdog.com/events/UFC-Fight-Night-229-Dawson-vs-Green-98053,2026-08-19T06:35:33.259639+00:00
98052,UFC Fight Night 228 - Fiziev vs. Gamrot,2023-09-23T00:00:00+00:00,"UFC Apex, Las Vegas, Nevada, United States",2023-09-23,https://www.sherdog.com/events/UFC-Fight-Night-228-Fiziev-vs-Gamrot-98052,2026-08-19T06:35:33.265296+00:00
98051,UFC Fight Night 227 - Grasso vs. Shevchenko 2,2023-09-16T00:00:00+00:00,"T-Mobile Arena, Las Vegas, Nevada, United States",2023-09-16,https://www.sherdog.com/events/UFC-Fight-Night-227-Grasso-vs-Shevchenko-2-98051,2026-08-19T06:35:33.271350+00:00
98049,UFC 293 - Adesanya vs. Strickland,2023-09-09T00:00:00+00:00,"Qudos Bank Arena, Sydney, New South Wales, Australia",2023-09-09,https://www.sherdog.com/events/UFC-293-Adesanya-vs-Strickland-98049,2026-08-19T06:35:33.277535+00:00
98110,UFC Fight Night 226 - Gane vs. Spivak,2023-09-02T00:00:00+00:00,", Accor Arena, Paris, France",2023-09-02,https://www.sherdog.com/events/UFC-Fight-Night-226-Gane-vs-Spivak-98110,2026-08-19T06:35:33.284161+00:00
98226,UFC - Road to UFC Season 2: Singapore Semifinals 2,2023-08-27T03:00:00+00:00,", Singapore Indoor Stadium, Kallang, Singapore",2023-08-27,https://www.sherdog.com/events/UFC-Road-to-UFC-Season-2-Singapore-Semifinals-2-98226,2026-08-19T06:35:33.289980+00:00
98225,UFC - Road to UFC Season 2: Singapore Semifinals 1,2023-08-27T01:00:00+00:00,", Singapore Indoor Stadium, Kallang, Singapore",2023-08-27,https://www.sherdog.com/events/UFC-Road-to-UFC-Season-2-Singapore-Semifinals-1-98225,2026-08-19T06:35:33.292629+00:00
98155,UFC Fight Night 225 - Holloway vs. Korean Zombie,2023-08-26T00:00:00+00:00,", Singapore Indoor Stadium, Kallang, Singapore",2023-08-26,https://www.sherdog.com/events/UFC-Fight-Night-225-Holloway-vs-Korean-Zombie-98155,2026-08-19T06:35:33.296095+00:00
97584,UFC 292 - Sterling vs. O'Malley,2023-08-19T00:00:00+00:00,"TD Garden, Boston, Massachusetts, United States",2023-08-19,https://www.sherdog.com/events/UFC-292-Sterling-vs-OMalley-97584,2026-08-19T06:35:33.303145+00:00
97766,UFC on ESPN 51 - Luque vs. dos Anjos,2023-08-12T00:00:00+00:00,"UFC Apex, Las Vegas, Nevada, United States",2023-08-12,https://www.sherdog.com/events/UFC-on-ESPN-51-Luque-vs-dos-Anjos-97766,2026-08-19T06:35:33.309750+00:00
97864,UFC on ESPN 50 - Sandhagen vs. Font,2023-08-05T00:00:00+00:00,"Bridgestone Arena, Nashville, Tennessee, United States",2023-08-05,https://www.sherdog.com/events/UFC-on-ESPN-50-Sandhagen-vs-Font-97864,2026-08-19T06:35:33.316762+00:00
97463,UFC 291 - Poirier vs. Gaethje 2,2023-07-29T00:00:00+00:00,"Delta Center, Salt Lake City, Utah, United States",2023-07-29,https://www.sherdog.com/events/UFC-291-Poirier-vs-Gaethje-2-97463,2026-08-19T06:35:33.323813+00:00
97203,UFC Fight Night 224 - Aspinall vs. Tybura,2023-07-22T00:00:00+00:00,"O2 Arena, London, Greater London, England",2023-07-22,https://www.sherdog.com/events/UFC-Fight-Night-224-Aspinall-vs-Tybura-97203,2026-08-19T06:35:33.330085+00:00
97533,UFC on ESPN 49 - Holm vs. Bueno Silva,2023-07-15T00:00:00+00:00,"UFC Apex, Las Vegas, Nevada, United States",2023-07-15,https://www.sherdog.com/events/UFC-on-ESPN-49-Holm-vs-Bueno-Silva-97533,2026-08-19T06:35:33.338019+00:00
96757,UFC 290 - Volkanovski vs. Rodriguez,2023-07-08T00:00:00+00:00,"T-Mobile Arena, Las Vegas, Nevada, United States",2023-07-08,https://www.sherdog.com/events/UFC-290-Volkanovski-vs-Rodriguez-96757,2026-08-19T06:35:33.345049+00:00
97462,UFC on ESPN 48 - Strickland vs. Magomedov,2023-07-01T00:00:00+00:00,"UFC Apex, Las Vegas, Nevada, United States",2023-07-01,https://www.sherdog.com/events/UFC-on-ESPN-48-Strickland-vs-Magomedov-97462,2026-08-19T06:35:33.352124+00:00
97149,UFC on ABC 5 - Emmett vs. Topuria,2023-06-24T00:00:00+00:00,"Vystar Veterans Memorial Arena, Jacksonville, Florida, United States",2023-06-24,https://www.sherdog.com/events/UFC-on-ABC-5-Emmett-vs-Topuria-97149,2026-08-19T06:35:33.368477+00:00
97116,UFC on ESPN 47 - Vettori vs. Cannonier,2023-06-17T00:00:00+00:00,"UFC Apex, Las Vegas, Nevada, United States",2023-06-17,https://www.sherdog.com/events/UFC-on-ESPN-47-Vettori-vs-Cannonier-97116,2026-08-19T06:35:33.375693+00:00
97020,UFC 289 - Nunes vs. Aldana,2023-06-10T00:00:00+00:00,"Rogers Arena, Vancouver, British Columbia, Canada",2023-06-10,https://www.sherdog.com/events/UFC-289-Nunes-vs-Aldana-97020,2026-08-19T06:35:33.386258+00:00
96960,UFC on ESPN 46 - Kara-France vs. Albazi,2023-06-03T00:00:00+00:00,"UFC Apex, Las Vegas, Nevada, United States",2023-06-03,https://www.sherdog.com/events/UFC-on-ESPN-46-KaraFrance-vs-Albazi-96960,2026-08-19T06:35:46.385655+00:00
97379,UFC - Road to UFC Season 2: Shanghai Quarterfinals 4,2023-05-28T00:00:00+00:00,", UFC Performance Institute, Shanghai, China",2023-05-28,https://www.sherdog.com/events/UFC-Road-to-UFC-Season-2-Shanghai-Quarterfinals-4-97379,2026-08-19T06:35:46.396019+00:00
97378,UFC - Road to UFC Season 2: Shanghai Quarterfinals 3,2023-05-28T00:00:00+00:00,", UFC Performance Institute, Shanghai, China",2023-05-28,https://www.sherdog.com/events/UFC-Road-to-UFC-Season-2-Shanghai-Quarterfinals-3-97378,2026-08-19T06:35:46.399153+00:00
97376,UFC - Road to UFC Season 2: Shanghai Quarterfinals 2,2023-05-27T00:00:00+00:00,", UFC Performance Institute, Shanghai, China",2023-05-27,https://www.sherdog.com/events/UFC-Road-to-UFC-Season-2-Shanghai-Quarterfinals-2-97376,2026-08-19T06:35:46.402239+00:00
97375,UFC - Road to UFC Season 2: Shanghai Quarterfinals 1,2023-05-27T00:00:00+00:00,", UFC Performance Institute, Shanghai, China",2023-05-27,https://www.sherdog.com/events/UFC-Road-to-UFC-Season-2-Shanghai-Quarterfinals-1-97375,2026-08-19T06:35:46.405462+00:00
96689,UFC Fight Night 223 - Dern vs. Hill,2023-05-20T00:00:00+00:00,"UFC Apex, Las Vegas, Nevada, United States",2023-05-20,https://www.sherdog.com/events/UFC-Fight-Night-223-Dern-vs-Hill-96689,2026-08-19T06:35:46.408802+00:00
96527,UFC on ABC 4 - Rozenstruik vs. Almeida,2023-05-13T00:00:00+00:00,"Spectrum Center, Charlotte, North Carolina, United States",2023-05-13,https://www.sherdog.com/events/UFC-on-ABC-4-Rozenstruik-vs-Almeida-96527,2026-08-19T06:35:46.416507+00:00
96351,UFC 288 - Sterling vs. Cejudo,2023-05-06T00:00:00+00:00,"Prudential Center, Newark, New Jersey, United States",2023-05-06,https://www.sherdog.com/events/UFC-288-Sterling-vs-Cejudo-96351,2026-08-19T06:35:46.426259+00:00
96350,UFC on ESPN 45 - Song vs. Simon,2023-04-29T00:00:00+00:00,"UFC Apex, Las Vegas, Nevada, United States",2023-04-29,https://www.sherdog.com/events/UFC-on-ESPN-45-Song-vs-Simon-96350,2026-08-19T06:35:46.432947+00:00
96236,UFC Fight Night 222 - Pavlovich vs. Blaydes,2023-04-22T00:00:00+00:00,"UFC Apex, Las Vegas, Nevada, United States",2023-04-22,https://www.sherdog.com/events/UFC-Fight-Night-222-Pavlovich-vs-Blaydes-96236,2026-08-19T06:35:46.439282+00:00
96235,UFC on ESPN 44 - Holloway vs. Allen,2023-04-15T00:00:00+00:00,"T-Mobile Center, Kansas City, Missouri, United States",2023-04-15,https://www.sherdog.com/events/UFC-on-ESPN-44-Holloway-vs-Allen-96235,2026-08-19T06:35:46.445628+00:00
96031,UFC 287 - Pereira vs. Adesanya 2,2023-04-08T00:00:00+00:00,"Kaseya Center, Miami, Florida, United States",2023-04-08,https://www.sherdog.com/events/UFC-287-Pereira-vs-Adesanya-2-96031,2026-08-19T06:35:46.453385+00:00
95704,UFC on ESPN 43 - Vera vs. Sandhagen,2023-03-25T00:00:00+00:00,"AT&T Center, San Antonio, Texas, United States",2023-03-25,https://www.sherdog.com/events/UFC-on-ESPN-43-Vera-vs-Sandhagen-95704,2026-08-19T06:35:46.460071+00:00
95795,UFC 286 - Edwards vs. Usman 3,2023-03-18T00:00:00+00:00,"O2 Arena, London, Greater London, England",2023-03-18,https://www.sherdog.com/events/UFC-286-Edwards-vs-Usman-3-95795,2026-08-19T06:35:46.465825+00:00
95615,UFC Fight Night 221 - Yan vs. Dvalishvili,2023-03-11T00:00:00+00:00,"The Theater at Virgin Hotels, Las Vegas, Nevada, United States",2023-03-11,https://www.sherdog.com/events/UFC-Fight-Night-221-Yan-vs-Dvalishvili-95615,2026-08-19T06:35:46.473915+00:00
95232,UFC 285 - Jones vs. Gane,2023-03-04T00:00:00+00:00,"T-Mobile Arena, Las Vegas, Nevada, United States",2023-03-04,https://www.sherdog.com/events/UFC-285-Jones-vs-Gane-95232,2026-08-19T06:35:46.481022+00:00
95560,UFC Fight Night 220 - Muniz vs. Allen,2023-02-25T00:00:00+00:00,"UFC Apex, Las Vegas, Nevada, United States",2023-02-25,https://www.sherdog.com/events/UFC-Fight-Night-220-Muniz-vs-Allen-95560,2026-08-19T06:35:46.488539+00:00
95326,UFC Fight Night 219 - Andrade vs. Blanchfield,2023-02-18T00:00:00+00:00,"UFC Apex, Las Vegas, Nevada, United States",2023-02-18,https://www.sherdog.com/events/UFC-Fight-Night-219-Andrade-vs-Blanchfield-95326,2026-08-19T06:35:46.494154+00:00
95031,UFC 284 - Makhachev vs. Volkanovski,2023-02-11T00:00:00+00:00,"RAC Arena, Perth, Western Australia, Australia",2023-02-11,https://www.sherdog.com/events/UFC-284-Makhachev-vs-Volkanovski-95031,2026-08-19T06:35:46.500379+00:00
95166,UFC Fight Night 218 - Lewis vs. Spivak,2023-02-04T00:00:00+00:00,"UFC Apex, Las Vegas, Nevada, United States",2023-02-04,https://www.sherdog.com/events/UFC-Fight-Night-218-Lewis-vs-Spivak-95166,2026-08-19T06:35:46.511665+00:00
94331,UFC 283 - Teixeira vs. Hill,2023-01-21T00:00:00+00:00,", Jeunesse Arena, Rio de Janeiro, Brazil",2023-01-21,https://www.sherdog.com/events/UFC-283-Teixeira-vs-Hill-94331,2026-08-19T06:35:46.521598+00:00
94946,UFC Fight Night 217 - Strickland vs. Imavov,2023-01-14T00:00:00+00:00,"UFC Apex, Las Vegas, Nevada, United States",2023-01-14,https://www.sherdog.com/events/UFC-Fight-Night-217-Strickland-vs-Imavov-94946,2026-08-19T06:35:46.529597+00:00
94047,UFC Fight Night 216 - Cannonier vs. Strickland,2022-12-17T00:00:00+00:00,"UFC Apex, Las Vegas, Nevada, United States",2022-12-17,https://www.sherdog.com/events/UFC-Fight-Night-216-Cannonier-vs-Strickland-94047,2026-08-19T06:35:46.535923+00:00
94042,UFC 282 - Blachowicz vs. Ankalaev,2022-12-10T00:00:00+00:00,"T-Mobile Arena, Las Vegas, Nevada, United States",2022-12-10,https://www.sherdog.com/events/UFC-282-Blachowicz-vs-Ankalaev-94042,2026-08-19T06:35:46.543046+00:00
94046,UFC on ESPN 42 - Thompson vs. Holland,2022-12-03T00:00:00+00:00,"Amway Center, Orlando, Florida, United States",2022-12-03,https://www.sherdog.com/events/UFC-on-ESPN-42-Thompson-vs-Holland-94046,2026-08-19T06:35:46.549787+00:00
94045,UFC Fight Night 215 - Nzechukwu vs. Cutelaba,2022-11-19T00:00:00+00:00,"UFC Apex, Las Vegas, Nevada, United States",2022-11-19,https://www.sherdog.com/events/UFC-Fight-Night-215-Nzechukwu-vs-Cutelaba-94045,2026-08-19T06:35:46.557287+00:00
94041,UFC 281 - Adesanya vs. Pereira,2022-11-12T00:00:00+00:00,"Madison Square Garden, New York, New York, United States",2022-11-12,https://www.sherdog.com/events/UFC-281-Adesanya-vs-Pereira-94041,2026-08-19T06:35:46.563557+00:00
94043,UFC Fight Night 214 - Rodriguez vs. Lemos,2022-11-05T00:00:00+00:00,"UFC Apex, Las Vegas, Nevada, United States",2022-11-05,https://www.sherdog.com/events/UFC-Fight-Night-214-Rodriguez-vs-Lemos-94043,2026-08-19T06:35:46.575596+00:00
94044,UFC Fight Night 213 - Kattar vs. Allen,2022-10-29T00:00:00+00:00,"UFC Apex, Las Vegas, Nevada, United States",2022-10-29,https://www.sherdog.com/events/UFC-Fight-Night-213-Kattar-vs-Allen-94044,2026-08-19T06:35:46.581808+00:00
94742,UFC - Road to UFC: Abu Dhabi Semifinals 2,2022-10-23T00:00:00+00:00,"Etihad Arena, Yas Island, Abu Dhabi, United Arab Emirates",2022-10-23,https://www.sherdog.com/events/UFC-Road-to-UFC-Abu-Dhabi-Semifinals-2-94742,2026-08-19T06:35:46.587721+00:00
94741,UFC - Road to UFC: Abu Dhabi Semifinals 1,2022-10-23T00:00:00+00:00,"Etihad Arena, Yas Island, Abu Dhabi, United Arab Emirates",2022-10-23,https://www.sherdog.com/events/UFC-Road-to-UFC-Abu-Dhabi-Semifinals-1-94741,2026-08-19T06:35:46.590766+00:00
92490,UFC 280 - Oliveira vs. Makhachev,2022-10-22T00:00:00+00:00,"Etihad Arena, Yas Island, Abu Dhabi, United Arab Emirates",2022-10-22,https://www.sherdog.com/events/UFC-280-Oliveira-vs-Makhachev-92490,2026-08-19T06:35:46.593790+00:00
93809,UFC Fight Night 212 - Grasso vs. Araujo,2022-10-15T00:00:00+00:00,"UFC Apex, Las Vegas, Nevada, United States",2022-10-15,https://www.sherdog.com/events/UFC-Fight-Night-212-Grasso-vs-Araujo-93809,2026-08-19T06:35:46.600744+00:00
93426,UFC Fight Night 211 - Dern vs. Yan,2022-10-01T00:00:00+00:00,"UFC Apex, Las Vegas, Nevada, United States",2022-10-01,https://www.sherdog.com/events/UFC-Fight-Night-211-Dern-vs-Yan-93426,2026-08-19T06:35:46.606924+00:00
88022,UFC Fight Night 185 - Blaydes vs. Lewis,2021-02-20T00:00:00+00:00,"UFC Apex, Las Vegas, Nevada, United States",2021-02-20,https://www.sherdog.com/events/UFC-Fight-Night-185-Blaydes-vs-Lewis-88022,2026-08-19T06:35:46.613206+00:00
87797,UFC 258 - Usman vs. Burns,2021-02-13T00:00:00+00:00,"UFC Apex, Las Vegas, Nevada, United States",2021-02-13,https://www.sherdog.com/events/UFC-258-Usman-vs-Burns-87797,2026-08-19T06:35:46.619745+00:00
87802,UFC Fight Night 184 - Overeem vs. Volkov,2021-02-06T00:00:00+00:00,"UFC Apex, Las Vegas, Nevada, United States",2021-02-06,https://www.sherdog.com/events/UFC-Fight-Night-184-Overeem-vs-Volkov-87802,2026-08-19T06:35:46.625509+00:00
87798,UFC 257 - Poirier vs. McGregor 2,2021-01-23T00:00:00+00:00,"Etihad Arena, Yas Island, Abu Dhabi, United Arab Emirates",2021-01-23,https://www.sherdog.com/events/UFC-257-Poirier-vs-McGregor-2-87798,2026-08-19T06:35:46.637065+00:00
88171,UFC on ESPN 20 - Chiesa vs. Magny,2021-01-20T00:00:00+00:00,"Etihad Arena, Yas Island, Abu Dhabi, United Arab Emirates",2021-01-20,https://www.sherdog.com/events/UFC-on-ESPN-20-Chiesa-vs-Magny-88171,2026-08-19T06:35:46.747548+00:00
87759,UFC on ABC 1 - Holloway vs. Kattar,2021-01-16T00:00:00+00:00,"Etihad Arena, Yas Island, Abu Dhabi, United Arab Emirates",2021-01-16,https://www.sherdog.com/events/UFC-on-ABC-1-Holloway-vs-Kattar-87759,2026-08-19T06:35:46.758778+00:00
87646,UFC Fight Night 183 - Thompson vs. Neal,2020-12-19T00:00:00+00:00,"UFC Apex, Las Vegas, Nevada, United States",2020-12-19,https://www.sherdog.com/events/UFC-Fight-Night-183-Thompson-vs-Neal-87646,2026-08-19T06:35:46.766270+00:00
87401,UFC 256 - Figueiredo vs. Moreno,2020-12-12T00:00:00+00:00,"UFC Apex, Las Vegas, Nevada, United States",2020-12-12,https://www.sherdog.com/events/UFC-256-Figueiredo-vs-Moreno-87401,2026-08-19T06:35:46.773582+00:00
87402,UFC on ESPN 19 - Hermansson vs. Vettori,2020-12-05T00:00:00+00:00,"UFC Apex, Las Vegas, Nevada, United States",2020-12-05,https://www.sherdog.com/events/UFC-on-ESPN-19-Hermansson-vs-Vettori-87402,2026-08-19T06:35:46.779581+00:00
87392,UFC on ESPN 18 - Smith vs. Clark,2020-11-28T00:00:00+00:00,"UFC Apex, Las Vegas, Nevada, United States",2020-11-28,https://www.sherdog.com/events/UFC-on-ESPN-18-Smith-vs-Clark-87392,2026-08-19T06:35:46.784483+00:00
87312,UFC 255 - Figueiredo vs. Perez,2020-11-21T00:00:00+00:00,"UFC Apex, Las Vegas, Nevada, United States",2020-11-21,https://www.sherdog.com/events/UFC-255-Figueiredo-vs-Perez-87312,2026-08-19T06:35:46.790647+00:00
87393,UFC Fight Night 182 - Felder vs. dos Anjos,2020-11-14T00:00:00+00:00,"UFC Apex, Las Vegas, Nevada, United States",2020-11-14,https://www.sherdog.com/events/UFC-Fight-Night-182-Felder-vs-dos-Anjos-87393,2026-08-19T06:35:46.797147+00:00
87362,UFC on ESPN 17 - Santos vs. Teixeira,2020-11-07T00:00:00+00:00,"UFC Apex, Las Vegas, Nevada, United States",2020-11-07,https://www.sherdog.com/events/UFC-on-ESPN-17-Santos-vs-Teixeira-87362,2026-08-19T06:35:46.802224+00:00
87364,UFC Fight Night 181 - Hall vs. Silva,2020-10-31T00:00:00+00:00,"UFC Apex, Las Vegas, Nevada, United States",2020-10-31,https://www.sherdog.com/events/UFC-Fight-Night-181-Hall-vs-Silva-87364,2026-08-19T06:35:46.810675+00:00
87041,UFC 254 - Nurmagomedov vs. Gaethje,2020-10-24T00:00:00+00:00,"Flash Forum, Yas Island, Abu Dhabi, United Arab Emirates",2020-10-24,https://www.sherdog.com/events/UFC-254-Nurmagomedov-vs-Gaethje-87041,2026-08-19T06:35:46.817369+00:00
87277,UFC Fight Night 180 - Ortega vs. Korean Zombie,2020-10-17T00:00:00+00:00,"Flash Forum, Yas Island, Abu Dhabi, United Arab Emirates",2020-10-17,https://www.sherdog.com/events/UFC-Fight-Night-180-Ortega-vs-Korean-Zombie-87277,2026-08-19T06:35:46.830174+00:00
87307,UFC Fight Night 179 - Moraes vs. Sandhagen,2020-10-10T00:00:00+00:00,"Flash Forum, Yas Island, Abu Dhabi, United Arab Emirates",2020-10-10,https://www.sherdog.com/events/UFC-Fight-Night-179-Moraes-vs-Sandhagen-87307,2026-08-19T06:35:46.836292+00:00
87223,UFC on ESPN 16 - Holm vs. Aldana,2020-10-03T00:00:00+00:00,"Flash Forum, Yas Island, Abu Dhabi, United Arab Emirates",2020-10-03,https://www.sherdog.com/events/UFC-on-ESPN-16-Holm-vs-Aldana-87223,2026-08-19T06:35:46.843957+00:00
86797,UFC 253 - Adesanya vs. Costa,2020-09-26T00:00:00+00:00,"Flash Forum, Yas Island, Abu Dhabi, United Arab Emirates",2020-09-26,https://www.sherdog.com/events/UFC-253-Adesanya-vs-Costa-86797,2026-08-19T06:35:46.850091+00:00
87021,UFC Fight Night 178 - Covington vs. Woodley,2020-09-19T00:00:00+00:00,"UFC Apex, Las Vegas, Nevada, United States",2020-09-19,https://www.sherdog.com/events/UFC-Fight-Night-178-Covington-vs-Woodley-87021,2026-08-19T06:35:46.856696+00:00
86969,UFC Fight Night 177 - Waterson vs. Hill,2020-09-12T00:00:00+00:00,"UFC Apex, Las Vegas, Nevada, United States",2020-09-12,https://www.sherdog.com/events/UFC-Fight-Night-177-Waterson-vs-Hill-86969,2026-08-19T06:35:46.864639+00:00
87045,UFC Fight Night 176 - Overeem vs. Sakai,2020-09-05T00:00:00+00:00,"UFC Apex, Las Vegas, Nevada, United States",2020-09-05,https://www.sherdog.com/events/UFC-Fight-Night-176-Overeem-vs-Sakai-87045,2026-08-19T06:35:46.896707+00:00
86829,UFC Fight Night 175 - Smith vs. Rakic,2020-08-29T00:00:00+00:00,"UFC Apex, Las Vegas, Nevada, United States",2020-08-29,https://www.sherdog.com/events/UFC-Fight-Night-175-Smith-vs-Rakic-86829,2026-08-19T06:35:46.901070+00:00
86802,UFC on ESPN 15 - Munhoz vs. Edgar,2020-08-22T00:00:00+00:00,"UFC Apex, Las Vegas, Nevada, United States",2020-08-22,https://www.sherdog.com/events/UFC-on-ESPN-15-Munhoz-vs-Edgar-86802,2026-08-19T06:35:46.906562+00:00
85053,UFC 252 - Miocic vs. Cormier 3,2020-08-15T00:00:00+00:00,"UFC Apex, Las Vegas, Nevada, United States",2020-08-15,https://www.sherdog.com/events/UFC-252-Miocic-vs-Cormier-3-85053,2026-08-19T06:35:46.911652+00:00
86828,UFC Fight Night 174 - Lewis vs. Oleynik,2020-08-08T00:00:00+00:00,"UFC Apex, Las Vegas, Nevada, United States",2020-08-08,https://www.sherdog.com/events/UFC-Fight-Night-174-Lewis-vs-Oleynik-86828,2026-08-19T06:35:46.917669+00:00
86792,UFC Fight Night 173 - Brunson vs. Shahbazyan,2020-08-01T00:00:00+00:00,"UFC Apex, Las Vegas, Nevada, United States",2020-08-01,https://www.sherdog.com/events/UFC-Fight-Night-173-Brunson-vs-Shahbazyan-86792,2026-08-19T06:35:46.923995+00:00
86682,UFC on ESPN 14 - Whittaker vs. Till,2020-07-25T00:00:00+00:00,"Flash Forum, Yas Island, Abu Dhabi, United Arab Emirates",2020-07-25,https://www.sherdog.com/events/UFC-on-ESPN-14-Whittaker-vs-Till-86682,2026-08-19T06:35:46.928797+00:00
86639,UFC Fight Night 172 - Figueiredo vs. Benavidez 2,2020-07-18T00:00:00+00:00,"Flash Forum, Yas Island, Abu Dhabi, United Arab Emirates",2020-07-18,https://www.sherdog.com/events/UFC-Fight-Night-172-Figueiredo-vs-Benavidez-2-86639,2026-08-19T06:35:46.936550+00:00
86749,UFC on ESPN 13 - Kattar vs. Ige,2020-07-15T00:00:00+00:00,"Flash Forum, Yas Island, Abu Dhabi, United Arab Emirates",2020-07-15,https://www.sherdog.com/events/UFC-on-ESPN-13-Kattar-vs-Ige-86749,2026-08-19T06:35:46.942989+00:00
86573,UFC 251 - Usman vs. Masvidal,2020-07-11T00:00:00+00:00,"Flash Forum, Yas Island, Abu Dhabi, United Arab Emirates",2020-07-11,https://www.sherdog.com/events/UFC-251-Usman-vs-Masvidal-86573,2026-08-19T06:35:46.949044+00:00
85439,UFC on ESPN 12 - Poirier vs. Hooker,2020-06-27T00:00:00+00:00,"UFC Apex, Las Vegas, Nevada, United States",2020-06-27,https://www.sherdog.com/events/UFC-on-ESPN-12-Poirier-vs-Hooker-85439,2026-08-19T06:35:46.955882+00:00
85753,UFC on ESPN 11 - Blaydes vs. Volkov,2020-06-20T00:00:00+00:00,"UFC Apex, Las Vegas, Nevada, United States",2020-06-20,https://www.sherdog.com/events/UFC-on-ESPN-11-Blaydes-vs-Volkov-85753,2026-08-19T06:35:46.961642+00:00
85485,UFC on ESPN 10 - Eye vs. Calvillo,2020-06-13T00:00:00+00:00,"UFC Apex, Las Vegas, Nevada, United States",2020-06-13,https://www.sherdog.com/events/UFC-on-ESPN-10-Eye-vs-Calvillo-85485,2026-08-19T06:35:46.968012+00:00
85345,UFC 250 - Nunes vs. Spencer,2020-06-06T00:00:00+00:00,"UFC Apex, Las Vegas, Nevada, United States",2020-06-06,https://www.sherdog.com/events/UFC-250-Nunes-vs-Spencer-85345,2026-08-19T06:35:46.973933+00:00
86414,UFC on ESPN 9 - Woodley vs. Burns,2020-05-30T00:00:00+00:00,"UFC Apex, Las Vegas, Nevada, United States",2020-05-30,https://www.sherdog.com/events/UFC-on-ESPN-9-Woodley-vs-Burns-86414,2026-08-19T06:35:46.980377+00:00
85255,UFC on ESPN 8 - Overeem vs. Harris,2020-05-16T00:00:00+00:00,"VyStar Veterans Memorial Arena, Jacksonville, Florida, United States",2020-05-16,https://www.sherdog.com/events/UFC-on-ESPN-8-Overeem-vs-Harris-85255,2026-08-19T06:35:46.986337+00:00
86413,UFC Fight Night 171 - Smith vs. Teixeira,2020-05-13T00:00:00+00:00,"VyStar Veterans Memorial Arena, Jacksonville, Florida, United States",2020-05-13,https://www.sherdog.com/events/UFC-Fight-Night-171-Smith-vs-Teixeira-86413,2026-08-19T06:35:46.992275+00:00
84357,UFC 249 - Ferguson vs. Gaethje,2020-05-09T00:00:00+00:00,"VyStar Veterans Memorial Arena, Jacksonville, Florida, United States",2020-05-09,https://www.sherdog.com/events/UFC-249-Ferguson-vs-Gaethje-84357,2026-08-19T06:35:46.997793+00:00
82429,UFC Fight Night 170 - Lee vs. Oliveira,2020-03-14T00:00:00+00:00,"Nilson Nelson Gymnasium, Brasilia, Federal District, Brazil",2020-03-14,https://www.sherdog.com/events/UFC-Fight-Night-170-Lee-vs-Oliveira-82429,2026-08-19T06:35:47.003842+00:00
83251,UFC 248 - Adesanya vs. Romero,2020-03-07T00:00:00+00:00,"T-Mobile Arena, Las Vegas, Nevada, United States",2020-03-07,https://www.sherdog.com/events/UFC-248-Adesanya-vs-Romero-83251,2026-08-19T06:35:47.010267+00:00
83479,UFC Fight Night 169 - Benavidez vs. Figueiredo,2020-02-29T00:00:00+00:00,"Chartway Arena, Norfolk, Virginia, United States",2020-02-29,https://www.sherdog.com/events/UFC-Fight-Night-169-Benavidez-vs-Figueiredo-83479,2026-08-19T06:35:47.016241+00:00
82983,UFC Fight Night 168 - Felder vs. Hooker,2020-02-23T00:00:00+00:00,"Spark Arena, Auckland, New Zealand, New Zealand",2020-02-23,https://www.sherdog.com/events/UFC-Fight-Night-168-Felder-vs-Hooker-82983,2026-08-19T06:35:47.022681+00:00
82977,UFC Fight Night 167 - Anderson vs. Blachowicz 2,2020-02-15T00:00:00+00:00,"Santa Ana Star Center, Rio Rancho, New Mexico, United States",2020-02-15,https://www.sherdog.com/events/UFC-Fight-Night-167-Anderson-vs-Blachowicz-2-82977,2026-08-19T06:35:47.029172+00:00
82427,UFC 247 - Jones vs. Reyes,2020-02-08T00:00:00+00:00,"Toyota Center, Houston, Texas, United States",2020-02-08,https://www.sherdog.com/events/UFC-247-Jones-vs-Reyes-82427,2026-08-19T06:35:47.040700+00:00
82247,UFC Fight Night 166 - Blaydes vs. dos Santos,2020-01-25T00:00:00+00:00,"PNC Arena, Raleigh, North Carolina, United States",2020-01-25,https://www.sherdog.com/events/UFC-Fight-Night-166-Blaydes-vs-dos-Santos-82247,2026-08-19T06:35:47.047156+00:00
82425,UFC 246 - McGregor vs. Cerrone,2020-01-18T00:00:00+00:00,"T-Mobile Arena, Las Vegas, Nevada, United States",2020-01-18,https://www.sherdog.com/events/UFC-246-McGregor-vs-Cerrone-82425,2026-08-19T06:35:47.053898+00:00
76609,UFC Fight Night 165 - Edgar vs. Korean Zombie,2019-12-21T00:00:00+00:00,", Sajik Arena, Busan, South Korea",2019-12-21,https://www.sherdog.com/events/UFC-Fight-Night-165-Edgar-vs-Korean-Zombie-76609,2026-08-19T06:35:47.062837+00:00
76607,UFC 245 - Usman vs. Covington,2019-12-14T00:00:00+00:00,"T-Mobile Arena, Las Vegas, Nevada, United States",2019-12-14,https://www.sherdog.com/events/UFC-245-Usman-vs-Covington-76607,2026-08-19T06:35:47.069854+00:00
76605,UFC on ESPN 7 - Overeem vs. Rozenstruik,2019-12-07T00:00:00+00:00,"Capital One Arena, Washington, D.C., United States",2019-12-07,https://www.sherdog.com/events/UFC-on-ESPN-7-Overeem-vs-Rozenstruik-76605,2026-08-19T06:35:47.076802+00:00
76601,UFC Fight Night 164 - Blachowicz vs. Jacare,2019-11-16T00:00:00+00:00,"Ibirapuera Gymnasium, Sao Paulo, Sao Paulo, Brazil",2019-11-16,https://www.sherdog.com/events/UFC-Fight-Night-164-Blachowicz-vs-Jacare-76601,2026-08-19T06:35:47.083272+00:00
79823,UFC Fight Night 163 - Magomedsharipov vs. Kattar,2019-11-09T00:00:00+00:00,"CSKA Arena, Moscow, Russia, Russia",2019-11-09,https://www.sherdog.com/events/UFC-Fight-Night-163-Magomedsharipov-vs-Kattar-79823,2026-08-19T06:35:47.089744+00:00
76599,UFC 244 - Masvidal vs. Diaz,2019-11-02T00:00:00+00:00,"Madison Square Garden, New York, New York, United States",2019-11-02,https://www.sherdog.com/events/UFC-244-Masvidal-vs-Diaz-76599,2026-08-19T06:35:47.096650+00:00
76597,UFC Fight Night 162 - Maia vs. Askren,2019-10-26T00:00:00+00:00,"Singapore Indoor Stadium, Kallang, Singapore, Singapore",2019-10-26,https://www.sherdog.com/events/UFC-Fight-Night-162-Maia-vs-Askren-76597,2026-08-19T06:35:50.017052+00:00
76595,UFC on ESPN 6 - Reyes vs. Weidman,2019-10-18T00:00:00+00:00,"TD Garden, Boston, Massachusetts, United States",2019-10-18,https://www.sherdog.com/events/UFC-on-ESPN-6-Reyes-vs-Weidman-76595,2026-08-19T06:35:50.025537+00:00
76593,UFC Fight Night 161 - Jedrzejczyk vs. Waterson,2019-10-12T00:00:00+00:00,"Amalie Arena, Tampa, Florida, United States",2019-10-12,https://www.sherdog.com/events/UFC-Fight-Night-161-Jedrzejczyk-vs-Waterson-76593,2026-08-19T06:35:50.033466+00:00
76591,UFC 243 - Whittaker vs. Adesanya,2019-10-05T00:00:00+00:00,"Docklands Stadium, Melbourne, Victoria, Australia",2019-10-05,https://www.sherdog.com/events/UFC-243-Whittaker-vs-Adesanya-76591,2026-08-19T06:35:50.041501+00:00
76589,UFC Fight Night 160 - Hermansson vs. Cannonier,2019-09-28T00:00:00+00:00,"Royal Arena, Copenhagen, Denmark, Denmark",2019-09-28,https://www.sherdog.com/events/UFC-Fight-Night-160-Hermansson-vs-Cannonier-76589,2026-08-19T06:35:50.051515+00:00
76587,UFC Fight Night 159 - Rodriguez vs. Stephens,2019-09-21T00:00:00+00:00,"Mexico City Arena, Mexico City, Federal District, Mexico",2019-09-21,https://www.sherdog.com/events/UFC-Fight-Night-159-Rodriguez-vs-Stephens-76587,2026-08-19T06:35:50.058601+00:00
76585,UFC Fight Night 158 - Cowboy vs. Gaethje,2019-09-14T00:00:00+00:00,"Rogers Arena, Vancouver, British Columbia, Canada",2019-09-14,https://www.sherdog.com/events/UFC-Fight-Night-158-Cowboy-vs-Gaethje-76585,2026-08-19T06:35:50.065751+00:00
76401,UFC 242 - Khabib vs. Poirier,2019-09-07T00:00:00+00:00,"Du Arena, Yas Island, Abu Dhabi, United Arab Emirates",2019-09-07,https://www.sherdog.com/events/UFC-242-Khabib-vs-Poirier-76401,2026-08-19T06:35:50.072546+00:00
76583,UFC Fight Night 157 - Andrade vs. Zhang,2019-08-31T00:00:00+00:00,"Shenzhen Universiade Sports Centre, Shenzhen, Guangdong, China",2019-08-31,https://www.sherdog.com/events/UFC-Fight-Night-157-Andrade-vs-Zhang-76583,2026-08-19T06:35:50.079593+00:00
76383,UFC 241 - Cormier vs. Miocic 2,2019-08-17T00:00:00+00:00,"Honda Center, Anaheim, California, United States",2019-08-17,https://www.sherdog.com/events/UFC-241-Cormier-vs-Miocic-2-76383,2026-08-19T06:35:50.085694+00:00
76581,UFC Fight Night 156 - Shevchenko vs. Carmouche 2,2019-08-10T00:00:00+00:00,"Antel Arena, Montevideo, Uruguay, Uruguay",2019-08-10,https://www.sherdog.com/events/UFC-Fight-Night-156-Shevchenko-vs-Carmouche-2-76581,2026-08-19T06:35:50.092349+00:00
76579,UFC on ESPN 5 - Covington vs. Lawler,2019-08-03T00:00:00+00:00,"Prudential Center, Newark, New Jersey, United States",2019-08-03,https://www.sherdog.com/events/UFC-on-ESPN-5-Covington-vs-Lawler-76579,2026-08-19T06:35:50.099453+00:00
76577,UFC 240 - Holloway vs. Edgar,2019-07-27T00:00:00+00:00,"Rogers Place, Edmonton, Alberta, Canada",2019-07-27,https://www.sherdog.com/events/UFC-240-Holloway-vs-Edgar-76577,2026-08-19T06:35:50.106052+00:00
76575,UFC on ESPN 4 - Dos Anjos vs. Edwards,2019-07-20T00:00:00+00:00,"AT&T Center, San Antonio, Texas, United States",2019-07-20,https://www.sherdog.com/events/UFC-on-ESPN-4-Dos-Anjos-vs-Edwards-76575,2026-08-19T06:35:50.112240+00:00
76573,UFC Fight Night 155 - De Randamie vs. Ladd,2019-07-13T00:00:00+00:00,"Golden 1 Center, Sacramento, California, United States",2019-07-13,https://www.sherdog.com/events/UFC-Fight-Night-155-De-Randamie-vs-Ladd-76573,2026-08-19T06:35:50.119216+00:00
75113,UFC 239 - Jones vs. Santos,2019-07-06T00:00:00+00:00,"T-Mobile Arena, Las Vegas, Nevada, United States",2019-07-06,https://www.sherdog.com/events/UFC-239-Jones-vs-Santos-75113,2026-08-19T06:35:50.125814+00:00
73351,UFC on ESPN 3 - Ngannou vs. Dos Santos,2019-06-29T00:00:00+00:00,"Target Center, Minneapolis, Minnesota, United States",2019-06-29,https://www.sherdog.com/events/UFC-on-ESPN-3-Ngannou-vs-Dos-Santos-73351,2026-08-19T06:35:50.132377+00:00
73349,UFC Fight Night 154 - Moicano vs. The Korean Zombie,2019-06-22T00:00:00+00:00,"Bon Secours Wellness Arena, Greenville, South Carolina, United States",2019-06-22,https://www.sherdog.com/events/UFC-Fight-Night-154-Moicano-vs-The-Korean-Zombie-73349,2026-08-19T06:35:50.138955+00:00
73347,UFC 238 - Cejudo vs. Moraes,2019-06-08T17:15:00+00:00,"United Center, Chicago, Illinois, United States",2019-06-08,https://www.sherdog.com/events/UFC-238-Cejudo-vs-Moraes-73347,2026-08-19T06:35:50.145105+00:00
73345,UFC Fight Night 153 - Gustafsson vs. Smith,2019-06-01T00:00:00+00:00,"Ericsson Globe, Stockholm, Sweden, Sweden",2019-06-01,https://www.sherdog.com/events/UFC-Fight-Night-153-Gustafsson-vs-Smith-73345,2026-08-19T06:35:50.152149+00:00
73343,UFC Fight Night 152 - Dos Anjos vs. Lee,2019-05-18T00:00:00+00:00,"Blue Cross Arena, Rochester, New York, United States",2019-05-18,https://www.sherdog.com/events/UFC-Fight-Night-152-Dos-Anjos-vs-Lee-73343,2026-08-19T06:35:50.164984+00:00
73341,UFC 237 - Namajunas vs. Andrade,2019-05-11T00:00:00+00:00,"Jeunesse Arena, Rio de Janeiro, Brazil, Brazil",2019-05-11,https://www.sherdog.com/events/UFC-237-Namajunas-vs-Andrade-73341,2026-08-19T06:35:50.174668+00:00
73339,UFC Fight Night 151 - Iaquinta vs. Cowboy,2019-05-04T00:00:00+00:00,"Canadian Tire Centre, Ottawa, Ontario, Canada",2019-05-04,https://www.sherdog.com/events/UFC-Fight-Night-151-Iaquinta-vs-Cowboy-73339,2026-08-19T06:35:50.181329+00:00
73337,UFC Fight Night 150 - Jacare vs. Hermansson,2019-04-27T00:00:00+00:00,"BB&T Center, Sunrise, Florida, United States",2019-04-27,https://www.sherdog.com/events/UFC-Fight-Night-150-Jacare-vs-Hermansson-73337,2026-08-19T06:35:50.193057+00:00
73335,UFC Fight Night 149 - Overeem vs. Oleynik,2019-04-20T00:00:00+00:00,"Yubileyny Sports Complex, St. Petersburg, Russia, Russia",2019-04-20,https://www.sherdog.com/events/UFC-Fight-Night-149-Overeem-vs-Oleynik-73335,2026-08-19T06:35:50.200137+00:00
73333,UFC 236 - Holloway vs. Poirier,2019-04-13T00:00:00+00:00,"State Farm Arena, Atlanta, Georgia, United States",2019-04-13,https://www.sherdog.com/events/UFC-236-Holloway-vs-Poirier-73333,2026-08-19T06:35:50.206415+00:00
72035,UFC on ESPN 2 - Barboza vs. Gaethje,2019-03-30T00:00:00+00:00,"Wells Fargo Center, Philadelphia, Pennsylvania, United States",2019-03-30,https://www.sherdog.com/events/UFC-on-ESPN-2-Barboza-vs-Gaethje-72035,2026-08-19T06:35:50.213588+00:00
72033,UFC Fight Night 148 - Thompson vs. Pettis,2019-03-23T00:00:00+00:00,"Bridgestone Arena, Nashville, Tennessee, United States",2019-03-23,https://www.sherdog.com/events/UFC-Fight-Night-148-Thompson-vs-Pettis-72033,2026-08-19T06:35:50.220586+00:00
72031,UFC Fight Night 147 - Till vs. Masvidal,2019-03-16T00:00:00+00:00,"O2 Arena, London, Greater London, England",2019-03-16,https://www.sherdog.com/events/UFC-Fight-Night-147-Till-vs-Masvidal-72031,2026-08-19T06:35:50.227279+00:00
72029,UFC Fight Night 146 - Lewis vs. Dos Santos,2019-03-09T00:00:00+00:00,"Intrust Bank Arena, Wichita, Kansas, United States",2019-03-09,https://www.sherdog.com/events/UFC-Fight-Night-146-Lewis-vs-Dos-Santos-72029,2026-08-19T06:35:50.234520+00:00
72027,UFC 235 - Jones vs. Smith,2019-03-02T00:00:00+00:00,"T-Mobile Arena, Las Vegas, Nevada, United States",2019-03-02,https://www.sherdog.com/events/UFC-235-Jones-vs-Smith-72027,2026-08-19T06:35:50.241814+00:00
72051,UFC Fight Night 145 - Blachowicz vs. Santos,2019-02-23T00:00:00+00:00,", O2 Arena, Prague, Czech Republic",2019-02-23,https://www.sherdog.com/events/UFC-Fight-Night-145-Blachowicz-vs-Santos-72051,2026-08-19T06:35:50.248506+00:00
72025,UFC on ESPN 1 - Ngannou vs. Velasquez,2019-02-17T00:00:00+00:00,"Talking Stick Resort Arena, Phoenix, Arizona, United States",2019-02-17,https://www.sherdog.com/events/UFC-on-ESPN-1-Ngannou-vs-Velasquez-72025,2026-08-19T06:35:50.255576+00:00
72011,UFC 234 - Adesanya vs. Silva,2019-02-09T00:00:00+00:00,"Rod Laver Arena, Melbourne, Victoria, Australia",2019-02-09,https://www.sherdog.com/events/UFC-234-Adesanya-vs-Silva-72011,2026-08-19T06:35:50.262174+00:00
72023,UFC Fight Night 144 - Assuncao vs. Moraes 2,2019-02-02T00:00:00+00:00,"Centro de Formacao Olimpica do Nordeste, Fortaleza, Ceara, Brazil",2019-02-02,https://www.sherdog.com/events/UFC-Fight-Night-144-Assuncao-vs-Moraes-2-72023,2026-08-19T06:35:50.268382+00:00
72021,UFC 233 - Ultimate Fighting Championship 233,2019-01-26T00:00:00+00:00,,2019-01-26,https://www.sherdog.com/events/UFC-233-Ultimate-Fighting-Championship-233-72021,2026-08-19T06:35:50.275162+00:00
72019,UFC Fight Night 143 - Cejudo vs. Dillashaw,2019-01-19T00:00:00+00:00,"Barclays Center, Brooklyn, New York, United States",2019-01-19,https://www.sherdog.com/events/UFC-Fight-Night-143-Cejudo-vs-Dillashaw-72019,2026-08-19T06:35:50.276371+00:00
69297,UFC 232 - Jones vs. Gustafsson 2,2018-12-29T00:00:00+00:00,"The Forum, Inglewood, California, United States",2018-12-29,https://www.sherdog.com/events/UFC-232-Jones-vs-Gustafsson-2-69297,2026-08-19T06:35:50.283490+00:00
69295,UFC on Fox 31 - Iaquinta vs. Lee 2,2018-12-15T00:00:00+00:00,"Fiserv Forum, Milwaukee, Wisconsin, United States",2018-12-15,https://www.sherdog.com/events/UFC-on-Fox-31-Iaquinta-vs-Lee-2-69295,2026-08-19T06:35:50.290512+00:00
69293,UFC 231 - Holloway vs. Ortega,2018-12-08T00:00:00+00:00,"Scotiabank Arena, Toronto, Ontario, Canada",2018-12-08,https://www.sherdog.com/events/UFC-231-Holloway-vs-Ortega-69293,2026-08-19T06:35:50.297208+00:00
69291,UFC Fight Night 142 - Dos Santos vs. Tuivasa,2018-12-01T00:00:00+00:00,"Adelaide Entertainment Centre, Adelaide, South Australia, Australia",2018-12-01,https://www.sherdog.com/events/UFC-Fight-Night-142-Dos-Santos-vs-Tuivasa-69291,2026-08-19T06:35:50.304265+00:00
69289,UFC - The Ultimate Fighter 28 Finale,2018-11-30T00:00:00+00:00,"Pearl Concert Theater at Palms Casino Resort, Las Vegas, Nevada, United States",2018-11-30,https://www.sherdog.com/events/UFC-The-Ultimate-Fighter-28-Finale-69289,2026-08-19T06:35:50.310886+00:00
69287,UFC Fight Night 141 - Blaydes vs. Ngannou 2,2018-11-24T00:00:00+00:00,", Cadillac Arena, Beijing, China",2018-11-24,https://www.sherdog.com/events/UFC-Fight-Night-141-Blaydes-vs-Ngannou-2-69287,2026-08-19T06:35:50.317971+00:00
69285,UFC Fight Night 140 - Magny vs. Ponzinibbio,2018-11-17T00:00:00+00:00,"Parque Roca Arena, Buenos Aires, Argentina, Argentina",2018-11-17,https://www.sherdog.com/events/UFC-Fight-Night-140-Magny-vs-Ponzinibbio-69285,2026-08-19T06:35:50.324580+00:00
69283,UFC Fight Night 139 - Korean Zombie vs. Rodriguez,2018-11-10T00:00:00+00:00,"Pepsi Center, Denver, Colorado, United States",2018-11-10,https://www.sherdog.com/events/UFC-Fight-Night-139-Korean-Zombie-vs-Rodriguez-69283,2026-08-19T06:35:50.331868+00:00
69281,UFC 230 - Cormier vs. Lewis,2018-11-03T00:00:00+00:00,"Madison Square Garden, New York, New York, United States",2018-11-03,https://www.sherdog.com/events/UFC-230-Cormier-vs-Lewis-69281,2026-08-19T06:35:50.338524+00:00
69279,UFC Fight Night 138 - Oezdemir vs. Smith,2018-10-27T00:00:00+00:00,"Moncton Events Centre, Moncton, New Brunswick, Canada",2018-10-27,https://www.sherdog.com/events/UFC-Fight-Night-138-Oezdemir-vs-Smith-69279,2026-08-19T06:35:50.345153+00:00
69277,UFC 229 - Nurmagomedov vs. McGregor,2018-10-06T00:00:00+00:00,"T-Mobile Arena, Las Vegas, Nevada, United States",2018-10-06,https://www.sherdog.com/events/UFC-229-Nurmagomedov-vs-McGregor-69277,2026-08-19T06:35:50.352240+00:00
69275,UFC Fight Night 137 - Santos vs. Anders,2018-09-22T00:00:00+00:00,"Geraldo Jose de Almeida (Ibirapuera) Gymnasium, Sao Paulo, Sao Paulo, Brazil",2018-09-22,https://www.sherdog.com/events/UFC-Fight-Night-137-Santos-vs-Anders-69275,2026-08-19T06:35:50.358887+00:00
68195,UFC Fight Night 136 - Hunt vs. Oleynik,2018-09-15T00:00:00+00:00,", Olimpiysky Arena, Moscow, Russia",2018-09-15,https://www.sherdog.com/events/UFC-Fight-Night-136-Hunt-vs-Oleynik-68195,2026-08-19T06:35:50.366385+00:00
69273,UFC 228 - Woodley vs. Till,2018-09-08T00:00:00+00:00,"American Airlines Center, Dallas, Texas, United States",2018-09-08,https://www.sherdog.com/events/UFC-228-Woodley-vs-Till-69273,2026-08-19T06:35:50.387428+00:00
66979,UFC Fight Night 135 - Gaethje vs. Vick,2018-08-25T00:00:00+00:00,"Pinnacle Bank Arena, Lincoln, Nebraska, United States",2018-08-25,https://www.sherdog.com/events/UFC-Fight-Night-135-Gaethje-vs-Vick-66979,2026-08-19T06:35:50.532087+00:00
66977,UFC 227 - Dillashaw vs. Garbrandt 2,2018-08-04T00:00:00+00:00,"Staples Center, Los Angeles, California, United States",2018-08-04,https://www.sherdog.com/events/UFC-227-Dillashaw-vs-Garbrandt-2-66977,2026-08-19T06:35:50.550047+00:00
66975,UFC on Fox 30 - Alvarez vs. Poirier 2,2018-07-28T00:00:00+00:00,"Scotiabank Saddledome, Calgary, Alberta, Canada",2018-07-28,https://www.sherdog.com/events/UFC-on-Fox-30-Alvarez-vs-Poirier-2-66975,2026-08-19T06:35:50.556610+00:00
66973,UFC Fight Night 134 - Shogun vs. Smith,2018-07-22T00:00:00+00:00,", Barclaycard Arena, Hamburg, Germany",2018-07-22,https://www.sherdog.com/events/UFC-Fight-Night-134-Shogun-vs-Smith-66973,2026-08-19T06:35:50.566363+00:00
66971,UFC Fight Night 133 - Dos Santos vs. Ivanov,2018-07-14T00:00:00+00:00,"CenturyLink Arena, Boise, Idaho, United States",2018-07-14,https://www.sherdog.com/events/UFC-Fight-Night-133-Dos-Santos-vs-Ivanov-66971,2026-08-19T06:35:50.576198+00:00
65367,UFC 226 - Miocic vs. Cormier,2018-07-07T00:00:00+00:00,"T-Mobile Arena, Las Vegas, Nevada, United States",2018-07-07,https://www.sherdog.com/events/UFC-226-Miocic-vs-Cormier-65367,2026-08-19T06:35:50.583101+00:00
65583,UFC - The Ultimate Fighter 27 Finale,2018-07-06T00:00:00+00:00,"Pearl Concert Theater at Palms Casino Resort, Las Vegas, Nevada, United States",2018-07-06,https://www.sherdog.com/events/UFC-The-Ultimate-Fighter-27-Finale-65583,2026-08-19T06:35:50.589496+00:00
67121,UFC Fight Night 132 - Cerrone vs. Edwards,2018-06-23T00:00:00+00:00,", Singapore Indoor Stadium, Kallang, Singapore",2018-06-23,https://www.sherdog.com/events/UFC-Fight-Night-132-Cerrone-vs-Edwards-67121,2026-08-19T06:35:50.595926+00:00
65421,UFC 225 - Whittaker vs. Romero 2,2018-06-09T00:00:00+00:00,"United Center, Chicago, Illinois, United States",2018-06-09,https://www.sherdog.com/events/UFC-225-Whittaker-vs-Romero-2-65421,2026-08-19T06:35:50.602893+00:00
65423,UFC Fight Night 131 - Rivera vs. Moraes,2018-06-01T00:00:00+00:00,"Adirondack Bank Center, Utica, New York, United States",2018-06-01,https://www.sherdog.com/events/UFC-Fight-Night-131-Rivera-vs-Moraes-65423,2026-08-19T06:35:50.609824+00:00
66253,UFC Fight Night 130 - Thompson vs. Till,2018-05-27T00:00:00+00:00,"Echo Arena, Liverpool, Merseyside, England",2018-05-27,https://www.sherdog.com/events/UFC-Fight-Night-130-Thompson-vs-Till-66253,2026-08-19T06:35:50.616233+00:00
65581,UFC Fight Night 129 - Maia vs. Usman,2018-05-19T00:00:00+00:00,"Movistar Arena, Santiago, Chile, Chile",2018-05-19,https://www.sherdog.com/events/UFC-Fight-Night-129-Maia-vs-Usman-65581,2026-08-19T06:35:50.622233+00:00
65419,UFC 224 - Nunes vs. Pennington,2018-05-12T00:00:00+00:00,", Jeunesse Arena, Rio de Janeiro, Brazil",2018-05-12,https://www.sherdog.com/events/UFC-224-Nunes-vs-Pennington-65419,2026-08-19T06:35:50.629132+00:00
65387,UFC Fight Night 128 - Barboza vs. Lee,2018-04-21T00:00:00+00:00,"Jim Whelan Boardwalk Hall, Atlantic City, New Jersey, United States",2018-04-21,https://www.sherdog.com/events/UFC-Fight-Night-128-Barboza-vs-Lee-65387,2026-08-19T06:35:50.636033+00:00
65327,UFC on Fox 29 - Poirier vs. Gaethje,2018-04-14T00:00:00+00:00,"Gila River Arena, Glendale, Arizona, United States",2018-04-14,https://www.sherdog.com/events/UFC-on-Fox-29-Poirier-vs-Gaethje-65327,2026-08-19T06:35:50.642094+00:00
65291,UFC 223 - Khabib vs. Iaquinta,2018-04-07T00:00:00+00:00,"Barclays Center, Brooklyn, New York, United States",2018-04-07,https://www.sherdog.com/events/UFC-223-Khabib-vs-Iaquinta-65291,2026-08-19T06:35:50.649331+00:00
63975,UFC Fight Night 127 - Werdum vs. Volkov,2018-03-17T00:00:00+00:00,"O2 Arena, London, Greater London, England",2018-03-17,https://www.sherdog.com/events/UFC-Fight-Night-127-Werdum-vs-Volkov-63975,2026-08-19T06:35:50.654424+00:00
63771,UFC 222 - Cyborg vs. Kunitskaya,2018-03-03T00:00:00+00:00,"T-Mobile Arena, Las Vegas, Nevada, United States",2018-03-03,https://www.sherdog.com/events/UFC-222-Cyborg-vs-Kunitskaya-63771,2026-08-19T06:35:50.659987+00:00
63973,UFC on Fox 28 - Emmett vs. Stephens,2018-02-24T00:00:00+00:00,"Amway Center, Orlando, Florida, United States",2018-02-24,https://www.sherdog.com/events/UFC-on-Fox-28-Emmett-vs-Stephens-63973,2026-08-19T06:35:50.669251+00:00
63971,UFC Fight Night 126 - Cerrone vs. Medeiros,2018-02-18T00:00:00+00:00,"Frank Erwin Center, Austin, Texas, United States",2018-02-18,https://www.sherdog.com/events/UFC-Fight-Night-126-Cerrone-vs-Medeiros-63971,2026-08-19T06:35:50.677328+00:00
63769,UFC 221 - Romero vs. Rockhold,2018-02-10T00:00:00+00:00,"Perth Arena, Perth, Western Australia, Australia",2018-02-10,https://www.sherdog.com/events/UFC-221-Romero-vs-Rockhold-63769,2026-08-19T06:35:50.686821+00:00
63767,UFC Fight Night 125 - Machida vs. Anders,2018-02-03T00:00:00+00:00,"Guilherme Paraense (Mangueirinho) Arena, Belem, Para, Brazil",2018-02-03,https://www.sherdog.com/events/UFC-Fight-Night-125-Machida-vs-Anders-63767,2026-08-19T06:35:50.696225+00:00
63969,UFC on Fox 27 - Jacare vs. Brunson 2,2018-01-27T00:00:00+00:00,"Spectrum Center, Charlotte, North Carolina, United States",2018-01-27,https://www.sherdog.com/events/UFC-on-Fox-27-Jacare-vs-Brunson-2-63969,2026-08-19T06:35:50.702287+00:00
63763,UFC 220 - Miocic vs. Ngannou,2018-01-20T00:00:00+00:00,"TD Garden, Boston, Massachusetts, United States",2018-01-20,https://www.sherdog.com/events/UFC-220-Miocic-vs-Ngannou-63763,2026-08-19T06:35:50.708702+00:00
63765,UFC Fight Night 124 - Stephens vs. Choi,2018-01-14T00:00:00+00:00,"Scottrade Center, St. Louis, Missouri, United States",2018-01-14,https://www.sherdog.com/events/UFC-Fight-Night-124-Stephens-vs-Choi-63765,2026-08-19T06:35:50.714675+00:00
61993,UFC 219 - Cyborg vs. Holm,2017-12-30T00:00:00+00:00,"T-Mobile Arena, Las Vegas, Nevada, United States",2017-12-30,https://www.sherdog.com/events/UFC-219-Cyborg-vs-Holm-61993,2026-08-19T06:35:50.720613+00:00
62621,UFC on Fox 26 - Lawler vs. dos Anjos,2017-12-16T00:00:00+00:00,"MTS Centre, Winnipeg, Manitoba, Canada",2017-12-16,https://www.sherdog.com/events/UFC-on-Fox-26-Lawler-vs-dos-Anjos-62621,2026-08-19T06:35:50.726095+00:00
62623,UFC Fight Night 123 - Swanson vs. Ortega,2017-12-09T00:00:00+00:00,"Save Mart Center, Fresno, California, United States",2017-12-09,https://www.sherdog.com/events/UFC-Fight-Night-123-Swanson-vs-Ortega-62623,2026-08-19T06:35:50.732116+00:00
61991,UFC 218 - Holloway vs. Aldo 2,2017-12-02T00:00:00+00:00,"Little Caesars Arena, Detroit, Michigan, United States",2017-12-02,https://www.sherdog.com/events/UFC-218-Holloway-vs-Aldo-2-61991,2026-08-19T06:35:50.739038+00:00
61987,UFC - The Ultimate Fighter 26 Finale,2017-12-01T00:00:00+00:00,"Park Theater, Las Vegas, Nevada, United States",2017-12-01,https://www.sherdog.com/events/UFC-The-Ultimate-Fighter-26-Finale-61987,2026-08-19T06:35:50.756684+00:00
62001,UFC Fight Night 122 - Bisping vs. Gastelum,2017-11-25T00:00:00+00:00,", Mercedez-Benz Arena, Shanghai, China",2017-11-25,https://www.sherdog.com/events/UFC-Fight-Night-122-Bisping-vs-Gastelum-62001,2026-08-19T06:35:50.762739+00:00
61985,UFC Fight Night 121 - Werdum vs. Tybura,2017-11-18T21:00:00+00:00,"Qudos Bank Arena, Sydney, New South Wales, Australia",2017-11-18,https://www.sherdog.com/events/UFC-Fight-Night-121-Werdum-vs-Tybura-61985,2026-08-19T06:35:50.769327+00:00
62649,UFC Fight Night 120 - Poirier vs. Pettis,2017-11-11T15:00:00+00:00,"Ted Constant Convocation Center, Norfolk, Virginia, United States",2017-11-11,https://www.sherdog.com/events/UFC-Fight-Night-120-Poirier-vs-Pettis-62649,2026-08-19T06:35:50.776271+00:00
61989,UFC 217 - Bisping vs. St. Pierre,2017-11-04T00:00:00+00:00,"Madison Square Garden, New York, New York, United States",2017-11-04,https://www.sherdog.com/events/UFC-217-Bisping-vs-St-Pierre-61989,2026-08-19T06:35:50.787992+00:00
61997,UFC Fight Night 119 - Brunson vs. Machida,2017-10-28T00:00:00+00:00,"Geraldo Jose de Almeida (Ibirapuera) Gymnasium, Sao Paulo, Sao Paulo, Brazil",2017-10-28,https://www.sherdog.com/events/UFC-Fight-Night-119-Brunson-vs-Machida-61997,2026-08-19T06:35:50.794053+00:00
58753,UFC Fight Night 118 - Cerrone vs. Till,2017-10-21T00:00:00+00:00,", Ergo Arena, Gdansk, Poland",2017-10-21,https://www.sherdog.com/events/UFC-Fight-Night-118-Cerrone-vs-Till-58753,2026-08-19T06:35:50.800870+00:00
61983,UFC 216 - Ferguson vs. Lee,2017-10-07T00:00:00+00:00,"T-Mobile Arena, Las Vegas, Nevada, United States",2017-10-07,https://www.sherdog.com/events/UFC-216-Ferguson-vs-Lee-61983,2026-08-19T06:35:50.810631+00:00
60113,UFC Fight Night 117 - St. Preux vs. Okami,2017-09-22T00:00:00+00:00,"Saitama Super Arena, Saitama, Saitama, Japan",2017-09-22,https://www.sherdog.com/events/UFC-Fight-Night-117-St-Preux-vs-Okami-60113,2026-08-19T06:35:50.817049+00:00
61995,UFC Fight Night 116 - Rockhold vs. Branch,2017-09-16T00:00:00+00:00,"PPG Paints Arena, Pittsburgh, Pennsylvania, United States",2017-09-16,https://www.sherdog.com/events/UFC-Fight-Night-116-Rockhold-vs-Branch-61995,2026-08-19T06:35:50.822893+00:00
59759,UFC 215 - Nunes vs. Shevchenko 2,2017-09-09T00:00:00+00:00,"Rogers Place, Edmonton, Alberta, Canada",2017-09-09,https://www.sherdog.com/events/UFC-215-Nunes-vs-Shevchenko-2-59759,2026-08-19T06:35:50.828916+00:00
58751,UFC Fight Night 115 - Volkov vs. Struve,2017-09-02T00:00:00+00:00,"Ahoy Rotterdam, Rotterdam, South Holland, Netherlands",2017-09-02,https://www.sherdog.com/events/UFC-Fight-Night-115-Volkov-vs-Struve-58751,2026-08-19T06:35:50.834891+00:00
60029,UFC Fight Night 114 - Pettis vs. Moreno,2017-08-05T00:00:00+00:00,"Mexico City Arena, Mexico City, Federal District, Mexico",2017-08-05,https://www.sherdog.com/events/UFC-Fight-Night-114-Pettis-vs-Moreno-60029,2026-08-19T06:35:50.846605+00:00
57825,UFC 214 - Cormier vs. Jones 2,2017-07-29T00:00:00+00:00,"Honda Center, Anaheim, California, United States",2017-07-29,https://www.sherdog.com/events/UFC-214-Cormier-vs-Jones-2-57825,2026-08-19T06:35:51.038141+00:00
59505,UFC on Fox 25 - Weidman vs. Gastelum,2017-07-22T00:00:00+00:00,"Nassau Coliseum, Uniondale, New York, United States",2017-07-22,https://www.sherdog.com/events/UFC-on-Fox-25-Weidman-vs-Gastelum-59505,2026-08-19T06:35:51.047987+00:00
58749,UFC Fight Night 113 - Nelson vs. Ponzinibbio,2017-07-16T00:00:00+00:00,", SSE Hydro Arena, Glasgow, Scotland",2017-07-16,https://www.sherdog.com/events/UFC-Fight-Night-113-Nelson-vs-Ponzinibbio-58749,2026-08-19T06:35:51.056260+00:00
59011,UFC 213 - Romero vs. Whittaker,2017-07-08T00:00:00+00:00,"T-Mobile Arena, Las Vegas, Nevada, United States",2017-07-08,https://www.sherdog.com/events/UFC-213-Romero-vs-Whittaker-59011,2026-08-19T06:35:51.062745+00:00
59007,UFC - The Ultimate Fighter 25 Finale,2017-07-07T00:00:00+00:00,"T-Mobile Arena, Las Vegas, Nevada, United States",2017-07-07,https://www.sherdog.com/events/UFC-The-Ultimate-Fighter-25-Finale-59007,2026-08-19T06:35:51.068956+00:00
58847,UFC Fight Night 112 - Chiesa vs. Lee,2017-06-25T00:00:00+00:00,"Chesapeake Energy Arena, Oklahoma City, Oklahoma, United States",2017-06-25,https://www.sherdog.com/events/UFC-Fight-Night-112-Chiesa-vs-Lee-58847,2026-08-19T06:35:51.075055+00:00
58241,UFC Fight Night 111 - Holm vs. Correia,2017-06-17T00:00:00+00:00,"Singapore Indoor Stadium, Kallang, Singapore, Singapore",2017-06-17,https://www.sherdog.com/events/UFC-Fight-Night-111-Holm-vs-Correia-58241,2026-08-19T06:35:51.082010+00:00
58411,UFC Fight Night 110 - Hunt vs. Lewis,2017-06-10T00:00:00+00:00,"Vector Arena, Auckland, New Zealand, New Zealand",2017-06-10,https://www.sherdog.com/events/UFC-Fight-Night-110-Hunt-vs-Lewis-58411,2026-08-19T06:35:51.088522+00:00
57993,UFC 212 - Aldo vs. Holloway,2017-06-03T00:00:00+00:00,"HSBC Arena, Rio de Janeiro, Brazil, Brazil",2017-06-03,https://www.sherdog.com/events/UFC-212-Aldo-vs-Holloway-57993,2026-08-19T06:35:51.097686+00:00
58405,UFC Fight Night 109 - Gustafsson vs. Teixeira ,2017-05-28T00:00:00+00:00,"Ericsson Globe Arena, Stockholm, Sweden, Sweden",2017-05-28,https://www.sherdog.com/events/UFC-Fight-Night-109-Gustafsson-vs-Teixeira-58405,2026-08-19T06:35:51.108764+00:00
57823,UFC 211 - Miocic vs. Dos Santos 2,2017-05-13T00:00:00+00:00,"American Airlines Center, Dallas, Texas, United States",2017-05-13,https://www.sherdog.com/events/UFC-211-Miocic-vs-Dos-Santos-2-57823,2026-08-19T06:35:51.115192+00:00
57969,UFC Fight Night 108 - Swanson vs. Lobov,2017-04-22T00:00:00+00:00,"Bridgestone Arena, Nashville, Tennessee, United States",2017-04-22,https://www.sherdog.com/events/UFC-Fight-Night-108-Swanson-vs-Lobov-57969,2026-08-19T06:35:51.121820+00:00
57971,UFC on Fox 24 - Johnson vs. Reis,2017-04-15T00:00:00+00:00,"Sprint Center, Kansas City, Missouri, United States",2017-04-15,https://www.sherdog.com/events/UFC-on-Fox-24-Johnson-vs-Reis-57971,2026-08-19T06:35:51.128734+00:00
57531,UFC 210 - Cormier vs. Johnson 2,2017-04-08T00:00:00+00:00,"KeyBank Center, Buffalo, New York, United States",2017-04-08,https://www.sherdog.com/events/UFC-210-Cormier-vs-Johnson-2-57531,2026-08-19T06:35:51.135756+00:00
56259,UFC Fight Night 107 - Manuwa vs. Anderson,2017-03-18T00:00:00+00:00,"O2 Arena, London, England, United Kingdom",2017-03-18,https://www.sherdog.com/events/UFC-Fight-Night-107-Manuwa-vs-Anderson-56259,2026-08-19T06:35:51.142607+00:00
56257,UFC Fight Night 106 - Belfort vs. Gastelum,2017-03-11T00:00:00+00:00,"Northeast Olympic Training Center, Fortaleza, Ceara, Brazil",2017-03-11,https://www.sherdog.com/events/UFC-Fight-Night-106-Belfort-vs-Gastelum-56257,2026-08-19T06:35:51.148632+00:00
56255,UFC 209 - Woodley vs. Thompson 2,2017-03-04T00:00:00+00:00,"T-Mobile Arena, Las Vegas, Nevada, United States",2017-03-04,https://www.sherdog.com/events/UFC-209-Woodley-vs-Thompson-2-56255,2026-08-19T06:35:51.155017+00:00
56251,UFC Fight Night 105 - Lewis vs. Browne,2017-02-19T00:00:00+00:00,"Scotiabank Centre, Halifax, Nova Scotia, Canada",2017-02-19,https://www.sherdog.com/events/UFC-Fight-Night-105-Lewis-vs-Browne-56251,2026-08-19T06:35:51.166809+00:00
56249,UFC 208 - Holm vs. De Randamie,2017-02-11T00:00:00+00:00,"Barclays Center, Brooklyn, New York, United States",2017-02-11,https://www.sherdog.com/events/UFC-208-Holm-vs-De-Randamie-56249,2026-08-19T06:35:51.174084+00:00
56247,UFC Fight Night 104 - Bermudez vs. Korean Zombie,2017-02-04T00:00:00+00:00,"Toyota Center, Houston, Texas, United States",2017-02-04,https://www.sherdog.com/events/UFC-Fight-Night-104-Bermudez-vs-Korean-Zombie-56247,2026-08-19T06:35:51.183208+00:00
56245,UFC on Fox 23 - Shevchenko vs. Pena,2017-01-28T00:00:00+00:00,"Pepsi Center, Denver, Colorado, United States",2017-01-28,https://www.sherdog.com/events/UFC-on-Fox-23-Shevchenko-vs-Pena-56245,2026-08-19T06:35:51.192760+00:00
56239,UFC Fight Night 103 - Rodriguez vs. Penn,2017-01-15T00:00:00+00:00,"Talking Stick Arena, Phoenix, Arizona, United States",2017-01-15,https://www.sherdog.com/events/UFC-Fight-Night-103-Rodriguez-vs-Penn-56239,2026-08-19T06:35:51.199175+00:00
55005,UFC 207 - Nunes vs. Rousey,2016-12-30T00:00:00+00:00,"T-Mobile Arena, Las Vegas, Nevada, United States",2016-12-30,https://www.sherdog.com/events/UFC-207-Nunes-vs-Rousey-55005,2026-08-19T06:35:51.205567+00:00
55003,UFC on Fox 22 - VanZant vs. Waterson,2016-12-17T00:00:00+00:00,"Golden 1 Center, Sacramento, California, United States",2016-12-17,https://www.sherdog.com/events/UFC-on-Fox-22-VanZant-vs-Waterson-55003,2026-08-19T06:35:51.211211+00:00
55001,UFC 206 - Holloway vs. Pettis,2016-12-10T00:00:00+00:00,"Air Canada Centre, Toronto, Ontario, Canada",2016-12-10,https://www.sherdog.com/events/UFC-206-Holloway-vs-Pettis-55001,2026-08-19T06:35:51.218066+00:00
54999,UFC Fight Night 102 - Lewis vs. Abdurakhimov,2016-12-09T00:00:00+00:00,"Times Union Center, Albany, New York, United States",2016-12-09,https://www.sherdog.com/events/UFC-Fight-Night-102-Lewis-vs-Abdurakhimov-54999,2026-08-19T06:35:51.224599+00:00
54997,UFC - The Ultimate Fighter 24 Finale,2016-12-03T00:00:00+00:00,"Palms Casino Resort, Las Vegas, Nevada, United States",2016-12-03,https://www.sherdog.com/events/UFC-The-Ultimate-Fighter-24-Finale-54997,2026-08-19T06:35:51.231040+00:00
54995,UFC Fight Night 101 - Whittaker vs. Brunson,2016-11-26T00:00:00+00:00,"Rod Laver Arena, Melbourne, Victoria, Australia",2016-11-26,https://www.sherdog.com/events/UFC-Fight-Night-101-Whittaker-vs-Brunson-54995,2026-08-19T06:35:51.237567+00:00
54993,UFC Fight Night 100 - Bader vs. Nogueira 2,2016-11-19T00:00:00+00:00,"Ibirapuera Gymnasium, Sao Paulo, Sao Paulo, Brazil",2016-11-19,https://www.sherdog.com/events/UFC-Fight-Night-100-Bader-vs-Nogueira-2-54993,2026-08-19T06:35:51.244481+00:00
54983,UFC Fight Night 99 - Mousasi vs. Hall 2,2016-11-19T00:00:00+00:00,"SSE Arena, Belfast, Northern Ireland, Northern Ireland",2016-11-19,https://www.sherdog.com/events/UFC-Fight-Night-99-Mousasi-vs-Hall-2-54983,2026-08-19T06:35:51.251518+00:00
52249,UFC 205 - Alvarez vs. McGregor,2016-11-12T00:00:00+00:00,"Madison Square Garden, New York, New York, United States",2016-11-12,https://www.sherdog.com/events/UFC-205-Alvarez-vs-McGregor-52249,2026-08-19T06:36:16.049458+00:00
51653,UFC Fight Night 98 - Dos Anjos vs. Ferguson,2016-11-05T00:00:00+00:00,"Mexico City Arena, Mexico City, Federal District, Mexico",2016-11-05,https://www.sherdog.com/events/UFC-Fight-Night-98-Dos-Anjos-vs-Ferguson-51653,2026-08-19T06:36:16.058834+00:00
90890,UFC Fight Night 97 - Lamas vs. Penn,2016-10-15T00:00:00+00:00,,2016-10-15,https://www.sherdog.com/events/UFC-Fight-Night-97-Lamas-vs-Penn-90890,2026-08-19T06:36:16.066320+00:00
54381,UFC 204 - Bisping vs. Henderson 2,2016-10-08T00:00:00+00:00,"Manchester Arena, Manchester, Greater Manchester, England",2016-10-08,https://www.sherdog.com/events/UFC-204-Bisping-vs-Henderson-2-54381,2026-08-19T06:36:16.067563+00:00
54089,UFC Fight Night 96 - Lineker vs. Dodson,2016-10-01T00:00:00+00:00,"Moda Center, Portland, Oregon, United States",2016-10-01,https://www.sherdog.com/events/UFC-Fight-Night-96-Lineker-vs-Dodson-54089,2026-08-19T06:36:16.075281+00:00
53641,UFC Fight Night 95 - Cyborg vs. Lansberg,2016-09-24T00:00:00+00:00,"Nilson Nelson Gymnasium, Brasilia, Federal District, Brazil",2016-09-24,https://www.sherdog.com/events/UFC-Fight-Night-95-Cyborg-vs-Lansberg-53641,2026-08-19T06:36:16.084586+00:00
53639,UFC Fight Night 94 - Poirier vs. Johnson,2016-09-17T00:00:00+00:00,"State Farm Arena, Hidalgo, Texas, United States",2016-09-17,https://www.sherdog.com/events/UFC-Fight-Night-94-Poirier-vs-Johnson-53639,2026-08-19T06:36:16.091967+00:00
52565,UFC 203 - Miocic vs. Overeem,2016-09-10T00:00:00+00:00,"Quicken Loans Arena, Cleveland, Ohio, United States",2016-09-10,https://www.sherdog.com/events/UFC-203-Miocic-vs-Overeem-52565,2026-08-19T06:36:16.098817+00:00
52185,UFC Fight Night 93 - Arlovski vs. Barnett,2016-09-03T00:00:00+00:00,", Barclaycard Arena, Hamburg, Germany",2016-09-03,https://www.sherdog.com/events/UFC-Fight-Night-93-Arlovski-vs-Barnett-52185,2026-08-19T06:36:16.104461+00:00
52945,UFC on Fox 21 - Maia vs. Condit,2016-08-27T00:00:00+00:00,"Rogers Arena, Vancouver, British Columbia, Canada",2016-08-27,https://www.sherdog.com/events/UFC-on-Fox-21-Maia-vs-Condit-52945,2026-08-19T06:36:16.110495+00:00
52567,UFC 202 - Diaz vs. McGregor 2,2016-08-20T00:00:00+00:00,"T-Mobile Arena, Las Vegas, Nevada, United States",2016-08-20,https://www.sherdog.com/events/UFC-202-Diaz-vs-McGregor-2-52567,2026-08-19T06:36:16.116495+00:00
56855,UFC - The Ultimate Fighter Season 24 Final,2016-08-10T00:00:00+00:00,"UFC Training Center, Las Vegas, Nevada, United States",2016-08-10,https://www.sherdog.com/events/UFC-The-Ultimate-Fighter-Season-24-Final-56855,2026-08-19T06:36:16.123272+00:00
52851,UFC Fight Night 92 - Rodriguez vs. Caceres,2016-08-06T00:00:00+00:00,"Vivint Smart Home Arena, Salt Lake City, Utah, United States",2016-08-06,https://www.sherdog.com/events/UFC-Fight-Night-92-Rodriguez-vs-Caceres-52851,2026-08-19T06:36:16.124907+00:00
52199,UFC 201 - Lawler vs. Woodley,2016-07-30T00:00:00+00:00,"Philips Arena, Atlanta, Georgia, United States",2016-07-30,https://www.sherdog.com/events/UFC-201-Lawler-vs-Woodley-52199,2026-08-19T06:36:16.138476+00:00
51563,UFC on Fox 20 - Holm vs. Shevchenko,2016-07-23T00:00:00+00:00,"United Center, Chicago, Illinois, United States",2016-07-23,https://www.sherdog.com/events/UFC-on-Fox-20-Holm-vs-Shevchenko-51563,2026-08-19T06:36:16.148116+00:00
51841,UFC Fight Night 91 - McDonald vs. Lineker,2016-07-13T00:00:00+00:00,"Denny Sanford Premier Center, Sioux Falls, South Dakota, United States",2016-07-13,https://www.sherdog.com/events/UFC-Fight-Night-91-McDonald-vs-Lineker-51841,2026-08-19T06:36:16.208981+00:00
47285,UFC 200 - Tate vs. Nunes,2016-07-09T00:00:00+00:00,"T-Mobile Arena, Las Vegas, Nevada, United States",2016-07-09,https://www.sherdog.com/events/UFC-200-Tate-vs-Nunes-47285,2026-08-19T06:36:16.215532+00:00
50075,UFC  - The Ultimate Fighter 23 Finale,2016-07-08T00:00:00+00:00,"MGM Grand Garden Arena, Las Vegas, Nevada, United States",2016-07-08,https://www.sherdog.com/events/UFC-The-Ultimate-Fighter-23-Finale-50075,2026-08-19T06:36:16.222165+00:00
50943,UFC Fight Night 90 - Dos Anjos vs. Alvarez,2016-07-07T00:00:00+00:00,"MGM Grand Garden Arena, Las Vegas, Nevada, United States",2016-07-07,https://www.sherdog.com/events/UFC-Fight-Night-90-Dos-Anjos-vs-Alvarez-50943,2026-08-19T06:36:16.228687+00:00
50939,UFC Fight Night 89 - MacDonald vs. Thompson,2016-06-18T00:00:00+00:00,"TD Place Arena, Ottawa, Ontario, Canada",2016-06-18,https://www.sherdog.com/events/UFC-Fight-Night-89-MacDonald-vs-Thompson-50939,2026-08-19T06:36:16.235247+00:00
50937,UFC 199 - Rockhold vs. Bisping 2,2016-06-04T00:00:00+00:00,"The Forum, Inglewood, California, United States",2016-06-04,https://www.sherdog.com/events/UFC-199-Rockhold-vs-Bisping-2-50937,2026-08-19T06:36:16.242260+00:00
50941,UFC Fight Night 88 - Almeida vs. Garbrandt,2016-05-29T00:00:00+00:00,"Mandalay Bay Events Center, Las Vegas, Nevada, United States",2016-05-29,https://www.sherdog.com/events/UFC-Fight-Night-88-Almeida-vs-Garbrandt-50941,2026-08-19T06:36:16.249184+00:00
50217,UFC 198 - Werdum vs. Miocic,2016-05-14T00:00:00+00:00,"Arena da Baixada, Curitiba, Parana, Brazil",2016-05-14,https://www.sherdog.com/events/UFC-198-Werdum-vs-Miocic-50217,2026-08-19T06:36:16.255646+00:00
50621,UFC Fight Night 87 - Overeem vs. Arlovski,2016-05-08T00:00:00+00:00,"Ahoy Rotterdam, Rotterdam, South Holland, Netherlands",2016-05-08,https://www.sherdog.com/events/UFC-Fight-Night-87-Overeem-vs-Arlovski-50621,2026-08-19T06:36:16.262178+00:00
50485,UFC 197 - Jones vs. St. Preux,2016-04-23T00:00:00+00:00,"MGM Grand Garden Arena, Las Vegas, Nevada, United States",2016-04-23,https://www.sherdog.com/events/UFC-197-Jones-vs-St-Preux-50485,2026-08-19T06:36:16.269187+00:00
50261,UFC on Fox 19 - Teixeira vs. Evans,2016-04-16T00:00:00+00:00,"Amalie Arena, Tampa, Florida, United States",2016-04-16,https://www.sherdog.com/events/UFC-on-Fox-19-Teixeira-vs-Evans-50261,2026-08-19T06:36:16.275739+00:00
50295,UFC Fight Night 86 - Rothwell vs. Dos Santos,2016-04-10T00:00:00+00:00,"Zagreb Arena, Zagreb, Croatia, Croatia",2016-04-10,https://www.sherdog.com/events/UFC-Fight-Night-86-Rothwell-vs-Dos-Santos-50295,2026-08-19T06:36:16.281774+00:00
47939,UFC Fight Night 85 - Hunt vs. Mir,2016-03-19T00:00:00+00:00,"Brisbane Entertainment Centre, Brisbane, Queensland, Australia",2016-03-19,https://www.sherdog.com/events/UFC-Fight-Night-85-Hunt-vs-Mir-47939,2026-08-19T06:36:16.288712+00:00
47931,UFC 196 - McGregor vs. Diaz,2016-03-05T00:00:00+00:00,"MGM Grand Garden Arena, Las Vegas, Nevada, United States",2016-03-05,https://www.sherdog.com/events/UFC-196-McGregor-vs-Diaz-47931,2026-08-19T06:36:16.295775+00:00
47937,UFC Fight Night 84 - Silva vs. Bisping,2016-02-27T00:00:00+00:00,"O2 Arena, London, Greater London, England",2016-02-27,https://www.sherdog.com/events/UFC-Fight-Night-84-Silva-vs-Bisping-47937,2026-08-19T06:36:16.305888+00:00
47935,UFC Fight Night 83 - Cerrone vs. Oliveira,2016-02-21T00:00:00+00:00,"Consol Energy Center, Pittsburgh, Pennsylvania, United States",2016-02-21,https://www.sherdog.com/events/UFC-Fight-Night-83-Cerrone-vs-Oliveira-47935,2026-08-19T06:36:16.312836+00:00
47929,UFC Fight Night 82 - Hendricks vs. Thompson,2016-02-06T00:00:00+00:00,"MGM Grand Garden Arena, Las Vegas, Nevada, United States",2016-02-06,https://www.sherdog.com/events/UFC-Fight-Night-82-Hendricks-vs-Thompson-47929,2026-08-19T06:36:16.325645+00:00
47933,UFC on Fox 18 - Johnson vs. Bader,2016-01-30T00:00:00+00:00,"Prudential Center, Newark, New Jersey, United States",2016-01-30,https://www.sherdog.com/events/UFC-on-Fox-18-Johnson-vs-Bader-47933,2026-08-19T06:36:16.333978+00:00
47783,UFC Fight Night 81 - Dillashaw vs. Cruz,2016-01-17T00:00:00+00:00,"TD Garden, Boston, Massachusetts, United States",2016-01-17,https://www.sherdog.com/events/UFC-Fight-Night-81-Dillashaw-vs-Cruz-47783,2026-08-19T06:36:16.340904+00:00
47465,UFC 195 - Lawler vs. Condit,2016-01-02T00:00:00+00:00,"MGM Grand Garden Arena, Las Vegas, Nevada, United States",2016-01-02,https://www.sherdog.com/events/UFC-195-Lawler-vs-Condit-47465,2026-08-19T06:36:16.347826+00:00
42249,UFC on Fox 17 - Dos Anjos vs. Cerrone 2,2015-12-19T00:00:00+00:00,"Amway Center, Orlando, Florida, United States",2015-12-19,https://www.sherdog.com/events/UFC-on-Fox-17-Dos-Anjos-vs-Cerrone-2-42249,2026-08-19T06:36:16.354275+00:00
42245,UFC 194 - Aldo vs. McGregor,2015-12-12T00:00:00+00:00,"MGM Grand Garden Arena, Las Vegas, Nevada, United States",2015-12-12,https://www.sherdog.com/events/UFC-194-Aldo-vs-McGregor-42245,2026-08-19T06:36:16.361149+00:00
47439,UFC - The Ultimate Fighter 22 Finale,2015-12-11T16:00:00+00:00,"The Chelsea at the Cosmopolitan, Las Vegas, Nevada, United States",2015-12-11,https://www.sherdog.com/events/UFC-The-Ultimate-Fighter-22-Finale-47439,2026-08-19T06:36:16.367589+00:00
47669,UFC Fight Night 80 - Namajunas vs. VanZant,2015-12-10T14:00:00+00:00,"The Chelsea at the Cosmopolitan, Las Vegas, Nevada, United States",2015-12-10,https://www.sherdog.com/events/UFC-Fight-Night-80-Namajunas-vs-VanZant-47669,2026-08-19T06:36:16.373631+00:00
42243,UFC Fight Night 79 - Henderson vs. Masvidal,2015-11-28T02:00:00+00:00,", Olympic Gymnastics Arena, Seoul, South Korea",2015-11-28,https://www.sherdog.com/events/UFC-Fight-Night-79-Henderson-vs-Masvidal-42243,2026-08-19T06:36:16.379984+00:00
42241,UFC Fight Night 78 - Magny vs. Gastelum,2015-11-21T00:00:00+00:00,"Monterrey Arena, Monterrey, Nuevo Leon, Mexico",2015-11-21,https://www.sherdog.com/events/UFC-Fight-Night-78-Magny-vs-Gastelum-42241,2026-08-19T06:36:16.385999+00:00
42239,UFC 193 - Rousey vs. Holm,2015-11-14T00:00:00+00:00,"Etihad Stadium, Melbourne, Victoria, Australia",2015-11-14,https://www.sherdog.com/events/UFC-193-Rousey-vs-Holm-42239,2026-08-19T06:36:16.392867+00:00
42237,UFC Fight Night 77 - Belfort vs. Henderson 3,2015-11-07T00:00:00+00:00,"Geraldo Jose de Almeida (Ibirapuera) State Gymnasium, Sao Paulo, Sao Paulo, Brazil",2015-11-07,https://www.sherdog.com/events/UFC-Fight-Night-77-Belfort-vs-Henderson-3-42237,2026-08-19T06:36:16.399761+00:00
47107,UFC Fight Night 76 - Holohan vs. Smolka,2015-10-24T00:00:00+00:00,"3Arena, Dublin, Leinster, Ireland",2015-10-24,https://www.sherdog.com/events/UFC-Fight-Night-76-Holohan-vs-Smolka-47107,2026-08-19T06:36:16.422703+00:00
42235,UFC 192 - Cormier vs. Gustafsson,2015-10-03T00:00:00+00:00,"Toyota Center, Houston, Texas, United States",2015-10-03,https://www.sherdog.com/events/UFC-192-Cormier-vs-Gustafsson-42235,2026-08-19T06:36:16.522083+00:00
45847,UFC Fight Night 75 - Barnett vs. Nelson,2015-09-26T09:00:00+00:00,", Saitama Super Arena, Saitama, Japan",2015-09-26,https://www.sherdog.com/events/UFC-Fight-Night-75-Barnett-vs-Nelson-45847,2026-08-19T06:36:16.530195+00:00
42229,UFC 191 - Johnson vs. Dodson 2,2015-09-05T00:00:00+00:00,"MGM Grand Garden Arena, Las Vegas, Nevada, United States",2015-09-05,https://www.sherdog.com/events/UFC-191-Johnson-vs-Dodson-2-42229,2026-08-19T06:36:16.537713+00:00
42225,UFC Fight Night 74 - Holloway vs. Oliveira,2015-08-23T00:00:00+00:00,"SaskTel Centre, Saskatoon, Saskatchewan, Canada",2015-08-23,https://www.sherdog.com/events/UFC-Fight-Night-74-Holloway-vs-Oliveira-42225,2026-08-19T06:36:16.546048+00:00
42223,UFC Fight Night 73 - Teixeira vs. St. Preux,2015-08-08T00:00:00+00:00,"Bridgestone Arena, Nashville, Tennessee, United States",2015-08-08,https://www.sherdog.com/events/UFC-Fight-Night-73-Teixeira-vs-St-Preux-42223,2026-08-19T06:36:16.565862+00:00
42221,UFC 190 - Rousey vs. Correia,2015-08-01T00:00:00+00:00,"HSBC Arena, Rio de Janeiro, Rio de Janeiro, Brazil",2015-08-01,https://www.sherdog.com/events/UFC-190-Rousey-vs-Correia-42221,2026-08-19T06:36:16.576524+00:00
42219,UFC on Fox 16 - Dillashaw vs. Barao 2,2015-07-25T00:00:00+00:00,"United Center, Chicago, Illinois, United States",2015-07-25,https://www.sherdog.com/events/UFC-on-Fox-16-Dillashaw-vs-Barao-2-42219,2026-08-19T06:36:16.585916+00:00
42217,UFC Fight Night 72 - Bisping vs. Leites,2015-07-18T00:00:00+00:00,"SSE Hydro Arena, Glasgow, Scotland, Scotland",2015-07-18,https://www.sherdog.com/events/UFC-Fight-Night-72-Bisping-vs-Leites-42217,2026-08-19T06:36:16.593662+00:00
53921,UFC - Road to UFC: Japan Semifinals,2015-07-16T00:00:00+00:00,"UFC Training Center, Las Vegas, Nevada, United States",2015-07-16,https://www.sherdog.com/events/UFC-Road-to-UFC-Japan-Semifinals-53921,2026-08-19T06:36:16.608725+00:00
42215,UFC Fight Night 71 - Mir vs. Duffee,2015-07-15T00:00:00+00:00,"Valley View Casino Center, San Diego, California, United States",2015-07-15,https://www.sherdog.com/events/UFC-Fight-Night-71-Mir-vs-Duffee-42215,2026-08-19T06:36:16.611240+00:00
42213,UFC - The Ultimate Fighter 21 Finale,2015-07-12T00:00:00+00:00,"MGM Grand Garden Arena, Las Vegas, Nevada, United States",2015-07-12,https://www.sherdog.com/events/UFC-The-Ultimate-Fighter-21-Finale-42213,2026-08-19T06:36:16.617616+00:00
42211,UFC 189 - Mendes vs. McGregor,2015-07-11T00:00:00+00:00,"MGM Grand Garden Arena, Las Vegas, Nevada, United States",2015-07-11,https://www.sherdog.com/events/UFC-189-Mendes-vs-McGregor-42211,2026-08-19T06:36:16.623644+00:00
42209,UFC Fight Night 70 - Machida vs. Romero,2015-06-27T00:00:00+00:00,"Seminole Hard Rock Hotel and Casino, Hollywood, Florida, United States",2015-06-27,https://www.sherdog.com/events/UFC-Fight-Night-70-Machida-vs-Romero-42209,2026-08-19T06:36:16.629634+00:00
42207,UFC Fight Night 69 - Jedrzejczyk vs. Penne,2015-06-20T00:00:00+00:00,"O2 World, Berlin, Germany, Germany",2015-06-20,https://www.sherdog.com/events/UFC-Fight-Night-69-Jedrzejczyk-vs-Penne-42207,2026-08-19T06:36:16.634696+00:00
42205,UFC 188 - Velasquez vs. Werdum,2015-06-13T00:00:00+00:00,"Mexico City Arena, Mexico City, Federal District, Mexico",2015-06-13,https://www.sherdog.com/events/UFC-188-Velasquez-vs-Werdum-42205,2026-08-19T06:36:16.640711+00:00
42203,UFC Fight Night 68 - Boetsch vs. Henderson,2015-06-06T00:00:00+00:00,"Smoothie King Center, New Orleans, Louisiana, United States",2015-06-06,https://www.sherdog.com/events/UFC-Fight-Night-68-Boetsch-vs-Henderson-42203,2026-08-19T06:36:16.646734+00:00
42201,UFC Fight Night 67 - Condit vs. Alves,2015-05-30T00:00:00+00:00,"Goiania Arena, Goiania, Goias, Brazil",2015-05-30,https://www.sherdog.com/events/UFC-Fight-Night-67-Condit-vs-Alves-42201,2026-08-19T06:36:16.653188+00:00
42199,UFC 187 - Johnson vs. Cormier,2015-05-23T00:00:00+00:00,"MGM Grand Garden Arena, Las Vegas, Nevada, United States",2015-05-23,https://www.sherdog.com/events/UFC-187-Johnson-vs-Cormier-42199,2026-08-19T06:36:16.659632+00:00
53919,UFC - Road to UFC: Japan Quarterfinals,2015-05-20T00:00:00+00:00,"UFC Training Center, Las Vegas, Nevada, United States",2015-05-20,https://www.sherdog.com/events/UFC-Road-to-UFC-Japan-Quarterfinals-53919,2026-08-19T06:36:16.670266+00:00
42197,UFC Fight Night 66 - Edgar vs. Faber,2015-05-16T00:00:00+00:00,"Mall of Asia Arena, Pasay, Metro Manila, Philippines",2015-05-16,https://www.sherdog.com/events/UFC-Fight-Night-66-Edgar-vs-Faber-42197,2026-08-19T06:36:16.673191+00:00
42195,UFC Fight Night 65 - Miocic vs. Hunt,2015-05-10T00:00:00+00:00,"Adelaide Entertainment Centre, Adelaide, South Australia, Australia",2015-05-10,https://www.sherdog.com/events/UFC-Fight-Night-65-Miocic-vs-Hunt-42195,2026-08-19T06:36:16.679744+00:00
42193,UFC 186 - Johnson vs. Horiguchi,2015-04-25T00:00:00+00:00,"Bell Centre, Montreal, Quebec, Canada",2015-04-25,https://www.sherdog.com/events/UFC-186-Johnson-vs-Horiguchi-42193,2026-08-19T06:36:16.689982+00:00
42191,UFC on Fox 15 - Machida vs. Rockhold,2015-04-18T00:00:00+00:00,"Prudential Center, Newark, New Jersey, United States",2015-04-18,https://www.sherdog.com/events/UFC-on-Fox-15-Machida-vs-Rockhold-42191,2026-08-19T06:36:16.700160+00:00
42189,UFC Fight Night 64 - Gonzaga vs. Cro Cop 2,2015-04-11T00:00:00+00:00,"Krakow Arena, Krakow, Lesser Poland, Poland",2015-04-11,https://www.sherdog.com/events/UFC-Fight-Night-64-Gonzaga-vs-Cro-Cop-2-42189,2026-08-19T06:36:16.712938+00:00
42187,UFC Fight Night 63 - Mendes vs. Lamas,2015-04-04T00:00:00+00:00,"Patriot Center, Fairfax, Virginia, United States",2015-04-04,https://www.sherdog.com/events/UFC-Fight-Night-63-Mendes-vs-Lamas-42187,2026-08-19T06:36:16.721843+00:00
42185,UFC Fight Night 62 - Maia vs. LaFlare,2015-03-21T00:00:00+00:00,"Maracanazinho Gymnasium, Rio de Janeiro, Brazil, Brazil",2015-03-21,https://www.sherdog.com/events/UFC-Fight-Night-62-Maia-vs-LaFlare-42185,2026-08-19T06:36:16.732388+00:00
42183,UFC 185 - Pettis vs. dos Anjos,2015-03-14T00:00:00+00:00,"American Airlines Center, Dallas, Texas, United States",2015-03-14,https://www.sherdog.com/events/UFC-185-Pettis-vs-dos-Anjos-42183,2026-08-19T06:36:16.739387+00:00
41893,UFC 184 - Rousey vs. Zingano,2015-02-28T00:00:00+00:00,"Staples Center, Los Angeles, California, United States",2015-02-28,https://www.sherdog.com/events/UFC-184-Rousey-vs-Zingano-41893,2026-08-19T06:36:16.749257+00:00
38843,UFC Fight Night 61 - Bigfoot vs. Mir,2015-02-22T00:00:00+00:00,"Gigantinho Gymnasium, Porto Alegre, Rio Grande do Sul, Brazil",2015-02-22,https://www.sherdog.com/events/UFC-Fight-Night-61-Bigfoot-vs-Mir-38843,2026-08-19T06:36:16.758234+00:00
42065,UFC Fight Night 60 - Henderson vs. Thatch,2015-02-14T00:00:00+00:00,"1stBank Center, Broomfield, Colorado, United States",2015-02-14,https://www.sherdog.com/events/UFC-Fight-Night-60-Henderson-vs-Thatch-42065,2026-08-19T06:36:16.766624+00:00
17789,UFC Live 6 - Cruz vs. Johnson,2011-10-01T00:00:00+00:00,"Verizon Center, Washington, D.C., United States",2011-10-01,https://www.sherdog.com/events/UFC-Live-6-Cruz-vs-Johnson-17789,2026-08-19T06:36:16.784814+00:00
17043,UFC 135 - Jones vs. Rampage,2011-09-24T00:00:00+00:00,"Pepsi Center, Denver, Colorado, United States",2011-09-24,https://www.sherdog.com/events/UFC-135-Jones-vs-Rampage-17043,2026-08-19T06:36:16.790364+00:00
16712,UFC Fight Night 25 - Shields vs. Ellenberger,2011-09-17T00:00:00+00:00,"Ernest N. Morial Convention Center, New Orleans, Louisiana, United States",2011-09-17,https://www.sherdog.com/events/UFC-Fight-Night-25-Shields-vs-Ellenberger-16712,2026-08-19T06:36:16.795935+00:00
15454,UFC 134 - Silva vs. Okami,2011-08-27T00:00:00+00:00,"HSBC Arena, Rio de Janeiro, Brazil, Brazil",2011-08-27,https://www.sherdog.com/events/UFC-134-Silva-vs-Okami-15454,2026-08-19T06:36:16.802436+00:00
16967,UFC Live 5 - Hardy vs. Lytle,2011-08-14T00:00:00+00:00,"Bradley Center, Milwaukee, Wisconsin, United States",2011-08-14,https://www.sherdog.com/events/UFC-Live-5-Hardy-vs-Lytle-16967,2026-08-19T06:36:16.817599+00:00
16787,UFC 133 - Evans vs. Ortiz 2,2011-08-06T00:00:00+00:00,"Wells Fargo Center, Philadelphia, Pennsylvania, United States",2011-08-06,https://www.sherdog.com/events/UFC-133-Evans-vs-Ortiz-2-16787,2026-08-19T06:36:16.924098+00:00
16495,UFC 132 - Cruz vs. Faber 2,2011-07-02T00:00:00+00:00,"MGM Grand Garden Arena, Las Vegas, Nevada, United States",2011-07-02,https://www.sherdog.com/events/UFC-132-Cruz-vs-Faber-2-16495,2026-08-19T06:36:16.943024+00:00
16309,UFC Live 4 - Kongo vs. Barry,2011-06-26T00:00:00+00:00,"Consol Energy Center, Pittsburgh, Pennsylvania, United States",2011-06-26,https://www.sherdog.com/events/UFC-Live-4-Kongo-vs-Barry-16309,2026-08-19T06:36:16.950531+00:00
15720,UFC 131 - Dos Santos vs. Carwin,2011-06-11T00:00:00+00:00,"Rogers Arena, Vancouver, British Columbia, Canada",2011-06-11,https://www.sherdog.com/events/UFC-131-Dos-Santos-vs-Carwin-15720,2026-08-19T06:36:16.966769+00:00
15811,UFC - The Ultimate Fighter 13 Finale,2011-06-04T00:00:00+00:00,"Palms Casino Resort, Las Vegas, Nevada, United States",2011-06-04,https://www.sherdog.com/events/UFC-The-Ultimate-Fighter-13-Finale-15811,2026-08-19T06:36:16.982255+00:00
15685,UFC 130 - Rampage vs. Hamill,2011-05-28T00:00:00+00:00,"MGM Grand Garden Arena, Las Vegas, Nevada, United States",2011-05-28,https://www.sherdog.com/events/UFC-130-Rampage-vs-Hamill-15685,2026-08-19T06:36:16.988208+00:00
15427,UFC 129 - St. Pierre vs. Shields,2011-04-30T00:00:00+00:00,"Rogers Centre, Toronto, Ontario, Canada",2011-04-30,https://www.sherdog.com/events/UFC-129-St-Pierre-vs-Shields-15427,2026-08-19T06:36:16.993925+00:00
15559,UFC Fight Night 24 - Nogueira vs. Davis,2011-03-26T00:00:00+00:00,"Key Arena, Seattle, Washington, United States",2011-03-26,https://www.sherdog.com/events/UFC-Fight-Night-24-Nogueira-vs-Davis-15559,2026-08-19T06:36:17.000379+00:00
15483,UFC 128 - Shogun vs. Jones,2011-03-19T00:00:00+00:00,"Prudential Center, Newark, New Jersey, United States",2011-03-19,https://www.sherdog.com/events/UFC-128-Shogun-vs-Jones-15483,2026-08-19T06:36:17.006791+00:00
15438,UFC Live 3 - Sanchez vs. Kampmann,2011-03-03T00:00:00+00:00,"KFC Yum! Center, Louisville, Kentucky, United States",2011-03-03,https://www.sherdog.com/events/UFC-Live-3-Sanchez-vs-Kampmann-15438,2026-08-19T06:36:17.013173+00:00
15202,UFC 127 - Penn vs. Fitch,2011-02-27T00:00:00+00:00,"Acer Arena, Sydney, New South Wales, Australia",2011-02-27,https://www.sherdog.com/events/UFC-127-Penn-vs-Fitch-15202,2026-08-19T06:36:17.021001+00:00
15104,UFC 126 - Silva vs. Belfort,2011-02-05T00:00:00+00:00,"Mandalay Bay Events Center, Las Vegas, Nevada, United States",2011-02-05,https://www.sherdog.com/events/UFC-126-Silva-vs-Belfort-15104,2026-08-19T06:36:17.036482+00:00
15120,UFC Fight Night 23 - Fight for the Troops 2,2011-01-22T00:00:00+00:00,"Fort Hood, Killeen, Texas, United States",2011-01-22,https://www.sherdog.com/events/UFC-Fight-Night-23-Fight-for-the-Troops-2-15120,2026-08-19T06:36:17.054978+00:00
14530,UFC 125 - Resolution,2011-01-01T00:00:00+00:00,"MGM Grand Garden Arena, Las Vegas, Nevada, United States",2011-01-01,https://www.sherdog.com/events/UFC-125-Resolution-14530,2026-08-19T06:36:17.061039+00:00
14504,UFC 124 - St. Pierre vs. Koscheck 2,2010-12-11T00:00:00+00:00,"Bell Centre, Montreal, Quebec, Canada",2010-12-11,https://www.sherdog.com/events/UFC-124-St-Pierre-vs-Koscheck-2-14504,2026-08-19T06:36:17.067098+00:00
14462,UFC - The Ultimate Fighter 12 Finale,2010-12-04T00:00:00+00:00,"Palms Casino Resort, Las Vegas, Nevada, United States",2010-12-04,https://www.sherdog.com/events/UFC-The-Ultimate-Fighter-12-Finale-14462,2026-08-19T06:36:17.074808+00:00
14529,UFC 123 - Rampage vs. Machida,2010-11-20T00:00:00+00:00,"The Palace of Auburn Hills, Auburn Hills, Michigan, United States",2010-11-20,https://www.sherdog.com/events/UFC-123-Rampage-vs-Machida-14529,2026-08-19T06:36:17.080714+00:00
14430,UFC 122 - Marquardt vs. Okami,2010-11-13T00:00:00+00:00,"Konig Pilsener Arena, Oberhausen, Germany, Germany",2010-11-13,https://www.sherdog.com/events/UFC-122-Marquardt-vs-Okami-14430,2026-08-19T06:36:17.086688+00:00
14039,UFC 121 - Lesnar vs. Velasquez,2010-10-23T00:00:00+00:00,"Honda Center, Anaheim, California, United States",2010-10-23,https://www.sherdog.com/events/UFC-121-Lesnar-vs-Velasquez-14039,2026-08-19T06:36:17.097702+00:00
14025,UFC 120 - Bisping vs. Akiyama,2010-10-16T00:00:00+00:00,"O2 Arena, London, England, England",2010-10-16,https://www.sherdog.com/events/UFC-120-Bisping-vs-Akiyama-14025,2026-08-19T06:36:17.103704+00:00
13732,UFC 119 - Mir vs. Cro Cop,2010-09-25T00:00:00+00:00,"Conseco Fieldhouse, Indianapolis, Indiana, United States",2010-09-25,https://www.sherdog.com/events/UFC-119-Mir-vs-Cro-Cop-13732,2026-08-19T06:36:17.109278+00:00
14024,UFC Fight Night 22 - Marquardt vs. Palhares,2010-09-15T00:00:00+00:00,"Frank Erwin Center, Austin, Texas, United States",2010-09-15,https://www.sherdog.com/events/UFC-Fight-Night-22-Marquardt-vs-Palhares-14024,2026-08-19T06:36:17.115263+00:00
13380,UFC 118 - Edgar vs. Penn 2,2010-08-28T00:00:00+00:00,"TD Garden, Boston, Massachusetts, United States",2010-08-28,https://www.sherdog.com/events/UFC-118-Edgar-vs-Penn-2-13380,2026-08-19T06:36:17.120718+00:00
13310,UFC 117 - Silva vs. Sonnen,2010-08-07T00:00:00+00:00,"Oracle Arena, Oakland, California, United States",2010-08-07,https://www.sherdog.com/events/UFC-117-Silva-vs-Sonnen-13310,2026-08-19T06:36:17.126278+00:00
13294,UFC Live 2 - Jones vs. Matyushenko,2010-08-01T00:00:00+00:00,"San Diego Sports Arena, San Diego, California, United States",2010-08-01,https://www.sherdog.com/events/UFC-Live-2-Jones-vs-Matyushenko-13294,2026-08-19T06:36:17.132157+00:00
12765,UFC 116 - Lesnar vs. Carwin,2010-07-03T00:00:00+00:00,"MGM Grand Garden Arena, Las Vegas, Nevada, United States",2010-07-03,https://www.sherdog.com/events/UFC-116-Lesnar-vs-Carwin-12765,2026-08-19T06:36:17.143433+00:00
12897,UFC - The Ultimate Fighter 11 Finale,2010-06-19T00:00:00+00:00,"Palms Casino Resort, Las Vegas, Nevada, United States",2010-06-19,https://www.sherdog.com/events/UFC-The-Ultimate-Fighter-11-Finale-12897,2026-08-19T06:36:17.154714+00:00
12447,UFC 115 - Liddell vs. Franklin,2010-06-12T00:00:00+00:00,"GM Place, Vancouver, British Columbia, Canada",2010-06-12,https://www.sherdog.com/events/UFC-115-Liddell-vs-Franklin-12447,2026-08-19T06:36:17.162659+00:00
12446,UFC 114 - Rampage vs. Evans,2010-05-29T00:00:00+00:00,"MGM Grand Garden Arena, Las Vegas, Nevada, United States",2010-05-29,https://www.sherdog.com/events/UFC-114-Rampage-vs-Evans-12446,2026-08-19T06:36:17.183098+00:00
12390,UFC 113 - Machida vs. Shogun 2,2010-05-08T00:00:00+00:00,"Bell Centre, Montreal, Quebec, Canada",2010-05-08,https://www.sherdog.com/events/UFC-113-Machida-vs-Shogun-2-12390,2026-08-19T06:36:17.191112+00:00
12184,UFC 112 - Invincible,2010-04-10T00:00:00+00:00,"Ferrari World Concert Arena, Abu Dhabi, United Arab Emirates, United Arab Emirates",2010-04-10,https://www.sherdog.com/events/UFC-112-Invincible-12184,2026-08-19T06:36:17.282510+00:00
12474,UFC Fight Night 21 - Florian vs. Gomi,2010-03-31T00:00:00+00:00,"Bojangles Coliseum, Charlotte, North Carolina, United States",2010-03-31,https://www.sherdog.com/events/UFC-Fight-Night-21-Florian-vs-Gomi-12474,2026-08-19T06:36:19.663411+00:00
12131,UFC 111 - St. Pierre vs. Hardy,2010-03-27T00:00:00+00:00,"Prudential Center, Newark, New Jersey, United States",2010-03-27,https://www.sherdog.com/events/UFC-111-St-Pierre-vs-Hardy-12131,2026-08-19T06:36:19.671087+00:00
12389,UFC Live 1 - Vera vs. Jones,2010-03-21T00:00:00+00:00,"1stBank Center, Broomfield, Colorado, United States",2010-03-21,https://www.sherdog.com/events/UFC-Live-1-Vera-vs-Jones-12389,2026-08-19T06:36:19.677094+00:00
11792,UFC 110 - Nogueira vs. Velasquez,2010-02-20T00:00:00+00:00,"Acer Arena, Sydney, New South Wales, Australia",2010-02-20,https://www.sherdog.com/events/UFC-110-Nogueira-vs-Velasquez-11792,2026-08-19T06:36:19.690982+00:00
11741,UFC 109 - Relentless,2010-02-06T00:00:00+00:00,"Mandalay Bay Events Center, Las Vegas, Nevada, United States",2010-02-06,https://www.sherdog.com/events/UFC-109-Relentless-11741,2026-08-19T06:36:19.700183+00:00
11617,UFC Fight Night 20 - Maynard vs. Diaz,2010-01-11T00:00:00+00:00,"Patriot Center, Fairfax, Virginia, United States",2010-01-11,https://www.sherdog.com/events/UFC-Fight-Night-20-Maynard-vs-Diaz-11617,2026-08-19T06:36:19.726222+00:00
11471,UFC 108 - Evans vs. Silva,2010-01-02T00:00:00+00:00,"MGM Grand Garden Arena, Las Vegas, Nevada, United States",2010-01-02,https://www.sherdog.com/events/UFC-108-Evans-vs-Silva-11471,2026-08-19T06:36:19.732267+00:00
11118,UFC 107 - Penn vs. Sanchez,2009-12-12T00:00:00+00:00,"FedEx Forum, Memphis, Tennessee, United States",2009-12-12,https://www.sherdog.com/events/UFC-107-Penn-vs-Sanchez-11118,2026-08-19T06:36:19.744138+00:00
11054,UFC - The Ultimate Fighter 10 Finale,2009-12-05T00:00:00+00:00,"Palms Casino Resort, Las Vegas, Nevada, United States",2009-12-05,https://www.sherdog.com/events/UFC-The-Ultimate-Fighter-10-Finale-11054,2026-08-19T06:36:19.750509+00:00
11053,UFC 106 - Ortiz vs. Griffin 2,2009-11-21T00:00:00+00:00,"Mandalay Bay Events Center, Las Vegas, Nevada, United States",2009-11-21,https://www.sherdog.com/events/UFC-106-Ortiz-vs-Griffin-2-11053,2026-08-19T06:36:19.785162+00:00
11052,UFC 105 - Couture vs. Vera,2009-11-14T00:00:00+00:00,"Manchester Evening News Arena, Manchester, Lancashire, England",2009-11-14,https://www.sherdog.com/events/UFC-105-Couture-vs-Vera-11052,2026-08-19T06:36:19.790785+00:00
10333,UFC 104 - Machida vs. Shogun,2009-10-24T00:00:00+00:00,"Staples Center, Los Angeles, California, United States",2009-10-24,https://www.sherdog.com/events/UFC-104-Machida-vs-Shogun-10333,2026-08-19T06:36:19.796722+00:00
10444,UFC 103 - Franklin vs. Belfort,2009-09-19T00:00:00+00:00,"American Airlines Center, Dallas, Texas, United States",2009-09-19,https://www.sherdog.com/events/UFC-103-Franklin-vs-Belfort-10444,2026-08-19T06:36:19.802705+00:00
10443,UFC Fight Night 19 - Diaz vs. Guillard,2009-09-16T00:00:00+00:00,"Cox Convention Center, Oklahoma City, Oklahoma, United States",2009-09-16,https://www.sherdog.com/events/UFC-Fight-Night-19-Diaz-vs-Guillard-10443,2026-08-19T06:36:19.809527+00:00
10147,UFC 102 - Couture vs. Nogueira,2009-08-29T00:00:00+00:00,"Rose Garden Arena, Portland, Oregon, United States",2009-08-29,https://www.sherdog.com/events/UFC-102-Couture-vs-Nogueira-10147,2026-08-19T06:36:19.815021+00:00
9925,UFC 101 - Declaration,2009-08-08T00:00:00+00:00,"Wachovia Center, Philadelphia, Pennsylvania, United States",2009-08-08,https://www.sherdog.com/events/UFC-101-Declaration-9925,2026-08-19T06:36:19.821040+00:00
9568,UFC 100 - Lesnar vs. Mir 2,2009-07-11T00:00:00+00:00,"Mandalay Bay Events Center, Las Vegas, Nevada, United States",2009-07-11,https://www.sherdog.com/events/UFC-100-Lesnar-vs-Mir-2-9568,2026-08-19T06:36:19.826977+00:00
9751,UFC - The Ultimate Fighter 9 Finale,2009-06-20T00:00:00+00:00,"Palms Casino Resort, Las Vegas, Nevada, United States",2009-06-20,https://www.sherdog.com/events/UFC-The-Ultimate-Fighter-9-Finale-9751,2026-08-19T06:36:19.848134+00:00
9297,UFC 99 - The Comeback,2009-06-13T00:00:00+00:00,"Lanxess Arena, Cologne, Germany, Germany",2009-06-13,https://www.sherdog.com/events/UFC-99-The-Comeback-9297,2026-08-19T06:36:19.857792+00:00
9529,UFC 98 - Evans vs. Machida,2009-05-23T00:00:00+00:00,"MGM Grand Garden Arena, Las Vegas, Nevada, United States",2009-05-23,https://www.sherdog.com/events/UFC-98-Evans-vs-Machida-9529,2026-08-19T06:36:19.874697+00:00
9432,UFC 97 - Redemption,2009-04-18T00:00:00+00:00,"Bell Centre, Montreal, Quebec, Canada",2009-04-18,https://www.sherdog.com/events/UFC-97-Redemption-9432,2026-08-19T06:36:19.880744+00:00
9448,UFC Fight Night 18 - Condit vs. Kampmann,2009-04-01T00:00:00+00:00,"Sommet Center, Nashville, Tennessee, United States",2009-04-01,https://www.sherdog.com/events/UFC-Fight-Night-18-Condit-vs-Kampmann-9448,2026-08-19T06:36:19.887353+00:00
9427,UFC 96 - Jackson vs. Jardine,2009-03-07T00:00:00+00:00,"Nationwide Arena, Columbus, Ohio, United States",2009-03-07,https://www.sherdog.com/events/UFC-96-Jackson-vs-Jardine-9427,2026-08-19T06:36:19.893352+00:00
9250,UFC 95 - Sanchez vs. Stevenson,2009-02-21T00:00:00+00:00,"O2 Arena, London, England, England",2009-02-21,https://www.sherdog.com/events/UFC-95-Sanchez-vs-Stevenson-9250,2026-08-19T06:36:19.902444+00:00
9307,UFC Fight Night 17 - Lauzon vs. Stephens,2009-02-07T00:00:00+00:00,"USF Sun Dome, Tampa, Florida, United States",2009-02-07,https://www.sherdog.com/events/UFC-Fight-Night-17-Lauzon-vs-Stephens-9307,2026-08-19T06:36:19.913063+00:00
8465,UFC 94 - St. Pierre vs. Penn 2,2009-01-31T00:00:00+00:00,"MGM Grand Garden Arena, Las Vegas, Nevada, United States",2009-01-31,https://www.sherdog.com/events/UFC-94-St-Pierre-vs-Penn-2-8465,2026-08-19T06:36:19.921031+00:00
8864,UFC 93 - Franklin vs. Henderson,2009-01-17T00:00:00+00:00,"O2 Arena, Dublin, Ireland, Ireland",2009-01-17,https://www.sherdog.com/events/UFC-93-Franklin-vs-Henderson-8864,2026-08-19T06:36:19.933333+00:00
8732,UFC 92 - The Ultimate 2008,2008-12-27T00:00:00+00:00,"MGM Grand Garden Arena, Las Vegas, Nevada, United States",2008-12-27,https://www.sherdog.com/events/UFC-92-The-Ultimate-2008-8732,2026-08-19T06:36:19.938845+00:00
8765,UFC - The Ultimate Fighter 8 Finale,2008-12-13T00:00:00+00:00,"Palms Casino Resort, Las Vegas, Nevada, United States",2008-12-13,https://www.sherdog.com/events/UFC-The-Ultimate-Fighter-8-Finale-8765,2026-08-19T06:36:19.944330+00:00
8724,UFC Fight Night 16 - Fight for the Troops 1,2008-12-10T00:00:00+00:00,"Crown Coliseum, Fayetteville, North Carolina, United States",2008-12-10,https://www.sherdog.com/events/UFC-Fight-Night-16-Fight-for-the-Troops-1-8724,2026-08-19T06:36:19.949875+00:00
8406,UFC 91 - Couture vs. Lesnar,2008-11-15T00:00:00+00:00,"MGM Grand Garden Arena, Las Vegas, Nevada, United States",2008-11-15,https://www.sherdog.com/events/UFC-91-Couture-vs-Lesnar-8406,2026-08-19T06:36:19.955331+00:00
8188,UFC 90 - Silva vs. Cote,2008-10-25T00:00:00+00:00,"Allstate Arena, Rosemont, Illinois, United States",2008-10-25,https://www.sherdog.com/events/UFC-90-Silva-vs-Cote-8188,2026-08-19T06:36:19.960388+00:00
8070,UFC 89 - Bisping vs. Leben,2008-10-18T00:00:00+00:00,"National Indoor Arena, Birmingham, West Midlands, England",2008-10-18,https://www.sherdog.com/events/UFC-89-Bisping-vs-Leben-8070,2026-08-19T06:36:19.965948+00:00
7916,UFC Fight Night 15 - Diaz vs. Neer,2008-09-17T00:00:00+00:00,"Omaha Civic Auditorium, Omaha, Nebraska, United States",2008-09-17,https://www.sherdog.com/events/UFC-Fight-Night-15-Diaz-vs-Neer-7916,2026-08-19T06:36:19.971820+00:00
7837,UFC 88 - Breakthrough,2008-09-06T00:00:00+00:00,"Philips Arena, Atlanta, Georgia, United States",2008-09-06,https://www.sherdog.com/events/UFC-88-Breakthrough-7837,2026-08-19T06:36:19.977260+00:00
6779,UFC 87 - Seek and Destroy,2008-08-09T00:00:00+00:00,"Target Center, Minneapolis, Minnesota, United States",2008-08-09,https://www.sherdog.com/events/UFC-87-Seek-and-Destroy-6779,2026-08-19T06:36:19.990728+00:00
7835,UFC Fight Night 14 - Silva vs. Irvin,2008-07-19T00:00:00+00:00,"Palms Casino Resort, Las Vegas, Nevada, United States",2008-07-19,https://www.sherdog.com/events/UFC-Fight-Night-14-Silva-vs-Irvin-7835,2026-08-19T06:36:20.141195+00:00
7021,UFC 86 - Jackson vs. Griffin,2008-07-05T00:00:00+00:00,"Mandalay Bay Events Center, Las Vegas, Nevada, United States",2008-07-05,https://www.sherdog.com/events/UFC-86-Jackson-vs-Griffin-7021,2026-08-19T06:36:20.147283+00:00
6954,UFC - The Ultimate Fighter 7 Finale,2008-06-21T00:00:00+00:00,"Palms Casino Resort, Las Vegas, Nevada, United States",2008-06-21,https://www.sherdog.com/events/UFC-The-Ultimate-Fighter-7-Finale-6954,2026-08-19T06:36:20.156062+00:00
39291,UFC 183 - Silva vs. Diaz,2015-01-31T00:00:00+00:00,"MGM Grand Garden Arena, Las Vegas, Nevada, United States",2015-01-31,https://www.sherdog.com/events/UFC-183-Silva-vs-Diaz-39291,2026-08-19T06:36:20.161634+00:00
42123,UFC on Fox 14 - Gustafsson vs. Johnson,2015-01-24T00:00:00+00:00,"Tele2 Arena, Stockholm, Sweden, Sweden",2015-01-24,https://www.sherdog.com/events/UFC-on-Fox-14-Gustafsson-vs-Johnson-42123,2026-08-19T06:36:20.168188+00:00
41773,UFC Fight Night 59 - McGregor vs. Siver,2015-01-18T00:00:00+00:00,"TD Garden, Boston, Massachusetts, United States",2015-01-18,https://www.sherdog.com/events/UFC-Fight-Night-59-McGregor-vs-Siver-41773,2026-08-19T06:36:20.174852+00:00
38841,UFC 182 - Jones vs. Cormier,2015-01-03T00:00:00+00:00,"MGM Grand Garden Arena, Las Vegas, Nevada, United States",2015-01-03,https://www.sherdog.com/events/UFC-182-Jones-vs-Cormier-38841,2026-08-19T06:36:20.181404+00:00
40613,UFC Fight Night 58 - Machida vs. Dollaway,2014-12-20T00:00:00+00:00,"Jose Correa Arena, Barueri, Sao Paulo, Brazil",2014-12-20,https://www.sherdog.com/events/UFC-Fight-Night-58-Machida-vs-Dollaway-40613,2026-08-19T06:36:20.187521+00:00
38839,UFC on Fox 13 - Dos Santos vs. Miocic,2014-12-13T00:00:00+00:00,"US Airways Center, Phoenix, Arizona, United States",2014-12-13,https://www.sherdog.com/events/UFC-on-Fox-13-Dos-Santos-vs-Miocic-38839,2026-08-19T06:36:20.194131+00:00
40679,UFC - The Ultimate Fighter 20 Finale,2014-12-12T00:00:00+00:00,"Palms Casino Resort, Las Vegas, Nevada, United States",2014-12-12,https://www.sherdog.com/events/UFC-The-Ultimate-Fighter-20-Finale-40679,2026-08-19T06:36:20.204245+00:00
35511,UFC 181 - Hendricks vs. Lawler 2,2014-12-06T00:00:00+00:00,"Mandalay Bay Events Center, Las Vegas, Nevada, United States",2014-12-06,https://www.sherdog.com/events/UFC-181-Hendricks-vs-Lawler-2-35511,2026-08-19T06:36:20.210388+00:00
39915,UFC Fight Night 57 - Edgar vs. Swanson,2014-11-22T00:00:00+00:00,"Frank Erwin Center, Austin, Texas, United States",2014-11-22,https://www.sherdog.com/events/UFC-Fight-Night-57-Edgar-vs-Swanson-39915,2026-08-19T06:36:20.216601+00:00
37549,UFC 180 - Werdum vs. Hunt,2014-11-15T00:00:00+00:00,"Mexico City Arena, Mexico City, Federal District, Mexico",2014-11-15,https://www.sherdog.com/events/UFC-180-Werdum-vs-Hunt-37549,2026-08-19T06:36:20.223181+00:00
40223,UFC Fight Night 56 - Shogun vs. St. Preux,2014-11-08T00:00:00+00:00,"Tancredo Neves Municipal Gymnasium, Uberlandia, Minas Gerais, Brazil",2014-11-08,https://www.sherdog.com/events/UFC-Fight-Night-56-Shogun-vs-St-Preux-40223,2026-08-19T06:36:20.229246+00:00
40339,UFC Fight Night 55 - Rockhold vs. Bisping,2014-11-07T00:00:00+00:00,"Allphones Arena, Sydney, New South Wales, Australia",2014-11-07,https://www.sherdog.com/events/UFC-Fight-Night-55-Rockhold-vs-Bisping-40339,2026-08-19T06:36:20.237401+00:00
37749,UFC 179 - Aldo vs. Mendes 2,2014-10-25T00:00:00+00:00,"Maracanazinho Gymnasium, Rio de Janeiro, Rio de Janeiro, Brazil",2014-10-25,https://www.sherdog.com/events/UFC-179-Aldo-vs-Mendes-2-37749,2026-08-19T06:36:20.243511+00:00
35509,UFC Fight Night 54 - MacDonald vs. Saffiedine,2014-10-04T15:00:00+00:00,"Halifax Metro Centre, Halifax, Nova Scotia, Canada",2014-10-04,https://www.sherdog.com/events/UFC-Fight-Night-54-MacDonald-vs-Saffiedine-35509,2026-08-19T06:36:20.249699+00:00
37747,UFC Fight Night 53 - Nelson vs. Story,2014-10-04T10:00:00+00:00,"Ericsson Globe Arena, Stockholm, Sweden, Sweden",2014-10-04,https://www.sherdog.com/events/UFC-Fight-Night-53-Nelson-vs-Story-37747,2026-08-19T06:36:20.292678+00:00
35507,UFC 178 - Johnson vs. Cariaso,2014-09-27T00:00:00+00:00,"MGM Grand Garden Arena, Las Vegas, Nevada, United States",2014-09-27,https://www.sherdog.com/events/UFC-178-Johnson-vs-Cariaso-35507,2026-08-19T06:36:20.298965+00:00
37745,UFC Fight Night 52 - Hunt vs. Nelson,2014-09-20T00:00:00+00:00,"Saitama Super Arena, Saitama, Japan, Japan",2014-09-20,https://www.sherdog.com/events/UFC-Fight-Night-52-Hunt-vs-Nelson-37745,2026-08-19T06:36:20.305226+00:00
37743,UFC Fight Night 51 - Bigfoot vs. Arlovski 2,2014-09-13T00:00:00+00:00,"Nilson Nelson Gymnasium, Brasilia, Federal District, Brazil",2014-09-13,https://www.sherdog.com/events/UFC-Fight-Night-51-Bigfoot-vs-Arlovski-2-37743,2026-08-19T06:36:20.311975+00:00
38431,UFC Fight Night 50 - Jacare vs. Mousasi 2,2014-09-05T00:00:00+00:00,"Foxwoods Resort Casino, Mashantucket, Connecticut, United States",2014-09-05,https://www.sherdog.com/events/UFC-Fight-Night-50-Jacare-vs-Mousasi-2-38431,2026-08-19T06:36:20.318026+00:00
38011,UFC 177 - Dillashaw vs. Soto,2014-08-30T00:00:00+00:00,"Sleep Train Arena, Sacramento, California, United States",2014-08-30,https://www.sherdog.com/events/UFC-177-Dillashaw-vs-Soto-38011,2026-08-19T06:36:20.323208+00:00
37361,UFC Fight Night 49 - Henderson vs. dos Anjos,2014-08-23T16:30:00+00:00,"BOK Center, Tulsa, Oklahoma, United States",2014-08-23,https://www.sherdog.com/events/UFC-Fight-Night-49-Henderson-vs-dos-Anjos-37361,2026-08-19T06:36:20.328041+00:00
37741,UFC Fight Night 48 - Bisping vs. Le,2014-08-23T03:30:00+00:00,"Cotai Arena, Macau, China, China",2014-08-23,https://www.sherdog.com/events/UFC-Fight-Night-48-Bisping-vs-Le-37741,2026-08-19T06:36:20.334071+00:00
37727,UFC Fight Night 47 - Bader vs. St. Preux,2014-08-16T00:00:00+00:00,"Cross Insurance Center, Bangor, Maine, United States",2014-08-16,https://www.sherdog.com/events/UFC-Fight-Night-47-Bader-vs-St-Preux-37727,2026-08-19T06:36:20.339734+00:00
37609,UFC 176 - Aldo vs. Mendes 2,2014-08-02T00:00:00+00:00,,2014-08-02,https://www.sherdog.com/events/UFC-176-Aldo-vs-Mendes-2-37609,2026-08-19T06:36:20.350466+00:00
37719,UFC on Fox 12 - Lawler vs. Brown,2014-07-26T00:00:00+00:00,"SAP Center, San Jose, California, United States",2014-07-26,https://www.sherdog.com/events/UFC-on-Fox-12-Lawler-vs-Brown-37719,2026-08-19T06:36:20.353358+00:00
36425,UFC Fight Night 46 - McGregor vs. Brandao,2014-07-19T00:00:00+00:00,"The O2, Dublin, Leinster, Ireland",2014-07-19,https://www.sherdog.com/events/UFC-Fight-Night-46-McGregor-vs-Brandao-36425,2026-08-19T06:36:20.362392+00:00
37359,UFC Fight Night 45 - Cerrone vs. Miller,2014-07-16T00:00:00+00:00,"Revel Casino Hotel, Atlantic City, New Jersey, United States",2014-07-16,https://www.sherdog.com/events/UFC-Fight-Night-45-Cerrone-vs-Miller-37359,2026-08-19T06:36:20.369372+00:00
36737,UFC - The Ultimate Fighter 19 Finale,2014-07-06T00:00:00+00:00,"Mandalay Bay Events Center, Las Vegas, Nevada, United States",2014-07-06,https://www.sherdog.com/events/UFC-The-Ultimate-Fighter-19-Finale-36737,2026-08-19T06:36:36.774051+00:00
36735,UFC 175 - Weidman vs. Machida,2014-07-05T00:00:00+00:00,"Mandalay Bay Events Center, Las Vegas, Nevada, United States",2014-07-05,https://www.sherdog.com/events/UFC-175-Weidman-vs-Machida-36735,2026-08-19T06:36:36.783777+00:00
36731,UFC Fight Night 44 - Swanson vs. Stephens,2014-06-28T16:00:00+00:00,"AT&T Center, San Antonio, Texas, United States",2014-06-28,https://www.sherdog.com/events/UFC-Fight-Night-44-Swanson-vs-Stephens-36731,2026-08-19T06:36:36.789821+00:00
37109,UFC Fight Night 43 - Te Huna vs. Marquardt,2014-06-28T11:00:00+00:00,", Vector Arena, Auckland, New Zealand",2014-06-28,https://www.sherdog.com/events/UFC-Fight-Night-43-Te-Huna-vs-Marquardt-37109,2026-08-19T06:36:36.796020+00:00
35505,UFC 174 - Johnson vs. Bagautinov,2014-06-14T00:00:00+00:00,"Rogers Arena, Vancouver, British Columbia, Canada",2014-06-14,https://www.sherdog.com/events/UFC-174-Johnson-vs-Bagautinov-35505,2026-08-19T06:36:36.808633+00:00
36711,UFC Fight Night 42 - Henderson vs. Khabilov,2014-06-07T00:00:00+00:00,"Tingley Coliseum, Albuquerque, New Mexico, United States",2014-06-07,https://www.sherdog.com/events/UFC-Fight-Night-42-Henderson-vs-Khabilov-36711,2026-08-19T06:36:36.816498+00:00
36427,UFC Fight Night 41 - Munoz vs. Mousasi,2014-05-31T00:00:00+00:00,"O2 World, Berlin, Germany, Germany",2014-05-31,https://www.sherdog.com/events/UFC-Fight-Night-41-Munoz-vs-Mousasi-36427,2026-08-19T06:36:36.825112+00:00
35955,UFC - The Ultimate Fighter Brazil 3 Finale,2014-05-31T00:00:00+00:00,"Geraldo Jose de Almeida (Ibirapuera) Gymnasium, Sao Paulo, Sao Paulo, Brazil",2014-05-31,https://www.sherdog.com/events/UFC-The-Ultimate-Fighter-Brazil-3-Finale-35955,2026-08-19T06:36:36.830715+00:00
35617,UFC 173 - Barao vs. Dillashaw,2014-05-24T00:00:00+00:00,"MGM Grand Garden Arena, Las Vegas, Nevada, United States",2014-05-24,https://www.sherdog.com/events/UFC-173-Barao-vs-Dillashaw-35617,2026-08-19T06:36:36.839779+00:00
36085,UFC Fight Night 40 - Brown vs. Silva,2014-05-10T00:00:00+00:00,"U.S. Bank Arena, Cincinnati, Ohio, United States",2014-05-10,https://www.sherdog.com/events/UFC-Fight-Night-40-Brown-vs-Silva-36085,2026-08-19T06:36:36.853395+00:00
34401,UFC 172 - Jones vs. Teixeira,2014-04-26T00:00:00+00:00,"Baltimore Arena, Baltimore, Maryland, United States",2014-04-26,https://www.sherdog.com/events/UFC-172-Jones-vs-Teixeira-34401,2026-08-19T06:36:36.860480+00:00
35107,UFC on Fox 11 - Werdum vs. Browne,2014-04-19T00:00:00+00:00,"Amway Center, Orlando, Florida, United States",2014-04-19,https://www.sherdog.com/events/UFC-on-Fox-11-Werdum-vs-Browne-35107,2026-08-19T06:36:36.866427+00:00
35503,UFC - The Ultimate Fighter Nations Finale,2014-04-16T00:00:00+00:00,"Pepsi Coliseum, Quebec City, Quebec, Canada",2014-04-16,https://www.sherdog.com/events/UFC-The-Ultimate-Fighter-Nations-Finale-35503,2026-08-19T06:36:36.875548+00:00
35669,UFC Fight Night 39 - Nogueira vs. Nelson,2014-04-11T00:00:00+00:00,"DU Arena, Abu Dhabi, United Arab Emirates, United Arab Emirates",2014-04-11,https://www.sherdog.com/events/UFC-Fight-Night-39-Nogueira-vs-Nelson-35669,2026-08-19T06:36:36.882723+00:00
35299,UFC Fight Night 38 - Shogun vs. Henderson 2,2014-03-23T00:00:00+00:00,"Nelio Dias Gymnasium, Natal, Rio Grande do Norte, Brazil",2014-03-23,https://www.sherdog.com/events/UFC-Fight-Night-38-Shogun-vs-Henderson-2-35299,2026-08-19T06:36:36.887523+00:00
33949,UFC 171 - Hendricks vs. Lawler,2014-03-15T00:00:00+00:00,"American Airlines Arena, Dallas, Texas, United States",2014-03-15,https://www.sherdog.com/events/UFC-171-Hendricks-vs-Lawler-33949,2026-08-19T06:36:36.901183+00:00
33383,UFC Fight Night 37 - Gustafsson vs. Manuwa,2014-03-08T00:00:00+00:00,"O2 Arena, London, Greater London, England",2014-03-08,https://www.sherdog.com/events/UFC-Fight-Night-37-Gustafsson-vs-Manuwa-33383,2026-08-19T06:36:36.908694+00:00
34819,UFC - The Ultimate Fighter China Finale,2014-03-01T00:00:00+00:00,"Cotai Arena, Macau, China, China",2014-03-01,https://www.sherdog.com/events/UFC-The-Ultimate-Fighter-China-Finale-34819,2026-08-19T06:36:36.914037+00:00
33337,UFC 170 - Rousey vs. McMann,2014-02-22T00:00:00+00:00,"Mandalay Bay Events Center, Las Vegas, Nevada, United States",2014-02-22,https://www.sherdog.com/events/UFC-170-Rousey-vs-McMann-33337,2026-08-19T06:36:36.918804+00:00
33523,UFC Fight Night 36 - Machida vs. Mousasi,2014-02-15T00:00:00+00:00,"Arena Jaragua, Jaragua do Sul, Santa Catarina, Brazil",2014-02-15,https://www.sherdog.com/events/UFC-Fight-Night-36-Machida-vs-Mousasi-33523,2026-08-19T06:36:36.925033+00:00
32773,UFC 169 - Barao vs. Faber 2,2014-02-01T00:00:00+00:00,"Prudential Center, Newark, New Jersey, United States",2014-02-01,https://www.sherdog.com/events/UFC-169-Barao-vs-Faber-2-32773,2026-08-19T06:36:36.931739+00:00
33335,UFC on Fox 10 - Henderson vs. Thomson,2014-01-25T00:00:00+00:00,"United Center, Chicago, Illinois, United States",2014-01-25,https://www.sherdog.com/events/UFC-on-Fox-10-Henderson-vs-Thomson-33335,2026-08-19T06:36:36.938331+00:00
33929,UFC Fight Night 35 - Rockhold vs. Philippou,2014-01-15T00:00:00+00:00,"The Arena at Gwinnett Center, Duluth, Georgia, United States",2014-01-15,https://www.sherdog.com/events/UFC-Fight-Night-35-Rockhold-vs-Philippou-33929,2026-08-19T06:36:36.944483+00:00
32999,UFC Fight Night 34 - Saffiedine vs. Lim,2014-01-04T00:00:00+00:00,"Marina Bay Sands, Marina Bay, Singapore, Singapore",2014-01-04,https://www.sherdog.com/events/UFC-Fight-Night-34-Saffiedine-vs-Lim-32999,2026-08-19T06:36:36.951123+00:00
31257,UFC 168 - Weidman vs. Silva 2,2013-12-28T00:00:00+00:00,"MGM Grand Garden Arena, Las Vegas, Nevada, United States",2013-12-28,https://www.sherdog.com/events/UFC-168-Weidman-vs-Silva-2-31257,2026-08-19T06:36:36.956763+00:00
26217,UFC on Fox 9 - Johnson vs. Benavidez 2,2013-12-14T00:00:00+00:00,"Sleep Train Arena, Sacramento, California, United States",2013-12-14,https://www.sherdog.com/events/UFC-on-Fox-9-Johnson-vs-Benavidez-2-26217,2026-08-19T06:36:36.962947+00:00
32293,UFC Fight Night 33 - Hunt vs. Bigfoot,2013-12-07T00:00:00+00:00,"Brisbane Entertainment Centre, Brisbane, Queensland, Australia",2013-12-07,https://www.sherdog.com/events/UFC-Fight-Night-33-Hunt-vs-Bigfoot-32293,2026-08-19T06:36:36.969066+00:00
32325,UFC - The Ultimate Fighter 18 Finale,2013-11-30T00:00:00+00:00,"Mandalay Bay Events Center, Las Vegas, Nevada, United States",2013-11-30,https://www.sherdog.com/events/UFC-The-Ultimate-Fighter-18-Finale-32325,2026-08-19T06:36:36.975099+00:00
30815,UFC 167 - St. Pierre vs. Hendricks,2013-11-16T00:00:00+00:00,"MGM Grand Garden Arena, Las Vegas, Nevada, United States",2013-11-16,https://www.sherdog.com/events/UFC-167-St-Pierre-vs-Hendricks-30815,2026-08-19T06:36:36.984541+00:00
32067,UFC Fight Night 32 - Belfort vs. Henderson,2013-11-09T00:00:00+00:00,"Goiania Arena, Goiania, Goias, Brazil",2013-11-09,https://www.sherdog.com/events/UFC-Fight-Night-32-Belfort-vs-Henderson-32067,2026-08-19T06:36:36.994973+00:00
32077,UFC Fight Night 31 - Fight for the Troops 3,2013-11-06T00:00:00+00:00,"Fort Campbell, Hopkinsville, Kentucky, United States",2013-11-06,https://www.sherdog.com/events/UFC-Fight-Night-31-Fight-for-the-Troops-3-32077,2026-08-19T06:36:37.002405+00:00
31371,UFC Fight Night 30 - Machida vs. Munoz,2013-10-26T00:00:00+00:00,"Phones 4U Arena, Manchester, Greater Manchester, England",2013-10-26,https://www.sherdog.com/events/UFC-Fight-Night-30-Machida-vs-Munoz-31371,2026-08-19T06:36:37.013116+00:00
30813,UFC 166 - Velasquez vs. Dos Santos 3,2013-10-19T00:00:00+00:00,"Toyota Center, Houston, Texas, United States",2013-10-19,https://www.sherdog.com/events/UFC-166-Velasquez-vs-Dos-Santos-3-30813,2026-08-19T06:36:37.021074+00:00
31869,UFC Fight Night 29 - Maia vs. Shields,2013-10-09T00:00:00+00:00,"Jose Correa Gymnasium, Barueri, Sao Paulo, Brazil",2013-10-09,https://www.sherdog.com/events/UFC-Fight-Night-29-Maia-vs-Shields-31869,2026-08-19T06:36:37.036719+00:00
30249,UFC 165 - Jones vs. Gustafsson,2013-09-21T00:00:00+00:00,"Air Canada Centre, Toronto, Ontario, Canada",2013-09-21,https://www.sherdog.com/events/UFC-165-Jones-vs-Gustafsson-30249,2026-08-19T06:36:37.042474+00:00
30213,UFC Fight Night 28 - Teixeira vs. Bader,2013-09-04T00:00:00+00:00,"Jornalista Felipe Drumond Stadium, Belo Horizonte, Minas Gerais, Brazil",2013-09-04,https://www.sherdog.com/events/UFC-Fight-Night-28-Teixeira-vs-Bader-30213,2026-08-19T06:36:37.049510+00:00
28701,UFC 164 - Henderson vs. Pettis 2,2013-08-31T00:00:00+00:00,"BMO Harris Bradley Center, Milwaukee, Wisconsin, United States",2013-08-31,https://www.sherdog.com/events/UFC-164-Henderson-vs-Pettis-2-28701,2026-08-19T06:36:37.055673+00:00
30211,UFC Fight Night 27 - Condit vs. Kampmann 2,2013-08-28T00:00:00+00:00,"Bankers Life Fieldhouse, Indianapolis, Indiana, United States",2013-08-28,https://www.sherdog.com/events/UFC-Fight-Night-27-Condit-vs-Kampmann-2-30211,2026-08-19T06:36:37.062299+00:00
29795,UFC Fight Night 26 - Shogun vs. Sonnen,2013-08-17T00:00:00+00:00,"TD Garden, Boston, Massachusetts, United States",2013-08-17,https://www.sherdog.com/events/UFC-Fight-Night-26-Shogun-vs-Sonnen-29795,2026-08-19T06:36:37.077743+00:00
28015,UFC 163 - Aldo vs. Korean Zombie,2013-08-03T00:00:00+00:00,"HSBC Arena, Rio de Janeiro, Brazil, Brazil",2013-08-03,https://www.sherdog.com/events/UFC-163-Aldo-vs-Korean-Zombie-28015,2026-08-19T06:36:37.088256+00:00
26215,UFC on Fox 8 - Johnson vs. Moraga,2013-07-27T00:00:00+00:00,"KeyArena, Seattle, Washington, United States",2013-07-27,https://www.sherdog.com/events/UFC-on-Fox-8-Johnson-vs-Moraga-26215,2026-08-19T06:36:37.096407+00:00
28459,UFC 162 - Silva vs. Weidman,2013-07-06T00:00:00+00:00,"MGM Grand Garden Arena, Las Vegas, Nevada, United States",2013-07-06,https://www.sherdog.com/events/UFC-162-Silva-vs-Weidman-28459,2026-08-19T06:36:37.198401+00:00
28457,UFC 161 - Evans vs. Henderson,2013-06-15T00:00:00+00:00,"MTS Centre, Winnipeg, Manitoba, Canada",2013-06-15,https://www.sherdog.com/events/UFC-161-Evans-vs-Henderson-28457,2026-08-19T06:36:37.216546+00:00
26101,UFC on Fuel TV 10 - Nogueira vs. Werdum,2013-06-08T12:00:00+00:00,"Paulo Sarasate Gymnasium, Fortaleza, Ceara, Brazil",2013-06-08,https://www.sherdog.com/events/UFC-on-Fuel-TV-10-Nogueira-vs-Werdum-26101,2026-08-19T06:36:37.228862+00:00
28051,UFC 160 - Velasquez vs. Bigfoot 2,2013-05-25T00:00:00+00:00,"MGM Grand Garden Arena, Las Vegas, Nevada, United States",2013-05-25,https://www.sherdog.com/events/UFC-160-Velasquez-vs-Bigfoot-2-28051,2026-08-19T06:36:37.301258+00:00
28215,UFC on FX 8 - Belfort vs. Rockhold,2013-05-18T00:00:00+00:00,"Arena Jaragua, Jaragua do Sul, Santa Catarina, Brazil",2013-05-18,https://www.sherdog.com/events/UFC-on-FX-8-Belfort-vs-Rockhold-28215,2026-08-19T06:36:37.307872+00:00
25825,UFC 159 - Jones vs. Sonnen,2013-04-27T00:00:00+00:00,"Prudential Center, Newark, New Jersey, United States",2013-04-27,https://www.sherdog.com/events/UFC-159-Jones-vs-Sonnen-25825,2026-08-19T06:36:37.314748+00:00
26213,UFC on Fox 7 - Henderson vs. Melendez,2013-04-20T00:00:00+00:00,"HP Pavilion, San Jose, California, United States",2013-04-20,https://www.sherdog.com/events/UFC-on-Fox-7-Henderson-vs-Melendez-26213,2026-08-19T06:36:37.320838+00:00
28023,UFC - The Ultimate Fighter 17 Finale,2013-04-13T00:00:00+00:00,"Mandalay Bay Events Center, Las Vegas, Nevada, United States",2013-04-13,https://www.sherdog.com/events/UFC-The-Ultimate-Fighter-17-Finale-28023,2026-08-19T06:36:37.327307+00:00
27589,UFC on Fuel TV 9 - Mousasi vs. Latifi,2013-04-06T00:00:00+00:00,"Ericsson Globe Arena, Stockholm, Sweden, Sweden",2013-04-06,https://www.sherdog.com/events/UFC-on-Fuel-TV-9-Mousasi-vs-Latifi-27589,2026-08-19T06:36:37.337153+00:00
27073,UFC 158 - St. Pierre vs. Diaz,2013-03-16T00:00:00+00:00,"Bell Centre, Montreal, Quebec, Canada",2013-03-16,https://www.sherdog.com/events/UFC-158-St-Pierre-vs-Diaz-27073,2026-08-19T06:36:37.346986+00:00
26333,UFC on Fuel TV 8 - Silva vs. Stann,2013-03-03T00:00:00+00:00,"Saitama Super Arena, Saitama, Japan, Japan",2013-03-03,https://www.sherdog.com/events/UFC-on-Fuel-TV-8-Silva-vs-Stann-26333,2026-08-19T06:36:37.353385+00:00
26381,UFC 157 - Rousey vs. Carmouche,2013-02-23T00:00:00+00:00,"Honda Center, Anaheim, California, United States",2013-02-23,https://www.sherdog.com/events/UFC-157-Rousey-vs-Carmouche-26381,2026-08-19T06:36:37.368094+00:00
26459,UFC on Fuel TV 7 - Barao vs. McDonald,2013-02-16T00:00:00+00:00,"Wembley Arena, London, England, England",2013-02-16,https://www.sherdog.com/events/UFC-on-Fuel-TV-7-Barao-vs-McDonald-26459,2026-08-19T06:36:37.374594+00:00
26099,UFC 156 - Aldo vs. Edgar,2013-02-02T00:00:00+00:00,"Mandalay Bay Events Center, Las Vegas, Nevada, United States",2013-02-02,https://www.sherdog.com/events/UFC-156-Aldo-vs-Edgar-26099,2026-08-19T06:36:37.381072+00:00
26199,UFC on Fox 6 - Johnson vs. Dodson,2013-01-26T00:00:00+00:00,"United Center, Chicago, Illinois, United States",2013-01-26,https://www.sherdog.com/events/UFC-on-Fox-6-Johnson-vs-Dodson-26199,2026-08-19T06:36:37.387151+00:00
26135,UFC on FX 7 - Belfort vs. Bisping,2013-01-19T00:00:00+00:00,"Geraldo Jose de Almeida State Gymnasium, Sao Paulo, Brazil, Brazil",2013-01-19,https://www.sherdog.com/events/UFC-on-FX-7-Belfort-vs-Bisping-26135,2026-08-19T06:36:37.393127+00:00
24185,UFC 155 - Dos Santos vs. Velasquez 2,2012-12-29T00:00:00+00:00,"MGM Grand Garden Arena, Las Vegas, Nevada, United States",2012-12-29,https://www.sherdog.com/events/UFC-155-Dos-Santos-vs-Velasquez-2-24185,2026-08-19T06:36:37.399154+00:00
24719,UFC - The Ultimate Fighter 16 Finale,2012-12-15T15:00:00+00:00,"The Joint at the Hard Rock Hotel & Casino, Las Vegas, Nevada, United States",2012-12-15,https://www.sherdog.com/events/UFC-The-Ultimate-Fighter-16-Finale-24719,2026-08-19T06:36:37.405616+00:00
24707,UFC on FX 6 - Sotiropoulos vs. Pearson,2012-12-15T01:00:00+00:00,"Gold Coast Convention Centre, Gold Coast, Queensland, Australia",2012-12-15,https://www.sherdog.com/events/UFC-on-FX-6-Sotiropoulos-vs-Pearson-24707,2026-08-19T06:36:37.411607+00:00
23169,UFC on Fox 5 - Henderson vs. Diaz,2012-12-08T00:00:00+00:00,"Key Arena, Seattle, Washington, United States",2012-12-08,https://www.sherdog.com/events/UFC-on-Fox-5-Henderson-vs-Diaz-23169,2026-08-19T06:36:37.418967+00:00
21047,UFC 154 - St. Pierre vs. Condit,2012-11-17T00:00:00+00:00,"Bell Centre, Montreal, Quebec, Canada",2012-11-17,https://www.sherdog.com/events/UFC-154-St-Pierre-vs-Condit-21047,2026-08-19T06:36:37.432606+00:00
23437,UFC on Fuel TV 6 - Franklin vs. Le,2012-11-10T00:00:00+00:00,"Cotai Arena, Cotai, Macau, China",2012-11-10,https://www.sherdog.com/events/UFC-on-Fuel-TV-6-Franklin-vs-Le-23437,2026-08-19T06:36:37.441318+00:00
23527,UFC 153 - Silva vs. Bonnar,2012-10-13T00:00:00+00:00,"HSBC Arena, Rio de Janeiro, Brazil, Brazil",2012-10-13,https://www.sherdog.com/events/UFC-153-Silva-vs-Bonnar-23527,2026-08-19T06:36:37.461177+00:00
22541,UFC on FX 5 - Browne vs. Bigfoot,2012-10-05T00:00:00+00:00,"Target Center, Minneapolis, Minnesota, United States",2012-10-05,https://www.sherdog.com/events/UFC-on-FX-5-Browne-vs-Bigfoot-22541,2026-08-19T06:36:37.467627+00:00
22725,UFC on Fuel TV 5 - Struve vs. Miocic,2012-09-29T01:00:00+00:00,"Capital FM Arena, Nottingham, England, England",2012-09-29,https://www.sherdog.com/events/UFC-on-Fuel-TV-5-Struve-vs-Miocic-22725,2026-08-19T06:36:37.473131+00:00
21045,UFC 152 - Jones vs. Belfort,2012-09-22T00:00:00+00:00,"Air Canada Centre, Toronto, Ontario, Canada",2012-09-22,https://www.sherdog.com/events/UFC-152-Jones-vs-Belfort-21045,2026-08-19T06:36:37.484008+00:00
25809,UFC 151 - Jones vs. Henderson,2012-09-01T00:00:00+00:00,,2012-09-01,https://www.sherdog.com/events/UFC-151-Jones-vs-Henderson-25809,2026-08-19T06:36:37.495317+00:00
22013,UFC 150 - Henderson vs. Edgar 2,2012-08-11T00:00:00+00:00,"Pepsi Center, Denver, Colorado, United States",2012-08-11,https://www.sherdog.com/events/UFC-150-Henderson-vs-Edgar-2-22013,2026-08-19T06:36:37.502878+00:00
20081,UFC on Fox 4 - Shogun vs. Vera,2012-08-04T00:00:00+00:00,"Staples Center, Los Angeles, California, United States",2012-08-04,https://www.sherdog.com/events/UFC-on-Fox-4-Shogun-vs-Vera-20081,2026-08-19T06:36:37.510816+00:00
20821,UFC 149 - Faber vs. Barao,2012-07-21T00:00:00+00:00,"Scotiabank Saddledome, Calgary, Alberta, Canada",2012-07-21,https://www.sherdog.com/events/UFC-149-Faber-vs-Barao-20821,2026-08-19T06:36:37.525307+00:00
21725,UFC on Fuel TV 4 - Munoz vs. Weidman,2012-07-11T00:00:00+00:00,"HP Pavillion, San Jose, California, United States",2012-07-11,https://www.sherdog.com/events/UFC-on-Fuel-TV-4-Munoz-vs-Weidman-21725,2026-08-19T06:36:37.538545+00:00
20355,UFC 148 - Silva vs. Sonnen 2,2012-07-07T00:00:00+00:00,"MGM Grand Garden Arena, Las Vegas, Nevada, United States",2012-07-07,https://www.sherdog.com/events/UFC-148-Silva-vs-Sonnen-2-20355,2026-08-19T06:36:37.548585+00:00
19449,UFC 147 - Silva vs. Franklin 2,2012-06-23T00:00:00+00:00,"Jornalista Felipe Drumond Stadium, Belo Horizonte, Minas Gerais, Brazil",2012-06-23,https://www.sherdog.com/events/UFC-147-Silva-vs-Franklin-2-19449,2026-08-19T06:36:37.764509+00:00
20385,UFC on FX 4 - Maynard vs. Guida,2012-06-22T00:00:00+00:00,"Revel Atlantic City, Atlantic City, New Jersey, United States",2012-06-22,https://www.sherdog.com/events/UFC-on-FX-4-Maynard-vs-Guida-20385,2026-08-19T06:36:37.770732+00:00
21037,UFC on FX 3 - Johnson vs. McCall,2012-06-08T00:00:00+00:00,"BankAtlantic Center, Fort Lauderdale, Florida, United States",2012-06-08,https://www.sherdog.com/events/UFC-on-FX-3-Johnson-vs-McCall-21037,2026-08-19T06:36:37.777156+00:00
19325,UFC - The Ultimate Fighter 15 Finale,2012-06-01T00:00:00+00:00,"Palms Casino Resort, Las Vegas, Nevada, United States",2012-06-01,https://www.sherdog.com/events/UFC-The-Ultimate-Fighter-15-Finale-19325,2026-08-19T06:36:37.783550+00:00
20353,UFC 146 - Dos Santos vs. Mir,2012-05-26T00:00:00+00:00,"MGM Grand Garden Arena, Las Vegas, Nevada, United States",2012-05-26,https://www.sherdog.com/events/UFC-146-Dos-Santos-vs-Mir-20353,2026-08-19T06:36:37.789082+00:00
20203,UFC on Fuel TV 3 - Korean Zombie vs. Poirier,2012-05-15T00:00:00+00:00,"Patriot Center, Fairfax, Virginia, United States",2012-05-15,https://www.sherdog.com/events/UFC-on-Fuel-TV-3-Korean-Zombie-vs-Poirier-20203,2026-08-19T06:36:37.803243+00:00
20039,UFC on Fox 3 - Diaz vs. Miller,2012-05-05T00:00:00+00:00,"Izod Center, East Rutherford, New Jersey, United States",2012-05-05,https://www.sherdog.com/events/UFC-on-Fox-3-Diaz-vs-Miller-20039,2026-08-19T06:36:37.811416+00:00
20031,UFC 145 - Jones vs. Evans,2012-04-21T00:00:00+00:00,"Phillips Arena, Atlanta, Georgia, United States",2012-04-21,https://www.sherdog.com/events/UFC-145-Jones-vs-Evans-20031,2026-08-19T06:36:37.820361+00:00
19857,UFC on Fuel TV 2 - Gustafsson vs. Silva,2012-04-14T00:00:00+00:00,"Ericsson Globe Arena, Stockholm, Sweden, Sweden",2012-04-14,https://www.sherdog.com/events/UFC-on-Fuel-TV-2-Gustafsson-vs-Silva-19857,2026-08-19T06:36:37.828107+00:00
19379,UFC on FX 2 - Alves vs. Kampmann,2012-03-03T00:00:00+00:00,"Allphones Arena, Sydney, New South Wales, Australia",2012-03-03,https://www.sherdog.com/events/UFC-on-FX-2-Alves-vs-Kampmann-19379,2026-08-19T06:36:37.849476+00:00
18347,UFC 144 - Edgar vs. Henderson,2012-02-26T00:00:00+00:00,"Saitama Super Arena, Saitama, Japan, Japan",2012-02-26,https://www.sherdog.com/events/UFC-144-Edgar-vs-Henderson-18347,2026-08-19T06:36:37.855555+00:00
19187,UFC on Fuel TV 1 - Sanchez vs. Ellenberger,2012-02-15T00:00:00+00:00,"Omaha Civic Auditorium, Omaha, Nebraska, United States",2012-02-15,https://www.sherdog.com/events/UFC-on-Fuel-TV-1-Sanchez-vs-Ellenberger-19187,2026-08-19T06:36:37.861921+00:00
18945,UFC 143 - Diaz vs. Condit,2012-02-04T00:00:00+00:00,"Mandalay Bay Events Center, Las Vegas, Nevada, United States",2012-02-04,https://www.sherdog.com/events/UFC-143-Diaz-vs-Condit-18945,2026-08-19T06:36:37.867005+00:00
19039,UFC on Fox 2 - Evans vs. Davis,2012-01-28T00:00:00+00:00,"United Center, Chicago, Illinois, United States",2012-01-28,https://www.sherdog.com/events/UFC-on-Fox-2-Evans-vs-Davis-19039,2026-08-19T06:36:58.234469+00:00
19068,UFC on FX 1 - Guillard vs. Miller,2012-01-20T00:00:00+00:00,"Bridgestone Arena, Nashville, Tennessee, United States",2012-01-20,https://www.sherdog.com/events/UFC-on-FX-1-Guillard-vs-Miller-19068,2026-08-19T06:36:58.241489+00:00
18901,UFC 142 - Aldo vs. Mendes,2012-01-14T00:00:00+00:00,"HSBC Arena, Rio de Janeiro, Brazil, Brazil",2012-01-14,https://www.sherdog.com/events/UFC-142-Aldo-vs-Mendes-18901,2026-08-19T06:36:58.247323+00:00
18346,UFC 141 - Lesnar vs. Overeem,2011-12-30T00:00:00+00:00,"MGM Grand Garden Arena, Las Vegas, Nevada, United States",2011-12-30,https://www.sherdog.com/events/UFC-141-Lesnar-vs-Overeem-18346,2026-08-19T06:36:58.255812+00:00
17274,UFC 140 - Jones vs. Machida,2011-12-10T00:00:00+00:00,"Air Canada Centre, Toronto, Ontario, Canada",2011-12-10,https://www.sherdog.com/events/UFC-140-Jones-vs-Machida-17274,2026-08-19T06:36:58.261445+00:00
17424,UFC - The Ultimate Fighter 14 Finale,2011-12-03T00:00:00+00:00,"The Pearl at the Palms, Las Vegas, Nevada, United States",2011-12-03,https://www.sherdog.com/events/UFC-The-Ultimate-Fighter-14-Finale-17424,2026-08-19T06:36:58.267840+00:00
17551,UFC 139 - Shogun vs. Henderson,2011-11-19T00:00:00+00:00,"HP Pavillion, San Jose, California, United States",2011-11-19,https://www.sherdog.com/events/UFC-139-Shogun-vs-Henderson-17551,2026-08-19T06:36:58.273404+00:00
18201,UFC on Fox 1 - Velasquez vs. Dos Santos,2011-11-12T00:00:00+00:00,"Honda Center, Anaheim, California, United States",2011-11-12,https://www.sherdog.com/events/UFC-on-Fox-1-Velasquez-vs-Dos-Santos-18201,2026-08-19T06:36:58.279717+00:00
17824,UFC 138 - Leben vs. Munoz,2011-11-05T00:00:00+00:00,"LG Arena, Birmingham, West Midlands, England",2011-11-05,https://www.sherdog.com/events/UFC-138-Leben-vs-Munoz-17824,2026-08-19T06:36:58.285212+00:00
17377,UFC 137 - Penn vs. Diaz,2011-10-29T00:00:00+00:00,"Mandalay Bay Events Center, Las Vegas, Nevada, United States",2011-10-29,https://www.sherdog.com/events/UFC-137-Penn-vs-Diaz-17377,2026-08-19T06:36:58.290733+00:00
17391,UFC 136 - Edgar vs. Maynard 3,2011-10-08T00:00:00+00:00,"Toyota Center, Houston, Texas, United States",2011-10-08,https://www.sherdog.com/events/UFC-136-Edgar-vs-Maynard-3-17391,2026-08-19T06:36:58.298918+00:00
6778,UFC 85 - Bedlam,2008-06-07T00:00:00+00:00,"O2 Arena, London, England, England",2008-06-07,https://www.sherdog.com/events/UFC-85-Bedlam-6778,2026-08-19T06:36:58.319014+00:00
6394,UFC 84 - Ill Will,2008-05-24T00:00:00+00:00,"MGM Grand Garden Arena, Las Vegas, Nevada, United States",2008-05-24,https://www.sherdog.com/events/UFC-84-Ill-Will-6394,2026-08-19T06:36:58.328917+00:00
6339,UFC 83 - Serra vs. St. Pierre 2,2008-04-19T00:00:00+00:00,"Bell Centre, Montreal, Quebec, Canada",2008-04-19,https://www.sherdog.com/events/UFC-83-Serra-vs-St-Pierre-2-6339,2026-08-19T06:36:58.344401+00:00
6552,UFC Fight Night 13 - Florian vs. Lauzon,2008-04-02T00:00:00+00:00,"Broomfield Event Center, Broomfield, Colorado, United States",2008-04-02,https://www.sherdog.com/events/UFC-Fight-Night-13-Florian-vs-Lauzon-6552,2026-08-19T06:36:58.351853+00:00
6039,UFC 82 - Pride of a Champion,2008-03-01T00:00:00+00:00,"Nationwide Arena, Columbus, Ohio, United States",2008-03-01,https://www.sherdog.com/events/UFC-82-Pride-of-a-Champion-6039,2026-08-19T06:36:58.360184+00:00
6038,UFC 81 - Breaking Point,2008-02-02T00:00:00+00:00,"MGM Grand Garden Arena, Las Vegas, Nevada, United States",2008-02-02,https://www.sherdog.com/events/UFC-81-Breaking-Point-6038,2026-08-19T06:36:58.377421+00:00
6179,UFC Fight Night 12 - Swick vs. Burkman,2008-01-23T00:00:00+00:00,"Palms Casino Resort, Las Vegas, Nevada, United States",2008-01-23,https://www.sherdog.com/events/UFC-Fight-Night-12-Swick-vs-Burkman-6179,2026-08-19T06:36:58.392930+00:00
5982,UFC 80 - Rapid Fire,2008-01-19T00:00:00+00:00,"Metro Radio Arena, Newcastle upon Tyne, Tyne and Wear, England",2008-01-19,https://www.sherdog.com/events/UFC-80-Rapid-Fire-5982,2026-08-19T06:36:58.398064+00:00
5458,UFC 79 - Nemesis,2007-12-29T00:00:00+00:00,"Mandalay Bay Events Center, Las Vegas, Nevada, United States",2007-12-29,https://www.sherdog.com/events/UFC-79-Nemesis-5458,2026-08-19T06:36:58.403145+00:00
5459,UFC - The Ultimate Fighter 6 Finale,2007-12-08T00:00:00+00:00,"Palms Casino Resort, Las Vegas, Nevada, United States",2007-12-08,https://www.sherdog.com/events/UFC-The-Ultimate-Fighter-6-Finale-5459,2026-08-19T06:36:58.408673+00:00
5708,UFC 78 - Validation,2007-11-17T00:00:00+00:00,"Prudential Center, Newark, New Jersey, United States",2007-11-17,https://www.sherdog.com/events/UFC-78-Validation-5708,2026-08-19T06:36:58.413687+00:00
5482,UFC 77 - Hostile Territory,2007-10-20T00:00:00+00:00,"U.S. Bank Arena, Cincinnati, Ohio, United States",2007-10-20,https://www.sherdog.com/events/UFC-77-Hostile-Territory-5482,2026-08-19T06:36:58.418765+00:00
5417,UFC 76 - Knockout,2007-09-22T00:00:00+00:00,"Honda Center, Anaheim, California, United States",2007-09-22,https://www.sherdog.com/events/UFC-76-Knockout-5417,2026-08-19T06:36:58.424677+00:00
5454,UFC Fight Night 11 - Thomas vs. Florian,2007-09-19T00:00:00+00:00,"Palms Casino Resort, Las Vegas, Nevada, United States",2007-09-19,https://www.sherdog.com/events/UFC-Fight-Night-11-Thomas-vs-Florian-5454,2026-08-19T06:36:58.429733+00:00
5298,UFC 75 - Champion vs. Champion,2007-09-08T00:00:00+00:00,"O2 Arena, London, England, England",2007-09-08,https://www.sherdog.com/events/UFC-75-Champion-vs-Champion-5298,2026-08-19T06:36:58.442333+00:00
5297,UFC 74 - Respect,2007-08-25T00:00:00+00:00,"Mandalay Bay Events Center, Las Vegas, Nevada, United States",2007-08-25,https://www.sherdog.com/events/UFC-74-Respect-5297,2026-08-19T06:36:58.447460+00:00
5158,UFC 73 - Stacked,2007-07-07T00:00:00+00:00,"ARCO Arena, Sacramento, California, United States",2007-07-07,https://www.sherdog.com/events/UFC-73-Stacked-5158,2026-08-19T06:36:58.455917+00:00
4681,UFC - The Ultimate Fighter 5 Finale,2007-06-23T00:00:00+00:00,"Palms Casino Resort, Las Vegas, Nevada, United States",2007-06-23,https://www.sherdog.com/events/UFC-The-Ultimate-Fighter-5-Finale-4681,2026-08-19T06:36:58.470608+00:00
5084,UFC 72 - Victory,2007-06-16T00:00:00+00:00,"The Odyssey, Belfast, Northern Ireland, Ireland",2007-06-16,https://www.sherdog.com/events/UFC-72-Victory-5084,2026-08-19T06:36:58.478172+00:00
5227,UFC Fight Night 10 - Stout vs. Fisher 2,2007-06-12T00:00:00+00:00,"Seminole Hard Rock Hotel and Casino, Hollywood, Florida, United States",2007-06-12,https://www.sherdog.com/events/UFC-Fight-Night-10-Stout-vs-Fisher-2-5227,2026-08-19T06:36:58.522796+00:00
4993,UFC 71 - Liddell vs. Jackson,2007-05-26T00:00:00+00:00,"MGM Grand Garden Arena, Las Vegas, Nevada, United States",2007-05-26,https://www.sherdog.com/events/UFC-71-Liddell-vs-Jackson-4993,2026-08-19T06:36:58.529139+00:00
4862,UFC 70 - Nations Collide,2007-04-21T00:00:00+00:00,"Manchester Evening News Arena, Manchester, Lancashire, England",2007-04-21,https://www.sherdog.com/events/UFC-70-Nations-Collide-4862,2026-08-19T06:36:58.534265+00:00
4663,UFC 69 - Shootout,2007-04-07T00:00:00+00:00,"Toyota Center, Houston, Texas, United States",2007-04-07,https://www.sherdog.com/events/UFC-69-Shootout-4663,2026-08-19T06:36:58.539668+00:00
4682,UFC Fight Night 9 - Stevenson vs. Guillard,2007-04-05T00:00:00+00:00,"Palms Casino Resort, Las Vegas, Nevada, United States",2007-04-05,https://www.sherdog.com/events/UFC-Fight-Night-9-Stevenson-vs-Guillard-4682,2026-08-19T06:36:58.545182+00:00
4662,UFC 68 - Uprising,2007-03-03T00:00:00+00:00,"Nationwide Arena, Columbus, Ohio, United States",2007-03-03,https://www.sherdog.com/events/UFC-68-Uprising-4662,2026-08-19T06:36:58.551005+00:00
4311,UFC 67 - All or Nothing,2007-02-03T00:00:00+00:00,"Mandalay Bay Events Center, Las Vegas, Nevada, United States",2007-02-03,https://www.sherdog.com/events/UFC-67-All-or-Nothing-4311,2026-08-19T06:36:58.682306+00:00
4664,UFC Fight Night 8 - Evans vs. Salmon,2007-01-25T00:00:00+00:00,"Seminole Hard Rock Hotel and Casino, Hollywood, Florida, United States",2007-01-25,https://www.sherdog.com/events/UFC-Fight-Night-8-Evans-vs-Salmon-4664,2026-08-19T06:36:58.691361+00:00
4312,UFC 66 - Liddell vs. Ortiz 2,2006-12-30T00:00:00+00:00,"MGM Grand Garden Arena, Las Vegas, Nevada, United States",2006-12-30,https://www.sherdog.com/events/UFC-66-Liddell-vs-Ortiz-2-4312,2026-08-19T06:36:58.696066+00:00
4626,UFC Fight Night 7 - Sanchez vs. Riggs,2006-12-13T00:00:00+00:00,"Marine Corps Air Station Miramar, San Diego, California, United States",2006-12-13,https://www.sherdog.com/events/UFC-Fight-Night-7-Sanchez-vs-Riggs-4626,2026-08-19T06:36:58.700973+00:00
4313,UFC 65 - Bad Intentions,2006-11-18T00:00:00+00:00,"ARCO Arena, Sacramento, California, United States",2006-11-18,https://www.sherdog.com/events/UFC-65-Bad-Intentions-4313,2026-08-19T06:36:58.706015+00:00
4314,UFC - The Ultimate Fighter 4 Finale,2006-11-11T00:00:00+00:00,"Hard Rock Hotel and Casino, Las Vegas, Nevada, United States",2006-11-11,https://www.sherdog.com/events/UFC-The-Ultimate-Fighter-4-Finale-4314,2026-08-19T06:36:58.712794+00:00
4181,UFC 64 - Unstoppable,2006-10-14T00:00:00+00:00,"Mandalay Bay Events Center, Las Vegas, Nevada, United States",2006-10-14,https://www.sherdog.com/events/UFC-64-Unstoppable-4181,2026-08-19T06:36:58.717406+00:00
4112,UFC Fight Night 6.5 - Ortiz vs. Shamrock 3,2006-10-10T00:00:00+00:00,"Seminole Hard Rock Hotel and Casino, Hollywood, Florida, United States",2006-10-10,https://www.sherdog.com/events/UFC-Fight-Night-65-Ortiz-vs-Shamrock-3-4112,2026-08-19T06:36:58.727290+00:00
4094,UFC 63 - Hughes vs. Penn 2,2006-09-23T00:00:00+00:00,"Honda Center, Anaheim, California, United States",2006-09-23,https://www.sherdog.com/events/UFC-63-Hughes-vs-Penn-2-4094,2026-08-19T06:36:58.732384+00:00
4027,UFC 62 - Liddell vs. Sobral,2006-08-26T00:00:00+00:00,"Mandalay Bay Events Center, Las Vegas, Nevada, United States",2006-08-26,https://www.sherdog.com/events/UFC-62-Liddell-vs-Sobral-4027,2026-08-19T06:36:58.737695+00:00
4026,UFC Fight Night 6 - Sanchez vs. Parisyan,2006-08-17T00:00:00+00:00,"Red Rock Casino Resort and Spa, Las Vegas, Nevada, United States",2006-08-17,https://www.sherdog.com/events/UFC-Fight-Night-6-Sanchez-vs-Parisyan-4026,2026-08-19T06:36:58.742716+00:00
3910,UFC 61 - Bitter Rivals,2006-07-08T00:00:00+00:00,"Mandalay Bay Events Center, Las Vegas, Nevada, United States",2006-07-08,https://www.sherdog.com/events/UFC-61-Bitter-Rivals-3910,2026-08-19T06:36:58.747737+00:00
3815,UFC Fight Night 5 - Leben vs. Silva,2006-06-28T00:00:00+00:00,"Hard Rock Hotel and Casino, Las Vegas, Nevada, United States",2006-06-28,https://www.sherdog.com/events/UFC-Fight-Night-5-Leben-vs-Silva-3815,2026-08-19T06:36:58.752736+00:00
3952,UFC - The Ultimate Fighter 3 Finale,2006-06-24T00:00:00+00:00,"Hard Rock Hotel and Casino, Las Vegas, Nevada, United States",2006-06-24,https://www.sherdog.com/events/UFC-The-Ultimate-Fighter-3-Finale-3952,2026-08-19T06:36:58.761279+00:00
3666,UFC 60 - Hughes vs. Gracie,2006-05-27T00:00:00+00:00,"Staples Center, Los Angeles, California, United States",2006-05-27,https://www.sherdog.com/events/UFC-60-Hughes-vs-Gracie-3666,2026-08-19T06:36:58.774862+00:00
3577,UFC 59 - Reality Check,2006-04-15T00:00:00+00:00,"Honda Center, Anaheim, California, United States",2006-04-15,https://www.sherdog.com/events/UFC-59-Reality-Check-3577,2026-08-19T06:36:58.781171+00:00
3665,UFC Fight Night 4 - Bonnar vs. Jardine,2006-04-06T00:00:00+00:00,"Hard Rock Hotel and Casino, Las Vegas, Nevada, United States",2006-04-06,https://www.sherdog.com/events/UFC-Fight-Night-4-Bonnar-vs-Jardine-3665,2026-08-19T06:36:58.786093+00:00
3512,UFC 58 - USA vs. Canada,2006-03-04T00:00:00+00:00,"Mandalay Bay Events Center, Las Vegas, Nevada, United States",2006-03-04,https://www.sherdog.com/events/UFC-58-USA-vs-Canada-3512,2026-08-19T06:36:58.791062+00:00
3508,UFC 57 - Liddell vs. Couture 3,2006-02-04T00:00:00+00:00,"Mandalay Bay Events Center, Las Vegas, Nevada, United States",2006-02-04,https://www.sherdog.com/events/UFC-57-Liddell-vs-Couture-3-3508,2026-08-19T06:36:58.805304+00:00
3486,UFC Fight Night 3 - Sylvia vs. Silva,2006-01-16T00:00:00+00:00,"Hard Rock Hotel and Casino, Las Vegas, Nevada, United States",2006-01-16,https://www.sherdog.com/events/UFC-Fight-Night-3-Sylvia-vs-Silva-3486,2026-08-19T06:36:58.815253+00:00
3328,UFC 56 - Full Force,2005-11-19T00:00:00+00:00,"MGM Grand Garden Arena, Las Vegas, Nevada, United States",2005-11-19,https://www.sherdog.com/events/UFC-56-Full-Force-3328,2026-08-19T06:36:58.824861+00:00
3375,UFC - The Ultimate Fighter 2 Finale,2005-11-05T00:00:00+00:00,"Hard Rock Hotel and Casino, Las Vegas, Nevada, United States",2005-11-05,https://www.sherdog.com/events/UFC-The-Ultimate-Fighter-2-Finale-3375,2026-08-19T06:36:58.829323+00:00
3250,UFC 55 - Fury,2005-10-07T00:00:00+00:00,"Mohegan Sun Arena, Uncasville, Connecticut, United States",2005-10-07,https://www.sherdog.com/events/UFC-55-Fury-3250,2026-08-19T06:36:58.838286+00:00
3255,UFC Fight Night 2 - Loiseau vs. Tanner,2005-10-03T00:00:00+00:00,"Hard Rock Hotel and Casino, Las Vegas, Nevada, United States",2005-10-03,https://www.sherdog.com/events/UFC-Fight-Night-2-Loiseau-vs-Tanner-3255,2026-08-19T06:36:58.842808+00:00
3093,UFC 54 - Boiling Point,2005-08-20T00:00:00+00:00,"MGM Grand Garden Arena, Las Vegas, Nevada, United States",2005-08-20,https://www.sherdog.com/events/UFC-54-Boiling-Point-3093,2026-08-19T06:36:58.847029+00:00
3100,UFC Fight Night 1 - Marquardt vs. Salaverry,2005-08-06T00:00:00+00:00,"Cox Pavillion, Las Vegas, Nevada, United States",2005-08-06,https://www.sherdog.com/events/UFC-Fight-Night-1-Marquardt-vs-Salaverry-3100,2026-08-19T06:36:58.851496+00:00
3054,UFC 53 - Heavy Hitters,2005-06-04T00:00:00+00:00,"Boardwalk Hall, Atlantic City, New Jersey, United States",2005-06-04,https://www.sherdog.com/events/UFC-53-Heavy-Hitters-3054,2026-08-19T06:36:58.869397+00:00
2930,UFC 52 - Couture vs. Liddell 2,2005-04-16T00:00:00+00:00,"MGM Grand Garden Arena, Las Vegas, Nevada, United States",2005-04-16,https://www.sherdog.com/events/UFC-52-Couture-vs-Liddell-2-2930,2026-08-19T06:36:58.874004+00:00
2971,UFC - The Ultimate Fighter 1 Finale,2005-04-09T00:00:00+00:00,"Cox Pavilion, Las Vegas, Nevada, United States",2005-04-09,https://www.sherdog.com/events/UFC-The-Ultimate-Fighter-1-Finale-2971,2026-08-19T06:36:58.878809+00:00
2690,UFC 51 - Super Saturday,2005-02-05T00:00:00+00:00,"Mandalay Bay Events Center, Las Vegas, Nevada, United States",2005-02-05,https://www.sherdog.com/events/UFC-51-Super-Saturday-2690,2026-08-19T06:36:58.886923+00:00
2512,UFC 50 - The War of '04,2004-10-22T00:00:00+00:00,"Boardwalk Hall, Atlantic City, New Jersey, United States",2004-10-22,https://www.sherdog.com/events/UFC-50-The-War-of-04-2512,2026-08-19T06:37:00.018567+00:00
2400,UFC 49 - Unfinished Business,2004-08-21T00:00:00+00:00,"MGM Grand Garden Arena, Las Vegas, Nevada, United States",2004-08-21,https://www.sherdog.com/events/UFC-49-Unfinished-Business-2400,2026-08-19T06:37:00.031389+00:00
2203,UFC 48 - Payback,2004-06-19T00:00:00+00:00,"Mandalay Bay Events Center, Las Vegas, Nevada, United States",2004-06-19,https://www.sherdog.com/events/UFC-48-Payback-2203,2026-08-19T06:37:00.036188+00:00
2121,UFC 47 - It's On,2004-04-02T00:00:00+00:00,"Mandalay Bay Events Center, Las Vegas, Nevada, United States",2004-04-02,https://www.sherdog.com/events/UFC-47-Its-On-2121,2026-08-19T06:37:00.040817+00:00
1943,UFC 46 - Supernatural,2004-01-31T00:00:00+00:00,"Mandalay Bay Events Center, Las Vegas, Nevada, United States",2004-01-31,https://www.sherdog.com/events/UFC-46-Supernatural-1943,2026-08-19T06:37:00.045556+00:00
1863,UFC 45 - Revolution,2003-11-21T00:00:00+00:00,"Mohegan Sun Arena, Uncasville, Conneticut, United States",2003-11-21,https://www.sherdog.com/events/UFC-45-Revolution-1863,2026-08-19T06:37:00.050087+00:00
1688,UFC 44 - Undisputed,2003-09-26T00:00:00+00:00,"Mandalay Bay Events Center, Las Vegas, Nevada, United States",2003-09-26,https://www.sherdog.com/events/UFC-44-Undisputed-1688,2026-08-19T06:37:00.054836+00:00
1614,UFC 43 - Meltdown,2003-06-06T00:00:00+00:00,"Thomas and Mack Center, Las Vegas, Nevada, United States",2003-06-06,https://www.sherdog.com/events/UFC-43-Meltdown-1614,2026-08-19T06:37:00.062098+00:00
1469,UFC 42 - Sudden Impact,2003-04-25T00:00:00+00:00,"American Airlines Arena, Miami, Florida, United States",2003-04-25,https://www.sherdog.com/events/UFC-42-Sudden-Impact-1469,2026-08-19T06:37:00.067033+00:00
1424,UFC 41 - Onslaught,2003-02-28T00:00:00+00:00,"Boardwalk Hall, Atlantic City, New Jersey, United States",2003-02-28,https://www.sherdog.com/events/UFC-41-Onslaught-1424,2026-08-19T06:37:00.141130+00:00
7483,UFC 8 - Underground Fight Club,2003-02-22T00:00:00+00:00,"Alabama, USA, , United States",2003-02-22,https://www.sherdog.com/events/UFC-8-Underground-Fight-Club-7483,2026-08-19T06:37:00.145832+00:00
1220,UFC 40 - Vendetta,2002-11-22T00:00:00+00:00,"MGM Grand Garden Arena, Las Vegas, Nevada, United States",2002-11-22,https://www.sherdog.com/events/UFC-40-Vendetta-1220,2026-08-19T06:37:00.149970+00:00
1085,UFC 39 - The Warriors Return,2002-09-27T00:00:00+00:00,"Mohegan Sun Arena, Uncasville, Conneticut, United States",2002-09-27,https://www.sherdog.com/events/UFC-39-The-Warriors-Return-1085,2026-08-19T06:37:00.155246+00:00
6528,UFC 7 - Underground Fight Club,2002-08-10T00:00:00+00:00,"Five Points Music Hall, Birmingham, Alabama, United States",2002-08-10,https://www.sherdog.com/events/UFC-7-Underground-Fight-Club-6528,2026-08-19T06:37:00.159991+00:00
923,UFC 38 - Brawl at the Hall,2002-07-13T00:00:00+00:00,"Royal Albert Hall, London, England, England",2002-07-13,https://www.sherdog.com/events/UFC-38-Brawl-at-the-Hall-923,2026-08-19T06:37:00.165318+00:00
901,UFC 37.5 - As Real As It Gets,2002-06-22T00:00:00+00:00,"Bellagio Hotel and Casino, Las Vegas, Nevada, United States",2002-06-22,https://www.sherdog.com/events/UFC-375-As-Real-As-It-Gets-901,2026-08-19T06:37:00.169352+00:00
6879,UFC 6 - Underground Fight Club,2002-05-25T00:00:00+00:00,"Clay, Alabama, USA, United States",2002-05-25,https://www.sherdog.com/events/UFC-6-Underground-Fight-Club-6879,2026-08-19T06:37:00.172883+00:00
850,UFC 37 - High Impact,2002-05-10T00:00:00+00:00,"CenturyTel Center, Bossier City, Louisiana, United States",2002-05-10,https://www.sherdog.com/events/UFC-37-High-Impact-850,2026-08-19T06:37:00.175569+00:00
771,UFC 36 - Worlds Collide,2002-03-22T00:00:00+00:00,"MGM Grand Garden Arena, Las Vegas, Nevada, United States",2002-03-22,https://www.sherdog.com/events/UFC-36-Worlds-Collide-771,2026-08-19T06:37:00.180172+00:00
668,UFC 35 - Throwdown,2002-01-11T00:00:00+00:00,"Mohegan Sun Arena, Uncasville, Conneticut, United States",2002-01-11,https://www.sherdog.com/events/UFC-35-Throwdown-668,2026-08-19T06:37:00.184642+00:00
6529,UFC 5 - Underground Fight Club,2001-11-09T00:00:00+00:00,"Clay, Alabama, USA, United States",2001-11-09,https://www.sherdog.com/events/UFC-5-Underground-Fight-Club-6529,2026-08-19T06:37:00.189098+00:00
540,UFC 34 - High Voltage,2001-11-02T00:00:00+00:00,"MGM Grand Garden Arena, Las Vegas, Nevada, United States",2001-11-02,https://www.sherdog.com/events/UFC-34-High-Voltage-540,2026-08-19T06:37:00.192974+00:00
430,UFC 33 - Victory in Vegas,2001-09-28T00:00:00+00:00,"Mandalay Bay Events Center, Las Vegas, Nevada, United States",2001-09-28,https://www.sherdog.com/events/UFC-33-Victory-in-Vegas-430,2026-08-19T06:37:00.197502+00:00
429,UFC 32 - Showdown in the Meadowlands,2001-06-29T00:00:00+00:00,"Continental Airlines Arena, East Ruthorford, New Jersey, United States",2001-06-29,https://www.sherdog.com/events/UFC-32-Showdown-in-the-Meadowlands-429,2026-08-19T06:37:00.202063+00:00
282,UFC 31 - Locked & Loaded,2001-05-04T00:00:00+00:00,"Trump Taj Mahal, Atlantic City, New Jersey, United States",2001-05-04,https://www.sherdog.com/events/UFC-31-Locked-Loaded-282,2026-08-19T06:37:00.206632+00:00
15769,UFC 4 - Underground Fight Club,2001-04-07T00:00:00+00:00,"Clay, Alabama, United States, United States",2001-04-07,https://www.sherdog.com/events/UFC-4-Underground-Fight-Club-15769,2026-08-19T06:37:00.210997+00:00
6812,UFC 3 - Underground Fight Club,2001-02-24T00:00:00+00:00,"Clay, Alabama, USA, United States",2001-02-24,https://www.sherdog.com/events/UFC-3-Underground-Fight-Club-6812,2026-08-19T06:37:00.214072+00:00
40,UFC 30 - Battle on the Boardwalk,2001-02-23T00:00:00+00:00,"Trump Taj Mahal, Atlantic City, New Jersey, United States",2001-02-23,https://www.sherdog.com/events/UFC-30-Battle-on-the-Boardwalk-40,2026-08-19T06:37:00.216863+00:00
39,UFC 29 - Defense of the Belts,2000-12-16T00:00:00+00:00,"Differ Ariake, Tokyo, Japan, Japan",2000-12-16,https://www.sherdog.com/events/UFC-29-Defense-of-the-Belts-39,2026-08-19T06:37:00.221286+00:00
38,UFC 28 - High Stakes,2000-11-17T00:00:00+00:00,"Trump Taj Mahal, Atlantic City, New Jersey, United States",2000-11-17,https://www.sherdog.com/events/UFC-28-High-Stakes-38,2026-08-19T06:37:00.225351+00:00
6814,UFC 2 - Underground Fight Club,2000-11-11T00:00:00+00:00,"Clay, Alabama, United States, United States",2000-11-11,https://www.sherdog.com/events/UFC-2-Underground-Fight-Club-6814,2026-08-19T06:37:00.234836+00:00
6813,UFC 1 - Underground Fight Club,2000-09-30T00:00:00+00:00,"Clay, Alabama, United States, United States",2000-09-30,https://www.sherdog.com/events/UFC-1-Underground-Fight-Club-6813,2026-08-19T06:37:00.237420+00:00
37,UFC 27 - Ultimate Bad Boyz,2000-09-22T00:00:00+00:00,"Lakefront Arena, New Orleans, Louisiana, United States",2000-09-22,https://www.sherdog.com/events/UFC-27-Ultimate-Bad-Boyz-37,2026-08-19T06:37:00.246337+00:00
36,UFC 26 - Ultimate Field of Dreams,2000-06-09T00:00:00+00:00,"U.S. Cellular Center, Cedar Rapids, Iowa, United States",2000-06-09,https://www.sherdog.com/events/UFC-26-Ultimate-Field-of-Dreams-36,2026-08-19T06:37:00.250821+00:00
35,UFC 25 - Ultimate Japan 3,2000-04-14T00:00:00+00:00,"Yoyogi National Gymnasium, Tokyo, Japan, Japan",2000-04-14,https://www.sherdog.com/events/UFC-25-Ultimate-Japan-3-35,2026-08-19T06:37:00.255315+00:00
34,UFC 24 - First Defense,2000-03-10T00:00:00+00:00,"Lake Charles Civic Center, Lake Charles, Louisiana, United States",2000-03-10,https://www.sherdog.com/events/UFC-24-First-Defense-34,2026-08-19T06:37:00.258892+00:00
33,UFC 23 - Ultimate Japan 2,1999-11-19T00:00:00+00:00,"Tokyo Bay N.K. Hall, Urayasu, Chiba, Japan",1999-11-19,https://www.sherdog.com/events/UFC-23-Ultimate-Japan-2-33,2026-08-19T06:37:00.262844+00:00
32,UFC 22 - There Can Be Only One Champion,1999-09-24T00:00:00+00:00,"Lake Charles Civic Center, Lake Charles, Louisiana, United States",1999-09-24,https://www.sherdog.com/events/UFC-22-There-Can-Be-Only-One-Champion-32,2026-08-19T06:37:00.266945+00:00
31,UFC 21 - Return of the Champions,1999-07-16T00:00:00+00:00,"U.S. Cellular Center, Cedar Rapids, Iowa, United States",1999-07-16,https://www.sherdog.com/events/UFC-21-Return-of-the-Champions-31,2026-08-19T06:37:00.271413+00:00
30,UFC 20 - Battle for the Gold,1999-05-07T00:00:00+00:00,"Boutwell Municipal Auditorium, Birmingham, Alabama, United States",1999-05-07,https://www.sherdog.com/events/UFC-20-Battle-for-the-Gold-30,2026-08-19T06:37:00.275954+00:00
29,UFC 19 - Ultimate Young Guns,1999-03-05T00:00:00+00:00,"Hollywood Casino, Bay St. Louis, Mississippi, United States",1999-03-05,https://www.sherdog.com/events/UFC-19-Ultimate-Young-Guns-29,2026-08-19T06:37:00.279929+00:00
28,UFC 18 - Road to the Heavyweight Title,1999-01-08T00:00:00+00:00,"Pontchartrain Center, Kenner, Louisiana, United States",1999-01-08,https://www.sherdog.com/events/UFC-18-Road-to-the-Heavyweight-Title-28,2026-08-19T06:37:00.283907+00:00
27,UFC 17.5 - Ultimate Brazil,1998-10-16T00:00:00+00:00,"Portuguesa Gymnasium, Sao Paulo, Brazil, Brazil",1998-10-16,https://www.sherdog.com/events/UFC-175-Ultimate-Brazil-27,2026-08-19T06:37:00.287930+00:00
26,UFC 17 - Redemption,1998-05-15T00:00:00+00:00,"Mobile Civic Center, Mobile, Alabama, United States",1998-05-15,https://www.sherdog.com/events/UFC-17-Redemption-26,2026-08-19T06:37:00.292462+00:00
25,UFC 16 - Battle in the Bayou,1998-03-13T00:00:00+00:00,"Pontchartrain Center, Kenner, Louisiana, United States",1998-03-13,https://www.sherdog.com/events/UFC-16-Battle-in-the-Bayou-25,2026-08-19T06:37:00.297391+00:00
24,UFC 15.5 - Ultimate Japan 1,1997-12-21T00:00:00+00:00,"Yokohama Arena, Yokohama, Japan, Japan",1997-12-21,https://www.sherdog.com/events/UFC-155-Ultimate-Japan-1-24,2026-08-19T06:37:00.301828+00:00
23,UFC 15 - Collision Course,1997-10-17T00:00:00+00:00,"Hollywood Casino, Bay St. Louis, Mississippi, United States",1997-10-17,https://www.sherdog.com/events/UFC-15-Collision-Course-23,2026-08-19T06:37:00.305793+00:00
22,UFC 14 - Showdown,1997-07-27T00:00:00+00:00,"Boutwell Municipal Auditorium, Birmingham, Alabama, United States",1997-07-27,https://www.sherdog.com/events/UFC-14-Showdown-22,2026-08-19T06:37:00.310525+00:00
21,UFC 13 - The Ultimate Force,1997-05-30T00:00:00+00:00,"Augusta Civic Center, Augusta, Georgia, United States",1997-05-30,https://www.sherdog.com/events/UFC-13-The-Ultimate-Force-21,2026-08-19T06:37:00.315446+00:00
20,UFC 12 - Judgement Day,1997-02-07T00:00:00+00:00,"Dothan Civic Center Arena, Dothan, Alabama, United States",1997-02-07,https://www.sherdog.com/events/UFC-12-Judgement-Day-20,2026-08-19T06:37:00.320444+00:00
19,UFC - Ultimate Ultimate 1996,1996-12-07T00:00:00+00:00,"Alabama State Fair Arena, Birmingham, Alabama, United States",1996-12-07,https://www.sherdog.com/events/UFC-Ultimate-Ultimate-1996-19,2026-08-19T06:37:00.325355+00:00
18,UFC 11 - The Proving Ground,1996-09-20T00:00:00+00:00,"Augusta Civic Center, Augusta, Georgia, United States",1996-09-20,https://www.sherdog.com/events/UFC-11-The-Proving-Ground-18,2026-08-19T06:37:00.330699+00:00
17,UFC 10 - The Tournament,1996-07-12T00:00:00+00:00,"Alabama State Fair Arena, Birmingham, Alabama, United States",1996-07-12,https://www.sherdog.com/events/UFC-10-The-Tournament-17,2026-08-19T06:37:00.335187+00:00
16,UFC 9 - Motor City Madness,1996-05-17T00:00:00+00:00,"Cobo Arena, Detroit, Michigan, United States",1996-05-17,https://www.sherdog.com/events/UFC-9-Motor-City-Madness-16,2026-08-19T06:37:00.340006+00:00
15,UFC 8 - David vs. Goliath,1996-02-16T00:00:00+00:00,"Ruben Rodriguez Coliseum, San Juan, Puerto Rico, Puerto Rico",1996-02-16,https://www.sherdog.com/events/UFC-8-David-vs-Goliath-15,2026-08-19T06:37:00.344126+00:00
14,UFC - Ultimate Ultimate 1995,1995-12-16T00:00:00+00:00,"Mammoth Gardens, Denver, Colorado, United States",1995-12-16,https://www.sherdog.com/events/UFC-Ultimate-Ultimate-1995-14,2026-08-19T06:37:00.349067+00:00
13,UFC 7 - The Brawl in Buffalo,1995-09-08T00:00:00+00:00,"Buffalo Memorial Auditorium, Buffalo, New York, United States",1995-09-08,https://www.sherdog.com/events/UFC-7-The-Brawl-in-Buffalo-13,2026-08-19T06:37:00.353996+00:00
12,UFC 6 - Clash of the Titans,1995-07-14T00:00:00+00:00,"Casper Events Center, Casper, Wyoming, United States",1995-07-14,https://www.sherdog.com/events/UFC-6-Clash-of-the-Titans-12,2026-08-19T06:37:00.359857+00:00
11,UFC 5 - The Return of the Beast,1995-04-07T00:00:00+00:00,"Bojangles' Coliseum, Charlotte, North Carolina, United States",1995-04-07,https://www.sherdog.com/events/UFC-5-The-Return-of-the-Beast-11,2026-08-19T06:37:00.365191+00:00
10,UFC 4 - Revenge of the Warriors,1994-12-16T00:00:00+00:00,"Expo Square Pavilion, Tulsa, Oklahoma, United States",1994-12-16,https://www.sherdog.com/events/UFC-4-Revenge-of-the-Warriors-10,2026-08-19T06:37:31.190549+00:00
9,UFC 3 - The American Dream,1994-09-09T00:00:00+00:00,"Grady Cole Center, Charlotte, North Carolina, United States",1994-09-09,https://www.sherdog.com/events/UFC-3-The-American-Dream-9,2026-08-19T06:37:31.199006+00:00
8,UFC 2 - No Way Out,1994-03-11T00:00:00+00:00,"Fillmore Auditorium, Denver, Colorado, United States",1994-03-11,https://www.sherdog.com/events/UFC-2-No-Way-Out-8,2026-08-19T06:37:31.203361+00:00
7,UFC 1 - The Beginning,1993-11-12T00:00:00+00:00,"McNichols Arena, Denver, Colorado, United States",1993-11-12,https://www.sherdog.com/events/UFC-1-The-Beginning-7,2026-08-19T06:37:31.211325+00:00
