fighter_id,name,source_url,scraped_at,birth_date_raw,birth_date,nationality,height_raw,height_cm,weight_raw,weight_kg,association,image_path,image_width,image_height,image_kb
84139,Jamall Emmers,https://www.sherdog.com/fighter/Jamall-Emmers-84139,2026-08-18T23:13:28.583624+00:00,"Jul 24, 1989",1989-07-24,United States,"5'10"" / 177.8 cm",177.8,145 lbs / 65.77 kg,65.77,Pinnacle MMA,full/1efd4b392af3d431c91eb53e008829feffe81e82.jpg,200,300,18.2
128141,Darren Stewart,https://www.sherdog.com/fighter/Darren-Stewart-128141,2026-08-18T23:13:28.590290+00:00,"Dec 30, 1990",1990-12-30,England,"6'0"" / 182.88 cm",182.88,195 lbs / 88.45 kg,88.45,The MMA Clinic,full/3b213ac8f7d97cda8d530e0fb718e4e20ec6dace.jpg,200,300,10.9
109565,Makhmud Muradov,https://www.sherdog.com/fighter/Makhmud-Muradov-109565,2026-08-18T23:13:28.595954+00:00,"Feb 8, 1990",1990-02-08,Uzbekistan,"6'2"" / 187.96 cm",187.96,186 lbs / 84.37 kg,84.37,Ankos MMA,full/aba87c3ef3f60064a0051e48fe3fe36490a79fd6.jpg,200,300,14.2
84342,Kevin Lee,https://www.sherdog.com/fighter/Kevin-Lee-84342,2026-08-18T23:13:28.600114+00:00,"Sep 4, 1992",1992-09-04,United States,"5'9"" / 175.26 cm",175.26,155 lbs / 70.31 kg,70.31,Tristar Gym,full/17ebe796494ee52c1b23c9842de5b28c982290e1.jpg,200,300,13.0
249533,Brady Hiestand,https://www.sherdog.com/fighter/Brady-Hiestand-249533,2026-08-18T23:13:28.657885+00:00,"Apr 30, 1999",1999-04-30,United States,"5'8"" / 172.72 cm",172.72,135 lbs / 61.23 kg,61.23,Sikjitsu,full/4e770ba769a8184e8a3259c80bdad941014e8f4a.jpg,200,300,9.7
167419,Gilbert Urbina,https://www.sherdog.com/fighter/Gilbert-Urbina-167419,2026-08-18T23:13:28.661876+00:00,"Apr 5, 1996",1996-04-05,United States,"6'3"" / 190.5 cm",190.5,185 lbs / 83.91 kg,83.91,BMF Ranch,full/3c2c252194353c1edcc901f1914ccec00c221788.jpg,200,300,14.8
73436,Darren Till,https://www.sherdog.com/fighter/Darren-Till-73436,2026-08-18T23:13:28.665298+00:00,"Dec 24, 1992",1992-12-24,England,"6'0"" / 182.88 cm",182.88,185 lbs / 83.91 kg,83.91,Astra Fight Team,full/e3918bb7b519d6fa154ec2af8514aeda2b79b612.jpg,200,300,10.8
216799,Liudvik Sholinian,https://www.sherdog.com/fighter/Liudvik-Sholinian-216799,2026-08-18T23:13:28.670969+00:00,"Jan 20, 1990",1990-01-20,Ukraine,"5'10"" / 177.8 cm",177.8,135 lbs / 61.23 kg,61.23,Aurum,full/37cf88120d3f08b236d43262d7732d3e831bc75b.jpg,200,300,11.0
225223,Luigi Vendramini,https://www.sherdog.com/fighter/Luigi-Vendramini-225223,2026-08-18T23:13:28.674870+00:00,"Jan 16, 1996",1996-01-16,Brazil,"5'10"" / 177.8 cm",177.8,155 lbs / 70.31 kg,70.31,Factory X,full/481159adbe68192609e32aa70c0de8309f58abaf.jpg,200,300,14.5
152163,Modestas Bukauskas,https://www.sherdog.com/fighter/Modestas-Bukauskas-152163,2026-08-18T23:13:28.677717+00:00,"Feb 10, 1994",1994-02-10,Lithuania,"6'3"" / 190.5 cm",190.5,205 lbs / 92.99 kg,92.99,Gintas Combat,full/3c31455045d9c65f5daf2d0d12653397ffab9c8c.jpg,200,300,10.5
72910,David Zawada,https://www.sherdog.com/fighter/David-Zawada-72910,2026-08-18T23:13:28.682481+00:00,"Aug 1, 1990",1990-08-01,Germany,"6'0"" / 182.88 cm",182.88,185 lbs / 83.91 kg,83.91,UFD Gym,full/35cf83c945bba5e0464a27a7ea578dc70a6ba391.jpg,200,300,11.2
61380,Emily Whitmire,https://www.sherdog.com/fighter/Emily-Whitmire-61380,2026-08-18T23:13:28.686319+00:00,"May 24, 1991",1991-05-24,United States,"5'5"" / 165.1 cm",165.1,125 lbs / 56.7 kg,56.7,Syndicate MMA,full/0f77ba91868fa0260776470e3e6d143c7a804cf2.jpg,200,300,11.6
107201,Gustavo Lopez,https://www.sherdog.com/fighter/Gustavo-Lopez-107201,2026-08-18T23:13:28.689844+00:00,"Jun 27, 1989",1989-06-27,United States,"5'5"" / 165.1 cm",165.1,140 lbs / 63.5 kg,63.5,Titan Gym,full/a6e0fa29e8d367a43b9283f7d79967d66600c943.jpg,200,300,13.1
310489,Impa Kasanganay,https://www.sherdog.com/fighter/Impa-Kasanganay-310489,2026-08-18T23:13:28.693380+00:00,"Jan 17, 1994",1994-01-17,United States,"6'0"" / 182.88 cm",182.88,185 lbs / 83.91 kg,83.91,Kill Cliff FC,full/4b3526ef0f6d38d1d62429fa4a87f95f4b546ff7.jpg,200,300,13.8
82261,Sarah Alpar,https://www.sherdog.com/fighter/Sarah-Alpar-82261,2026-08-18T23:13:28.697460+00:00,"Jun 1, 1991",1991-06-01,United States,"5'4"" / 162.56 cm",162.56,125 lbs / 56.7 kg,56.7,American Elite MMA,full/0c9c605da56377cc444d545629b79d7f201b1777.jpg,200,300,11.4
206717,Montel Jackson,https://www.sherdog.com/fighter/Montel-Jackson-206717,2026-08-18T23:13:28.699958+00:00,"Apr 24, 1992",1992-04-24,United States,"5'10"" / 177.8 cm",177.8,135 lbs / 61.23 kg,61.23,Red Schafer MMA,full/651ed86130a49f2aac1031afd16d5f255b8a886f.jpg,200,300,12.1
107891,Mike Rodriguez,https://www.sherdog.com/fighter/Mike-Rodriguez-107891,2026-08-18T23:13:28.713522+00:00,"Nov 28, 1988",1988-11-28,United States,"6'3"" / 190.5 cm",190.5,205 lbs / 92.99 kg,92.99,Lauzon MMA,full/288238a0ec7e7c4f555c5d2bf3e00b4ec0684839.jpg,200,300,12.6
173979,Antonio Arroyo,https://www.sherdog.com/fighter/Antonio-Arroyo-173979,2026-08-18T23:13:28.718784+00:00,"Jul 1, 1989",1989-07-01,Brazil,"6'0"" / 182.88 cm",182.88,205 lbs / 92.99 kg,92.99,Team Figueiredo,full/bb1d0b5e1c4f7bec1a8c1e10d2842e64e319cdcc.jpg,200,300,9.3
72698,Martin Sano,https://www.sherdog.com/fighter/Martin-Sano-72698,2026-08-18T23:13:28.721804+00:00,"May 30, 1991",1991-05-30,United States,"5'11"" / 180.34 cm",180.34,170 lbs / 77.11 kg,77.11,Nick Diaz Academy,full/0e2987456dbd3dec31c4bab33246ca6f5cd27d52.jpg,200,300,20.2
2831,Nick Diaz,https://www.sherdog.com/fighter/Nick-Diaz-2831,2026-08-18T23:13:28.724252+00:00,"Aug 2, 1983",1983-08-02,United States,"6'1"" / 185.42 cm",185.42,185 lbs / 83.91 kg,83.91,Cesar Gracie Fight Team,full/eeeab1fd35c6a22c053ea580ed076c1f70962560.jpg,200,300,20.3
426,Johnny Eduardo,https://www.sherdog.com/fighter/Johnny-Eduardo-426,2026-08-18T23:13:28.729605+00:00,"Aug 3, 1978",1978-08-03,Brazil,"5'7"" / 170.18 cm",170.18,135 lbs / 61.23 kg,61.23,Nova Uniao,full/bce9efabddf306a4e0d79d8b20edb854af36929c.jpg,200,300,12.2
54431,Gaetano Pirrello,https://www.sherdog.com/fighter/Gaetano-Pirrello-54431,2026-08-18T23:13:28.734304+00:00,"Apr 29, 1992",1992-04-29,Belgium,"5'7"" / 170.18 cm",170.18,145 lbs / 65.77 kg,65.77,Osman Gym,full/6fef5106bc9ba42e35861c0ce0021944be1ecb0b.jpg,200,300,14.9
103069,Bethe Correia,https://www.sherdog.com/fighter/Bethe-Correia-103069,2026-08-18T23:13:28.737588+00:00,"Jun 22, 1983",1983-06-22,Brazil,"5'4"" / 162.56 cm",162.56,135 lbs / 61.23 kg,61.23,CM System,full/90fb4744b662963826b28a8084195ee2734decf4.jpg,200,300,16.8
96921,Niko Price,https://www.sherdog.com/fighter/Niko-Price-96921,2026-08-18T23:13:28.742609+00:00,"Sep 29, 1989",1989-09-29,United States,"6'0"" / 182.88 cm",182.88,170 lbs / 77.11 kg,77.11,Futures MMA,full/253db20f6b2a3b16d4372d27848f413ec7fe9002.jpg,200,300,9.4
187959,Jared Gooden,https://www.sherdog.com/fighter/Jared-Gooden-187959,2026-08-18T23:13:28.749206+00:00,"Dec 5, 1993",1993-12-05,United States,"6'4"" / 193.04 cm",193.04,185 lbs / 83.91 kg,83.91,X3 Sports,full/590081b9368fcc212c97090a3ec51659180ac256.jpg,200,300,13.0
67782,Brandon Davis,https://www.sherdog.com/fighter/Brandon-Davis-67782,2026-08-18T23:13:28.753987+00:00,"May 8, 1990",1990-05-08,United States,"5'10"" / 177.8 cm",177.8,135 lbs / 61.23 kg,61.23,Alan Belcher MMA Club,full/9066cb9fbff0c475f134ccb64d6601ff6594349f.jpg,200,300,11.6
105321,Andrew Sanchez,https://www.sherdog.com/fighter/Andrew-Sanchez-105321,2026-08-18T23:13:28.759712+00:00,"Apr 8, 1988",1988-04-08,United States,"6'1"" / 185.42 cm",185.42,185 lbs / 83.91 kg,83.91,Tristar Gym,full/af321d9244bcf8414a25d34b9cf845327216b5c4.jpg,200,300,20.1
185021,Carlos Felipe,https://www.sherdog.com/fighter/Carlos-Felipe-185021,2026-08-18T23:13:28.764037+00:00,"Jan 12, 1995",1995-01-12,Brazil,"6'0"" / 182.88 cm",182.88,261 lbs / 118.39 kg,118.39,Life MMA,full/72ff387c524d1d002eae42331a110b76f38e1b35.jpg,200,300,10.5
341317,Zviad Lazishvili,https://www.sherdog.com/fighter/Zviad-Lazishvili-341317,2026-08-18T23:13:28.767242+00:00,"Oct 25, 1991",1991-10-25,Georgia,"5'6"" / 167.64 cm",167.64,135 lbs / 61.23 kg,61.23,Kaizen MMA,full/398090ae005b4a05828bcbfaae520ed0bf3afb35.jpg,200,300,11.0
128267,Livinha Souza,https://www.sherdog.com/fighter/Livinha-Souza-128267,2026-08-18T23:13:28.769573+00:00,"Mar 11, 1991",1991-03-11,Brazil,"5'4"" / 162.56 cm",162.56,115 lbs / 52.16 kg,52.16,Team Vinicius Maximo,full/e38ba767e36593b39b7fe6306c4c3e3f1ec0235e.jpg,200,300,20.1
75417,Randa Markos,https://www.sherdog.com/fighter/Randa-Markos-75417,2026-08-18T23:13:28.772845+00:00,"Aug 10, 1985",1985-08-10,Canada,"5'5"" / 165.1 cm",165.1,115 lbs / 52.16 kg,52.16,Michigan Top Team,full/a870fbe38e11fae6d59bd5d33139fd9f1f4a45ce.jpg,200,300,21.7
82557,Khama Worthy,https://www.sherdog.com/fighter/Khama-Worthy-82557,2026-08-18T23:13:28.778594+00:00,"Oct 15, 1986",1986-10-15,United States,"5'11"" / 180.34 cm",180.34,155 lbs / 70.31 kg,70.31,The Academy Pittsburgh,full/979017ff071ff87a3601f3df28cefca2fa9e435c.jpg,200,300,13.5
141271,Laureano Staropoli,https://www.sherdog.com/fighter/Laureano-Staropoli-141271,2026-08-18T23:13:28.782211+00:00,"Feb 27, 1993",1993-02-27,Argentina,"6'1"" / 185.42 cm",185.42,171 lbs / 77.56 kg,77.56,Chute Boxe Diego Lima,full/562b926c1b9649d71ee473f258cfc8b3f73a949b.jpg,200,300,15.7
20171,Ricky Glenn,https://www.sherdog.com/fighter/Ricky-Glenn-20171,2026-08-18T23:13:28.785532+00:00,"Apr 12, 1989",1989-04-12,United States,"6'0"" / 182.88 cm",182.88,170 lbs / 77.11 kg,77.11,Team Alpha Male,full/34a8387229367f0cf9a3baa1c7936b542e87b2e9.jpg,200,300,13.0
251779,Yaozong Hu,https://www.sherdog.com/fighter/Yaozong-Hu-251779,2026-08-18T23:13:28.790320+00:00,"Apr 7, 1995",1995-04-07,China,"6'3"" / 190.5 cm",190.5,204 lbs / 92.53 kg,92.53,Qingdao Xinjiang International Fight Club,full/ed3054d70cbd08fe92cb0f7d95fc9ce75d5b46d3.jpg,200,300,13.5
209721,Lerone Murphy,https://www.sherdog.com/fighter/Lerone-Murphy-209721,2026-08-18T23:13:28.792909+00:00,"Jul 22, 1991",1991-07-22,England,"5'10"" / 177.8 cm",177.8,145 lbs / 65.77 kg,65.77,Manchester Top Team,full/47002013963d299e388c3d9ca4083647cbd642b1.jpg,200,300,16.3
136875,Shamil Gamzatov,https://www.sherdog.com/fighter/Shamil-Gamzatov-136875,2026-08-18T23:13:28.796964+00:00,"Aug 9, 1990",1990-08-09,Russia,"6'2"" / 187.96 cm",187.96,205 lbs / 92.99 kg,92.99,Russian Top Team,full/efb16bb13096e94378282406e94237f48522dcb6.jpg,200,300,13.8
63825,Elizeu Zaleski dos Santos,https://www.sherdog.com/fighter/Elizeu-Zaleski-dos-Santos-63825,2026-08-18T23:13:28.799611+00:00,"Nov 12, 1986",1986-11-12,Brazil,"5'11"" / 180.34 cm",180.34,170 lbs / 77.11 kg,77.11,CM System,full/854f77991e2e299e6372aaf29e746c734a37742e.jpg,200,300,11.8
63813,Zubaira Tukhugov,https://www.sherdog.com/fighter/Zubaira-Tukhugov-63813,2026-08-18T23:13:28.805308+00:00,"Jan 15, 1991",1991-01-15,Russia,"5'8"" / 172.72 cm",172.72,158 lbs / 71.67 kg,71.67,Tiger Muay Thai,full/ff15513e1943f6e29a45fc9483ab2c5820ef7ea9.jpg,200,300,17.2
164681,Melsik Baghdasaryan,https://www.sherdog.com/fighter/Melsik-Baghdasaryan-164681,2026-08-18T23:13:28.809517+00:00,"Jan 28, 1992",1992-01-28,United States,"5'8"" / 172.72 cm",172.72,145 lbs / 65.77 kg,65.77,Glendale Fighting Club,full/78c499469db7dc3d09e5c9a05462cf338aa90ebb.jpg,200,300,14.1
114875,John Allan,https://www.sherdog.com/fighter/John-Allan-114875,2026-08-18T23:13:28.812604+00:00,"Feb 22, 1993",1993-02-22,Brazil,"6'1"" / 185.42 cm",185.42,205 lbs / 92.99 kg,92.99,Chute Boxe,full/686676f70eb257634abde50cfc029b6ab3fb3e60.jpg,200,300,10.2
42802,Gian Villante,https://www.sherdog.com/fighter/Gian-Villante-42802,2026-08-18T23:13:28.815964+00:00,"Aug 18, 1985",1985-08-18,United States,"6'2"" / 187.96 cm",187.96,261 lbs / 118.39 kg,118.39,Bellmore Kickboxing Academy,full/ab2d700d87f165378a73da930e85acae9d5fcda9.jpg,200,300,13.2
70941,Jordan Williams,https://www.sherdog.com/fighter/Jordan-Williams-70941,2026-08-18T23:13:28.821656+00:00,"Oct 13, 1990",1990-10-13,United States,"6'0"" / 182.88 cm",182.88,170 lbs / 77.11 kg,77.11,Nor-Cal Fighting Alliance,full/1102364e775df063afef118111e8418bb32d2795.jpg,200,300,21.7
247691,Edmen Shahbazyan,https://www.sherdog.com/fighter/Edmen-Shahbazyan-247691,2026-08-18T23:13:28.824723+00:00,"Nov 20, 1997",1997-11-20,United States,"6'2"" / 187.96 cm",187.96,185 lbs / 83.91 kg,83.91,Xtreme Couture,full/60f0b7230dd28e6f17b3c15eb017439c020ef878.jpg,200,300,13.5
42817,Al Iaquinta,https://www.sherdog.com/fighter/Al-Iaquinta-42817,2026-08-18T23:13:28.829721+00:00,"Apr 30, 1987",1987-04-30,United States,"5'7"" / 170.18 cm",170.18,155 lbs / 70.31 kg,70.31,Serra-Longo Fight Team,full/81bbf5cad266b188a66f9a5dfb832c083ed9179c.jpg,200,300,13.7
68076,Billy Quarantillo,https://www.sherdog.com/fighter/Billy-Quarantillo-68076,2026-08-18T23:13:28.835314+00:00,"Dec 8, 1988",1988-12-08,United States,"5'10"" / 177.8 cm",177.8,156 lbs / 70.76 kg,70.76,Gracie Tampa South,full/533fcb6cb64d898ba5062c5959a46a597f85ceff.jpg,200,300,10.3
14204,Frankie Edgar,https://www.sherdog.com/fighter/Frankie-Edgar-14204,2026-08-18T23:13:28.840232+00:00,"Oct 16, 1981",1981-10-16,United States,"5'6"" / 167.64 cm",167.64,136 lbs / 61.69 kg,61.69,Ricardo Almeida Jiu-Jitsu,full/4959012b6ff6818935c573f6be7420df459be94a.jpg,200,300,16.1
208997,Liana Jojua,https://www.sherdog.com/fighter/Liana-Jojua-208997,2026-08-18T23:13:28.847339+00:00,"Mar 22, 1995",1995-03-22,Georgia,"5'4"" / 162.56 cm",162.56,129 lbs / 58.51 kg,58.51,Syndicate MMA,full/b3d1aba307fa8b3d3ce6d1c64261f2c88ba953d9.jpg,200,300,15.9
280415,Collin Anglin,https://www.sherdog.com/fighter/Collin-Anglin-280415,2026-08-18T23:13:28.850363+00:00,"Feb 20, 1993",1993-02-20,United States,"5'9"" / 175.26 cm",175.26,145 lbs / 65.77 kg,65.77,Scorpion Fighting System,full/74a4d565a1ceb9fd10930b8329b5383346d575b6.jpg,200,300,10.6
150829,Leah Letson,https://www.sherdog.com/fighter/Leah-Letson-150829,2026-08-18T23:13:28.853040+00:00,"Aug 21, 1992",1992-08-21,United States,"5'7"" / 170.18 cm",170.18,146 lbs / 66.22 kg,66.22,Pura Vida BJJ,full/40e8b919e4e76e6ad608a0225709aca0d9327448.jpg,200,300,13.5
271931,Bea Malecki,https://www.sherdog.com/fighter/Bea-Malecki-271931,2026-08-18T23:15:00.771115+00:00,"Aug 23, 1991",1991-08-23,Sweden,"5'11"" / 180.34 cm",180.34,135 lbs / 61.23 kg,61.23,Fortis MMA,full/b8ee6bf1cf180db9551735561241f6ca4e7b6ca8.jpg,200,300,13.7
61600,Sarah Moras,https://www.sherdog.com/fighter/Sarah-Moras-61600,2026-08-18T23:15:00.786514+00:00,"Apr 30, 1988",1988-04-30,Canada,"5'7"" / 170.18 cm",170.18,135 lbs / 61.23 kg,61.23,Toshido Mixed Martial Arts,full/e294f31c520bc2231d4af7e8a773d61a12df4731.jpg,200,300,18.6
11689,Tyson Griffin,https://www.sherdog.com/fighter/Tyson-Griffin-11689,2026-08-18T23:15:00.792076+00:00,"Apr 20, 1984",1984-04-20,United States,"5'6"" / 167.64 cm",167.64,155 lbs / 70.31 kg,70.31,American Kickboxing Academy,full/444a192f3ea2881fae5ebc829b05115bb31db8cc.jpg,200,300,22.9
9781,Mark Bocek,https://www.sherdog.com/fighter/Mark-Bocek-9781,2026-08-18T23:15:00.797513+00:00,"Oct 24, 1981",1981-10-24,Canada,"5'9"" / 175.26 cm",175.26,155 lbs / 70.31 kg,70.31,Tristar Gym,full/96fd3ac7b3cc5d380d983a859af372779c6046df.jpg,200,300,11.9
5118,Spencer Fisher,https://www.sherdog.com/fighter/Spencer-Fisher-5118,2026-08-18T23:15:00.804276+00:00,"May 9, 1976",1976-05-09,United States,"5'7"" / 170.18 cm",170.18,155 lbs / 70.31 kg,70.31,,full/05012fe8d3d359233463a5078a90608a800eec1c.jpg,200,300,13.8
3068,Hermes Franca,https://www.sherdog.com/fighter/Hermes-Franca-3068,2026-08-18T23:15:00.811377+00:00,"Aug 26, 1974",1974-08-26,Brazil,"5'6"" / 167.64 cm",167.64,170 lbs / 77.11 kg,77.11,Victory MMA,full/b839fb81b509d4b84b905913d854bebe51bf27b1.jpg,200,300,18.9
23350,Matt Veach,https://www.sherdog.com/fighter/Matt-Veach-23350,2026-08-18T23:15:00.818372+00:00,"May 31, 1981",1981-05-31,United States,"5'7"" / 170.18 cm",170.18,170 lbs / 77.11 kg,77.11,Finney's MMA,full/ef5c11e840bf9d05f8be3e83e18c315158686904.jpg,200,300,13.4
15835,Gray Maynard,https://www.sherdog.com/fighter/Gray-Maynard-15835,2026-08-18T23:15:00.822316+00:00,"Sep 5, 1979",1979-09-05,United States,"5'8"" / 172.72 cm",172.72,145 lbs / 65.77 kg,65.77,American Kickboxing Academy,full/dfb334882fcdafd602f67507e7fd453342518edd.jpg,200,300,14.4
20548,Benson Henderson,https://www.sherdog.com/fighter/Benson-Henderson-20548,2026-08-18T23:15:00.934600+00:00,"Nov 16, 1983",1983-11-16,United States,"5'9"" / 175.26 cm",175.26,155 lbs / 70.31 kg,70.31,MMA Lab,full/46f19e6892f69e1b746c61fbed7d458ec3b7e349.jpg,200,300,15.0
8847,Urijah Faber,https://www.sherdog.com/fighter/Urijah-Faber-8847,2026-08-18T23:15:00.940552+00:00,"May 14, 1979",1979-05-14,United States,"5'6"" / 167.64 cm",167.64,135 lbs / 61.23 kg,61.23,Team Alpha Male,full/fa8d5809b070f24951abfdc351f00c1fc6ed4a5e.jpg,200,300,19.5
38393,Chad Mendes,https://www.sherdog.com/fighter/Chad-Mendes-38393,2026-08-18T23:15:00.946854+00:00,"May 1, 1985",1985-05-01,United States,"5'6"" / 167.64 cm",167.64,145 lbs / 65.77 kg,65.77,Team Alpha Male,full/563454b318bd8ea61db33cde2a02fa86eb9907c7.jpg,200,300,18.1
12179,Jeremy Stephens,https://www.sherdog.com/fighter/Jeremy-Stephens-12179,2026-08-18T23:15:00.951324+00:00,"May 26, 1986",1986-05-26,United States,"5'9"" / 175.26 cm",175.26,160 lbs / 72.57 kg,72.57,Alliance MMA,full/288cc0692126960207690d72d2ea321c90950e23.jpg,200,300,16.5
84287,Brandon Ricetti,https://www.sherdog.com/fighter/Brandon-Ricetti-84287,2026-08-18T23:15:00.960033+00:00,"Mar 13, 1987",1987-03-13,United States,"5'10"" / 177.8 cm",177.8,155 lbs / 70.31 kg,70.31,StandAlone MMA,full/42bb65e65267b1983c418fcf70a07d600780052f.jpg,200,300,10.7
71863,Saul Rogers,https://www.sherdog.com/fighter/Saul-Rogers-71863,2026-08-18T23:15:00.962769+00:00,"Dec 1, 1989",1989-12-01,England,"5'10"" / 177.8 cm",177.8,155 lbs / 70.31 kg,70.31,SBG Manchester,full/9595c2e65b9d979ee95baee5156c3e1961659e26.jpg,200,300,20.6
238233,Jacob Kilburn,https://www.sherdog.com/fighter/Jacob-Kilburn-238233,2026-08-18T23:15:00.968637+00:00,"Jun 28, 1995",1995-06-28,United States,"5'9"" / 175.26 cm",175.26,179 lbs / 81.19 kg,81.19,Harris Holt Combat Sports,full/0e024999cb76d6e45f86f38dcf8f14b3fd434552.jpg,200,300,10.1
188775,Spike Carlyle,https://www.sherdog.com/fighter/Spike-Carlyle-188775,2026-08-18T23:15:00.971546+00:00,"May 6, 1993",1993-05-06,United States,"5'8"" / 172.72 cm",172.72,170 lbs / 77.11 kg,77.11,Kings MMA,full/a8a75dbded00d26c23c25a3089158c6ab6cf37d7.jpg,200,300,21.5
42659,Andy Ogle,https://www.sherdog.com/fighter/Andy-Ogle-42659,2026-08-18T23:15:00.975062+00:00,"Feb 16, 1989",1989-02-16,England,"5'9"" / 175.26 cm",175.26,144 lbs / 65.32 kg,65.32,Team Kaobon,full/4fe90ab426d976d92ba284076826f0ecf4f8fcaf.jpg,200,300,23.5
51228,Ryan Couture,https://www.sherdog.com/fighter/Ryan-Couture-51228,2026-08-18T23:15:00.978850+00:00,"Aug 27, 1982",1982-08-27,United States,"5'10"" / 177.8 cm",177.8,156 lbs / 70.76 kg,70.76,Xtreme Couture,full/e9b5c1c2cc6763ad005a7fa693294cdc63aec02d.jpg,200,300,19.5
53375,Piotr Hallmann,https://www.sherdog.com/fighter/Piotr-Hallmann-53375,2026-08-18T23:15:00.981943+00:00,"Aug 25, 1987",1987-08-25,Poland,"5'9"" / 175.26 cm",175.26,155 lbs / 70.31 kg,70.31,Mighty Bulls Gdynia,full/4bf842dc475aa7bc67a74efe5a4b616733bebde4.jpg,200,300,12.3
22556,Mitch Clarke,https://www.sherdog.com/fighter/Mitch-Clarke-22556,2026-08-18T23:15:00.985560+00:00,"Nov 24, 1985",1985-11-24,Canada,"5'10"" / 177.8 cm",177.8,154 lbs / 69.85 kg,69.85,,full/2d1c171f548b2a5813d433d57490a58327d836d3.jpg,200,300,17.3
11507,Rodrigo Damm,https://www.sherdog.com/fighter/Rodrigo-Damm-11507,2026-08-18T23:15:00.988786+00:00,"Feb 3, 1980",1980-02-03,Brazil,"5'7"" / 170.18 cm",170.18,145 lbs / 65.77 kg,65.77,Alliance Jiu-Jitsu,full/1b38bb287410c7b653adf1426d411cad3cdb2822.jpg,200,300,13.7
11884,Ross Pearson,https://www.sherdog.com/fighter/Ross-Pearson-11884,2026-08-18T23:15:00.992655+00:00,"Sep 26, 1984",1984-09-26,England,"5'8"" / 172.72 cm",172.72,155 lbs / 70.31 kg,70.31,Central Coast MMA,full/6d629fb6ac9471a6b1fef48ed54c8b6a5c7aae60.jpg,200,300,18.8
4923,Joe Lauzon,https://www.sherdog.com/fighter/Joe-Lauzon-4923,2026-08-18T23:15:01.004550+00:00,"May 22, 1984",1984-05-22,United States,"5'10"" / 177.8 cm",177.8,155 lbs / 70.31 kg,70.31,Lauzon MMA,full/07d31f903b616a7a45c0f28822bd107c8a40ecc9.jpg,200,300,16.9
56035,Khabib Nurmagomedov,https://www.sherdog.com/fighter/Khabib-Nurmagomedov-56035,2026-08-18T23:15:01.016737+00:00,"Sep 20, 1988",1988-09-20,Russia,"5'10"" / 177.8 cm",177.8,155 lbs / 70.31 kg,70.31,Fightspirit Team,full/91164b1c44408a6e80a03762465ece639f38e4f7.jpg,200,300,12.4
47545,Jack Marshman,https://www.sherdog.com/fighter/Jack-Marshman-47545,2026-08-18T23:15:01.024818+00:00,"Dec 19, 1989",1989-12-19,Wales,"6'0"" / 182.88 cm",182.88,185 lbs / 83.91 kg,83.91,Tillery Combat MMA Academy,full/9c5818ccecfc132fda86b51db22960a7e6d0546e.jpg,200,300,9.9
377018,Dylan Budka,https://www.sherdog.com/fighter/Dylan-Budka-377018,2026-08-18T23:15:01.029818+00:00,"Jan 14, 2000",2000-01-14,United States,"5'11"" / 180.34 cm",180.34,205 lbs / 92.99 kg,92.99,Demolition Fight Team,full/a53b240eb4a915ed409940addd50b94a548917fa.jpg,200,300,11.8
22304,Cody Donovan,https://www.sherdog.com/fighter/Cody-Donovan-22304,2026-08-18T23:15:01.034089+00:00,"Feb 20, 1981",1981-02-20,United States,"6'3"" / 190.5 cm",190.5,205 lbs / 92.99 kg,92.99,Grudge Training Center,full/bb020b00ddd028f8f6552a984e33c51f05463621.jpg,200,300,21.3
16426,Fabio Maldonado,https://www.sherdog.com/fighter/Fabio-Maldonado-16426,2026-08-18T23:15:01.038886+00:00,"Mar 17, 1980",1980-03-17,Brazil,"6'1"" / 185.42 cm",185.42,227 lbs / 102.97 kg,102.97,Team Maldonado,full/46ae0239d3da0bdfecf1edc1720fe86c6fc603a2.jpg,200,300,15.0
33156,Sean O'Connell,https://www.sherdog.com/fighter/Sean-OConnell-33156,2026-08-18T23:15:01.045025+00:00,"Sep 2, 1983",1983-09-02,United States,"6'1"" / 185.42 cm",185.42,205 lbs / 92.99 kg,92.99,,full/d2c386ae39c1d0b13c77b3133124a7050b724ddc.jpg,200,300,12.9
171723,Corey Anderson,https://www.sherdog.com/fighter/Corey-Anderson-171723,2026-08-18T23:15:01.050256+00:00,"Sep 22, 1989",1989-09-22,United States,"6'3"" / 190.5 cm",190.5,205 lbs / 92.99 kg,92.99,The Kennel Fight Club,full/8cc8bc7e4ab2b6202c26eeb85e0dccaac9bbd3af.jpg,200,300,14.3
21940,Tom Lawlor,https://www.sherdog.com/fighter/Tom-Lawlor-21940,2026-08-18T23:15:01.056007+00:00,"May 15, 1983",1983-05-15,United States,"6'0"" / 182.88 cm",182.88,205 lbs / 92.99 kg,92.99,The Jungle MMA & Fitness,full/12c0a2e4c2a578a182aecf9d82b70ee6f612467b.jpg,200,300,14.7
9491,Anthony Perosh,https://www.sherdog.com/fighter/Anthony-Perosh-9491,2026-08-18T23:15:01.061051+00:00,"May 10, 1972",1972-05-10,Australia,"6'3"" / 190.5 cm",190.5,205 lbs / 92.99 kg,92.99,Team Perosh Mixed Martial Arts,full/145e9586b663f86ae9603cf63840fb704311b525.jpg,200,300,17.4
40207,Ilir Latifi,https://www.sherdog.com/fighter/Ilir-Latifi-40207,2026-08-18T23:15:01.065986+00:00,"Jul 28, 1983",1983-07-28,Sweden,"5'10"" / 177.8 cm",177.8,250 lbs / 113.4 kg,113.4,Allstars Training Center,full/19f3c574ba98abdba30586b2ed6f63c1cd2f61ae.jpg,200,300,14.2
76834,Saparbek Safarov,https://www.sherdog.com/fighter/Saparbek-Safarov-76834,2026-08-18T23:15:01.071093+00:00,"Oct 14, 1986",1986-10-14,Russia,"6'1"" / 185.42 cm",185.42,205 lbs / 92.99 kg,92.99,Legion Fight Team,full/300abc9696c34f1ad7ce6ea2173b23d7ab713957.jpg,200,300,10.7
72981,Patrick Cummins,https://www.sherdog.com/fighter/Patrick-Cummins-72981,2026-08-18T23:15:01.073824+00:00,"Nov 16, 1980",1980-11-16,United States,"6'2"" / 187.96 cm",187.96,205 lbs / 92.99 kg,92.99,Reign MMA,full/383405f7ba79d2b3c86dfba75b6569ead2a7fd16.jpg,200,300,11.9
85198,Maurice Greene,https://www.sherdog.com/fighter/Maurice-Greene-85198,2026-08-18T23:15:01.083212+00:00,"Jul 5, 1986",1986-07-05,United States,"6'7"" / 200.66 cm",200.66,264 lbs / 119.75 kg,119.75,Jackson-Wink MMA,full/314d484019923ecbfc942c090265660b3aeea509.jpg,200,300,11.7
239947,Jean Silva,https://www.sherdog.com/fighter/Jean-Silva-239947,2026-08-18T23:15:01.088033+00:00,"Dec 13, 1996",1996-12-13,Brazil,"5'7"" / 170.18 cm",170.18,145 lbs / 65.77 kg,65.77,Kingdom Thai,full/cf69ba968f6676a96471bf458f6105f2a18bb85c.jpg,200,300,14.5
417141,Murtazali Magomedov,https://www.sherdog.com/fighter/Murtazali-Magomedov-417141,2026-08-18T23:15:01.092039+00:00,"Aug 26, 1999",1999-08-26,Kyrgyzstan,"5'11"" / 180.34 cm",180.34,145 lbs / 65.77 kg,65.77,,full/c4c1e2abb5e065101be2b92d06aa0bf48ca495bd.jpg,200,300,19.7
80837,Ernest Chavez,https://www.sherdog.com/fighter/Ernest-Chavez-80837,2026-08-18T23:15:01.094605+00:00,"Jun 27, 1983",1983-06-27,United States,"5'8"" / 172.72 cm",172.72,146 lbs / 66.22 kg,66.22,Total MMA Studios,full/cff9eb73fcfc519c1244982b03164a7736e7e25d.jpg,200,300,16.9
224229,Elves Brener,https://www.sherdog.com/fighter/Elves-Brener-224229,2026-08-18T23:15:01.097256+00:00,"Sep 27, 1997",1997-09-27,Brazil,"5'10"" / 177.8 cm",177.8,155 lbs / 70.31 kg,70.31,Chute Boxe Diego Lima,full/9d5c0e4ec9660625019ef9cb241b3adf2bb38708.jpg,200,300,15.1
83462,Omari Akhmedov,https://www.sherdog.com/fighter/Omari-Akhmedov-83462,2026-08-18T23:15:01.100726+00:00,"Oct 12, 1987",1987-10-12,Russia,"6'0"" / 182.88 cm",182.88,185 lbs / 83.91 kg,83.91,American Top Team,full/c74206c51d966bfc148c8f64dd151004ab4debc7.jpg,200,300,12.4
9572,Keita Nakamura,https://www.sherdog.com/fighter/Keita-Nakamura-9572,2026-08-18T23:15:01.105936+00:00,"May 22, 1984",1984-05-22,Japan,"5'11"" / 180.34 cm",180.34,156 lbs / 70.76 kg,70.76,United Gym Tokyo,full/d13bd37ce4b973f6cb14f7dca2a15856d3560213.jpg,200,300,14.0
14207,Lyman Good,https://www.sherdog.com/fighter/Lyman-Good-14207,2026-08-18T23:15:01.110869+00:00,"May 26, 1985",1985-05-26,United States,"6'0"" / 182.88 cm",182.88,170 lbs / 77.11 kg,77.11,Team Tiger Schulmann,full/f25d08bed203a25c1847da85a620ee4a77cb456c.jpg,200,300,20.2
127439,Curtis Millender,https://www.sherdog.com/fighter/Curtis-Millender-127439,2026-08-18T23:15:01.114528+00:00,"Dec 1, 1987",1987-12-01,United States,"6'3"" / 190.5 cm",190.5,176 lbs / 79.83 kg,79.83,CSW,full/99bfb1fbf056b403e1e44c7b72c7ddb55f9f4834.jpg,200,300,14.0
140641,Alexey Kunchenko,https://www.sherdog.com/fighter/Alexey-Kunchenko-140641,2026-08-18T23:15:01.118100+00:00,"May 2, 1984",1984-05-02,Russia,"5'8"" / 172.72 cm",172.72,171 lbs / 77.56 kg,77.56,New Stream,full/22cd2b4722183124bd97a5486a6a96c9aa87b485.jpg,200,300,17.2
213673,Zach Scroggin,https://www.sherdog.com/fighter/Zach-Scroggin-213673,2026-08-18T23:15:01.122336+00:00,"Mar 9, 1996",1996-03-09,United States,"6'3"" / 190.5 cm",190.5,174 lbs / 78.93 kg,78.93,Marathon MMA,full/cc48edecb63b81cd6077bc595fe534b64c72f009.jpg,200,300,17.8
111535,Klidson Abreu,https://www.sherdog.com/fighter/Klidson-Abreu-111535,2026-08-18T23:15:01.125167+00:00,"Dec 24, 1992",1992-12-24,Brazil,"6'2"" / 187.96 cm",187.96,239 lbs / 108.41 kg,108.41,Brazilian TKO,full/e0c029a98a8443891bd0e84b23c37f2a5bad43bc.jpg,200,300,13.8
179211,Gabriel Santos,https://www.sherdog.com/fighter/Gabriel-Santos-179211,2026-08-18T23:15:01.128649+00:00,"Nov 28, 1996",1996-11-28,Brazil,"5'10"" / 177.8 cm",177.8,145 lbs / 65.77 kg,65.77,Chute Boxe Diego Lima,full/53d41706b71807d6b322351cefc50bd99a1364c1.jpg,200,300,10.3
65370,Ian Stephens,https://www.sherdog.com/fighter/Ian-Stephens-65370,2026-08-18T23:16:30.272026+00:00,"Sep 28, 1988",1988-09-28,United States,"5'11"" / 180.34 cm",180.34,170 lbs / 77.11 kg,77.11,Blalock's IMB,full/06750042ca3546753bbb0eb81887e4093da8ed0e.jpg,200,300,11.3
217891,Michel Batista,https://www.sherdog.com/fighter/Michel-Batista-217891,2026-08-18T23:16:30.388715+00:00,"Apr 20, 1984",1984-04-20,United States,"6'3"" / 190.5 cm",190.5,256 lbs / 116.12 kg,116.12,American Top Team Kendall,full/06750042ca3546753bbb0eb81887e4093da8ed0e.jpg,200,300,11.3
191127,Aaron Pico,https://www.sherdog.com/fighter/Aaron-Pico-191127,2026-08-18T23:15:01.131572+00:00,"Sep 23, 1996",1996-09-23,United States,"5'8"" / 172.72 cm",172.72,145 lbs / 65.77 kg,65.77,Jackson-Wink MMA,full/2b63f705e550d7f1cc1e9307271fe48b50faefc9.jpg,200,300,18.9
9960,Patricio Freire,https://www.sherdog.com/fighter/Patricio-Freire-9960,2026-08-18T23:16:30.245930+00:00,"Jul 7, 1987",1987-07-07,Brazil,"5'6"" / 167.64 cm",167.64,145 lbs / 65.77 kg,65.77,Pitbull Brothers,full/09ee36b758c10018238460a75ef061d284314a42.jpg,200,300,16.2
5569,Yushin Okami,https://www.sherdog.com/fighter/Yushin-Okami-5569,2026-08-18T23:16:30.258886+00:00,"Jul 21, 1981",1981-07-21,Japan,"6'2"" / 187.96 cm",187.96,185 lbs / 83.91 kg,83.91,EXFIGHT,full/fba227cb8130e089b060dddcb494cf3e0ea3d8f7.jpg,200,300,14.9
5453,Siyar Bahadurzada,https://www.sherdog.com/fighter/Siyar-Bahadurzada-5453,2026-08-18T23:16:30.267234+00:00,"Apr 17, 1984",1984-04-17,Afghanistan,"5'11"" / 180.34 cm",180.34,170 lbs / 77.11 kg,77.11,Jackson-Wink MMA,full/22968cbc997b2f93a5468c140082c3a107f7cc35.jpg,200,300,11.7
63284,Andrew Craig,https://www.sherdog.com/fighter/Andrew-Craig-63284,2026-08-18T23:16:30.274603+00:00,"Jan 15, 1986",1986-01-15,United States,"6'1"" / 185.42 cm",185.42,170 lbs / 77.11 kg,77.11,Team Tooke,full/cbc639688679f4ae23893e9494b91ea1f332a0af.jpg,200,300,13.9
10339,Ben Saunders,https://www.sherdog.com/fighter/Ben-Saunders-10339,2026-08-18T23:16:30.277890+00:00,"Apr 13, 1983",1983-04-13,United States,"6'3"" / 190.5 cm",190.5,170 lbs / 77.11 kg,77.11,American Top Team Orlando,full/c581aa6dfe788197ff7c05a8005f0760ee7b17c7.jpg,200,300,19.5
14637,Demian Maia,https://www.sherdog.com/fighter/Demian-Maia-14637,2026-08-18T23:16:30.284326+00:00,"Nov 6, 1977",1977-11-06,Brazil,"6'0"" / 182.88 cm",182.88,170 lbs / 77.11 kg,77.11,Demian Maia Jiu-Jitsu,full/6be74bb60563b83f2924b8c9d3336db588ab8c52.jpg,200,300,12.8
143911,Chance Rencountre,https://www.sherdog.com/fighter/Chance-Rencountre-143911,2026-08-18T23:16:30.295717+00:00,"Dec 31, 1986",1986-12-31,United States,"6'2"" / 187.96 cm",187.96,170 lbs / 77.11 kg,77.11,Alliance MMA,full/67aa11c5299ba473bfb98b17c02f7a5e9fe48a8b.jpg,200,300,18.4
6373,Brock Larson,https://www.sherdog.com/fighter/Brock-Larson-6373,2026-08-18T23:16:30.298901+00:00,"Aug 23, 1977",1977-08-23,United States,"5'11"" / 180.34 cm",180.34,170 lbs / 77.11 kg,77.11,Get Sum Athletic Compound,full/5782cd378f078a34cdd0ff8cff5505e0da8d5fb4.jpg,200,300,18.6
80436,Anthony Rocco Martin,https://www.sherdog.com/fighter/Anthony-Rocco-Martin-80436,2026-08-18T23:16:30.303344+00:00,"Dec 11, 1989",1989-12-11,United States,"6'0"" / 182.88 cm",182.88,170 lbs / 77.11 kg,77.11,American Top Team,full/035458816641ed323efd62d0defa4c434d2e4d19.jpg,200,300,16.8
73527,Salim Touahri,https://www.sherdog.com/fighter/Salim-Touahri-73527,2026-08-18T23:16:30.307997+00:00,"Sep 28, 1989",1989-09-28,Poland,"5'10"" / 177.8 cm",177.8,170 lbs / 77.11 kg,77.11,Grappling Krakow,full/21e44e20129df4795a6bb8366f6999f1b7b22744.jpg,200,300,17.4
89761,Sultan Aliev,https://www.sherdog.com/fighter/Sultan-Aliev-89761,2026-08-18T23:16:30.310639+00:00,"Sep 17, 1984",1984-09-17,Russia,"5'11"" / 180.34 cm",180.34,170 lbs / 77.11 kg,77.11,American Top Team,full/4343bb8caf5abcf7feb46d27f737237af86a3af8.jpg,200,300,16.0
53207,Thiago de Oliveira Perpetuo,https://www.sherdog.com/fighter/Thiago-de-Oliveira-Perpetuo-53207,2026-08-18T23:16:30.313650+00:00,"Dec 14, 1986",1986-12-14,Brazil,"5'10"" / 177.8 cm",177.8,170 lbs / 77.11 kg,77.11,Furacao Fight Team,full/cba36f24883492e5939f9c48bf412798f9ad2302.jpg,200,300,14.8
32446,Mats Nilsson,https://www.sherdog.com/fighter/Mats-Nilsson-32446,2026-08-18T23:16:30.316309+00:00,"Dec 5, 1983",1983-12-05,Sweden,"6'1"" / 185.42 cm",185.42,185 lbs / 83.91 kg,83.91,Rumble Sports,full/4f49261cd2a8b421582b4158af702a6a4bcb7e16.jpg,200,300,13.4
3015,Brian Ebersole,https://www.sherdog.com/fighter/Brian-Ebersole-3015,2026-08-18T23:16:30.318940+00:00,"Nov 27, 1980",1980-11-27,United States,"6'0"" / 182.88 cm",182.88,170 lbs / 77.11 kg,77.11,Tiger Muay Thai,full/3bad111b4639d2f408b4da0a38ec3c9cb1053622.jpg,200,300,14.8
21343,Sergio Moraes,https://www.sherdog.com/fighter/Sergio-Moraes-21343,2026-08-18T23:16:30.324134+00:00,"Jul 23, 1982",1982-07-23,Brazil,"6'0"" / 182.88 cm",182.88,170 lbs / 77.11 kg,77.11,Brazilian TKO,full/a065edf83bfc279c7112a99c54df86a644483694.jpg,200,300,14.0
7632,Kyle Noke,https://www.sherdog.com/fighter/Kyle-Noke-7632,2026-08-18T23:16:30.328592+00:00,"Mar 18, 1980",1980-03-18,Australia,"6'1"" / 185.42 cm",185.42,170 lbs / 77.11 kg,77.11,Jackson-Wink MMA,full/4b18f3badd78efe507d7a6482e0f554697dc16ef.jpg,200,300,13.2
19544,Tim Boetsch,https://www.sherdog.com/fighter/Tim-Boetsch-19544,2026-08-18T23:16:30.334571+00:00,"Jan 28, 1981",1981-01-28,United States,"6'0"" / 182.88 cm",182.88,185 lbs / 83.91 kg,83.91,Team Irish,full/bfecf0701e337e2cb974c660e7495526edadcd44.jpg,200,300,13.0
31808,Zak Cummings,https://www.sherdog.com/fighter/Zak-Cummings-31808,2026-08-18T23:16:30.340916+00:00,"Aug 2, 1984",1984-08-02,United States,"6'0"" / 182.88 cm",182.88,205 lbs / 92.99 kg,92.99,Factory X,full/850640874f295158e10bf6cdae4d8d4c45774ec0.jpg,200,300,11.9
187341,Ian Heinisch,https://www.sherdog.com/fighter/Ian-Heinisch-187341,2026-08-18T23:16:30.346053+00:00,"Aug 5, 1988",1988-08-05,United States,"5'11"" / 180.34 cm",180.34,185 lbs / 83.91 kg,83.91,Genesis MMA,full/ab690d486e4ef037542c9fa11048828ec93046bd.jpg,200,300,19.5
45986,Tom Breese,https://www.sherdog.com/fighter/Tom-Breese-45986,2026-08-18T23:16:30.349419+00:00,"Sep 26, 1991",1991-09-26,England,"6'3"" / 190.5 cm",190.5,205 lbs / 92.99 kg,92.99,Team Renegade,full/33af73c9701b0e34db9c8f8d8ca8c0a2f534eab2.jpg,200,300,15.9
152747,Kaynan Kruschewsky,https://www.sherdog.com/fighter/Kaynan-Kruschewsky-152747,2026-08-18T23:16:30.353478+00:00,"Apr 4, 1991",1991-04-04,Brazil,"5'9"" / 175.26 cm",175.26,155 lbs / 70.31 kg,70.31,The Fighting Nerds,full/7aa626a54b67727d33a1688a8b28f5854b333b29.jpg,200,300,14.1
316759,Myktybek Orolbai,https://www.sherdog.com/fighter/Myktybek-Orolbai-316759,2026-08-18T23:16:30.356216+00:00,"Feb 10, 1998",1998-02-10,Kyrgyzstan,"5'10"" / 177.8 cm",177.8,171 lbs / 77.56 kg,77.56,Uluu Kyrgyz Team,full/db949b06afb6b9049ab0ac3013ab765256e4b7a4.jpg,200,300,15.0
214867,Esteban Ribovics,https://www.sherdog.com/fighter/Esteban-Ribovics-214867,2026-08-18T23:16:30.359473+00:00,"Apr 27, 1996",1996-04-27,Argentina,"5'10"" / 177.8 cm",177.8,156 lbs / 70.76 kg,70.76,Kill Cliff FC,full/ebb11c2be57c98fcaeb0de93150250cb65e3163f.jpg,200,300,12.8
47066,Yosdenis Cedeno,https://www.sherdog.com/fighter/Yosdenis-Cedeno-47066,2026-08-18T23:16:30.362860+00:00,"Feb 12, 1985",1985-02-12,Cuba,"5'8"" / 172.72 cm",172.72,155 lbs / 70.31 kg,70.31,Blackzilians,full/b363bd70e8559a9aa04945268206635e894d0153.jpg,200,300,14.8
88613,Elias Silverio,https://www.sherdog.com/fighter/Elias-Silverio-88613,2026-08-18T23:16:30.365752+00:00,"Sep 22, 1986",1986-09-22,Brazil,"5'11"" / 180.34 cm",180.34,172 lbs / 78.02 kg,78.02,Elias Silverio Team,full/9a83e6e9db813b203fae758d0b6973953f0a6a9a.jpg,200,300,17.7
110361,Westin Wilson,https://www.sherdog.com/fighter/Westin-Wilson-110361,2026-08-18T23:16:30.370986+00:00,"Jan 24, 1989",1989-01-24,United States,"6'1"" / 185.42 cm",185.42,146 lbs / 66.22 kg,66.22,Four7 Training Center,full/ec8aac0ffcd0c9a52d6d7d2171d647fcec5a65a1.jpg,200,300,19.1
112531,Diego Lopes,https://www.sherdog.com/fighter/Diego-Lopes-112531,2026-08-18T23:16:30.374568+00:00,"Dec 30, 1994",1994-12-30,Brazil,"5'11"" / 180.34 cm",180.34,145 lbs / 65.77 kg,65.77,Lobo Gym MMA,full/5841ce2c11d379bd7ab5b720b349f1a95d0b467d.jpg,200,300,16.3
12648,Przemyslaw Mysiala,https://www.sherdog.com/fighter/Przemyslaw-Mysiala-12648,2026-08-18T23:16:30.382161+00:00,"Sep 8, 1982",1982-09-08,Poland,"5'11"" / 180.34 cm",180.34,204 lbs / 92.53 kg,92.53,London Shootfighters,full/33201ef1d2664fe85f7fa32796e467f47fc07dec.jpg,200,300,14.0
249511,Juan Espino,https://www.sherdog.com/fighter/Juan-Espino-249511,2026-08-18T23:16:30.385618+00:00,"Oct 9, 1980",1980-10-09,Spain,"6'4"" / 193.04 cm",193.04,257 lbs / 116.57 kg,116.57,American Top Team,full/c3c52bbeebeddd6a30ad4f1e95dc9105e642209c.jpg,200,300,16.0
23793,Jeff Hughes,https://www.sherdog.com/fighter/Jeff-Hughes-23793,2026-08-18T23:16:30.391111+00:00,"May 17, 1988",1988-05-17,United States,"6'2"" / 187.96 cm",187.96,253 lbs / 114.76 kg,114.76,Strong Style Fight Team,full/9176b64b039d8794f231f2f61477630ceb92023a.jpg,200,300,13.1
67923,Junior Albini,https://www.sherdog.com/fighter/Junior-Albini-67923,2026-08-18T23:16:30.394079+00:00,"Mar 15, 1991",1991-03-15,Brazil,"6'3"" / 190.5 cm",190.5,265 lbs / 120.2 kg,120.2,Astra Fight Team,full/7a2833fe98c4cb6c047849eb0c728a73be22129d.jpg,200,300,12.1
52311,Daniel Cormier,https://www.sherdog.com/fighter/Daniel-Cormier-52311,2026-08-18T23:16:30.397285+00:00,"Mar 20, 1979",1979-03-20,United States,"5'11"" / 180.34 cm",180.34,251 lbs / 113.85 kg,113.85,American Kickboxing Academy,full/64e225a424582cedb40169acd61c1a3fe44e9223.jpg,200,300,14.2
60454,Roger Narvaez,https://www.sherdog.com/fighter/Roger-Narvaez-60454,2026-08-18T23:16:30.402047+00:00,"Sep 9, 1983",1983-09-09,United States,"6'3"" / 190.5 cm",190.5,185 lbs / 83.91 kg,83.91,Full Contact Fight Academy,full/60e8f029128fc26eed04fd1fc958446dab623373.jpg,200,300,19.9
16161,Rafael Cavalcante,https://www.sherdog.com/fighter/Rafael-Cavalcante-16161,2026-08-18T23:16:30.404768+00:00,"Apr 4, 1980",1980-04-04,Brazil,"6'0"" / 182.88 cm",182.88,205 lbs / 92.99 kg,92.99,Team Nogueira,full/630d86cf24571798200575823286128c8e3b727f.jpg,200,300,20.8
2270,Antonio Rogerio Nogueira,https://www.sherdog.com/fighter/Antonio-Rogerio-Nogueira-2270,2026-08-18T23:16:30.407902+00:00,"Jun 2, 1976",1976-06-02,Brazil,"6'2"" / 187.96 cm",187.96,205 lbs / 92.99 kg,92.99,Team Nogueira,full/98bae2869b2ef383f7e4bec2fddf633ed58e109a.jpg,200,300,12.1
7466,Gegard Mousasi,https://www.sherdog.com/fighter/Gegard-Mousasi-7466,2026-08-18T23:16:30.412421+00:00,"Aug 1, 1985",1985-08-01,Netherlands,"6'2"" / 187.96 cm",187.96,185 lbs / 83.91 kg,83.91,Team Jurojin,full/db3e7c716e1599993ea90f6d24462f9e268920fc.jpg,200,300,13.6
79277,Chris Dempsey,https://www.sherdog.com/fighter/Chris-Dempsey-79277,2026-08-18T23:16:30.417716+00:00,"Sep 8, 1987",1987-09-08,United States,"5'10"" / 177.8 cm",177.8,185 lbs / 83.91 kg,83.91,Cold Steel MMA,full/1e09b28995adb932a5a09f1785c0de771975abad.jpg,200,300,14.2
262,Jeff Monson,https://www.sherdog.com/fighter/Jeff-Monson-262,2026-08-18T23:16:30.420800+00:00,"Jan 18, 1971",1971-01-18,United States,"5'9"" / 175.26 cm",175.26,238 lbs / 107.95 kg,107.95,American Top Team,full/074dec27e2270498fe4d54103346b9edc80400cb.jpg,200,300,21.3
3328,Christian Wellisch,https://www.sherdog.com/fighter/Christian-Wellisch-3328,2026-08-18T23:16:30.426684+00:00,"Sep 13, 1975",1975-09-13,Hungary,"6'2"" / 187.96 cm",187.96,234 lbs / 106.14 kg,106.14,American Kickboxing Academy,full/395f9280401b477e471d59bbe2d3877b0b764700.jpg,200,300,18.2
2326,Mirko Filipovic,https://www.sherdog.com/fighter/Mirko-Filipovic-2326,2026-08-18T23:16:30.429459+00:00,"Sep 10, 1974",1974-09-10,Croatia,"6'2"" / 187.96 cm",187.96,234 lbs / 106.14 kg,106.14,Cro Cop Top Team,full/be259c17978e736a5b594ce99d04613e35c1949f.jpg,200,300,18.9
3953,Tom Blackledge,https://www.sherdog.com/fighter/Tom-Blackledge-3953,2026-08-18T23:16:30.434296+00:00,,,England,"6'0"" / 182.88 cm",182.88,205 lbs / 92.99 kg,92.99,Wolfslair Academy,,,,
2191,Cyrille Diabate,https://www.sherdog.com/fighter/Cyrille-Diabate-2191,2026-08-18T23:16:30.436900+00:00,"Oct 6, 1973",1973-10-06,France,"6'6"" / 198.12 cm",198.12,205 lbs / 92.99 kg,92.99,Snake Team,full/73262f24578df34c6f8119093075d98fc7328106.jpg,200,300,12.9
10709,Vinny Magalhaes,https://www.sherdog.com/fighter/Vinny-Magalhaes-10709,2026-08-18T23:16:30.440633+00:00,"Jul 2, 1984",1984-07-02,Brazil,"6'3"" / 190.5 cm",190.5,205 lbs / 92.99 kg,92.99,Syndicate MMA,full/35c8d4e28ff64d17c99b6c75d694955d3255194e.jpg,200,300,17.6
17786,Guto Inocente,https://www.sherdog.com/fighter/Guto-Inocente-17786,2026-08-18T23:16:30.444603+00:00,"May 29, 1986",1986-05-29,Brazil,"6'3"" / 190.5 cm",190.5,250 lbs / 113.4 kg,113.4,Real Kombat Technique,full/ad74ed86ed1711c3cc280dec8ff27115ee29c456.jpg,200,300,12.1
17924,Ryan Lopez,https://www.sherdog.com/fighter/Ryan-Lopez-17924,2026-08-18T23:16:30.447187+00:00,"May 12, 1982",1982-05-12,United States,"6'1"" / 185.42 cm",185.42,205 lbs / 92.99 kg,92.99,American Top Team OKC,full/ef500baebcbf62c9c8f30a96030ce5779d7eed9e.jpg,200,300,9.7
158,Tito Ortiz,https://www.sherdog.com/fighter/Tito-Ortiz-158,2026-08-18T23:18:12.384234+00:00,"Jan 23, 1975",1975-01-23,United States,"6'2"" / 187.96 cm",187.96,205 lbs / 92.99 kg,92.99,Team Punishment,full/54fd177ea1031dd0a202a2305f8edf5ee5946965.jpg,200,300,15.9
22858,Ryan Bader,https://www.sherdog.com/fighter/Ryan-Bader-22858,2026-08-18T23:16:30.449910+00:00,"Jun 7, 1983",1983-06-07,United States,"6'2"" / 187.96 cm",187.96,232 lbs / 105.23 kg,105.23,Power MMA Team,full/3960557f010a1becfdf174e323fb4101d7e59bce.jpg,200,300,18.7
12855,Carmelo Marrero,https://www.sherdog.com/fighter/Carmelo-Marrero-12855,2026-08-18T23:18:12.142793+00:00,"Jan 26, 1981",1981-01-26,United States,"6'2"" / 187.96 cm",187.96,255 lbs / 115.67 kg,115.67,American Top Team,full/e32ea74518ea63495128626e4e6e33cb55b82aac.jpg,200,300,11.9
13275,Eric Schafer,https://www.sherdog.com/fighter/Eric-Schafer-13275,2026-08-18T23:18:12.152336+00:00,"Sep 20, 1977",1977-09-20,United States,"6'3"" / 190.5 cm",190.5,185 lbs / 83.91 kg,83.91,Red Schafer MMA,full/ec3f738404ddf16b81b92bf83fed0c4562fa853e.jpg,200,300,11.7
2638,Keith Jardine,https://www.sherdog.com/fighter/Keith-Jardine-2638,2026-08-18T23:18:12.156759+00:00,"Oct 31, 1975",1975-10-31,United States,"6'2"" / 187.96 cm",187.96,185 lbs / 83.91 kg,83.91,Jackson-Wink MMA,full/1a42cd87817d4266f84f18250f358a8c91d89f1c.jpg,200,300,17.8
435,Vladimir Matyushenko,https://www.sherdog.com/fighter/Vladimir-Matyushenko-435,2026-08-18T23:18:12.161734+00:00,"Jan 4, 1971",1971-01-04,Belarus,"6'1"" / 185.42 cm",185.42,205 lbs / 92.99 kg,92.99,VMAT,full/9778c03b9d19e2b783ce05214797b854aa45605d.jpg,200,300,15.7
10199,Lance Evans,https://www.sherdog.com/fighter/Lance-Evans-10199,2026-08-18T23:18:12.169030+00:00,"May 11, 1977",1977-05-11,United States,"5'10"" / 177.8 cm",177.8,205 lbs / 92.99 kg,92.99,,full/bf0fec2958e7eee9f94906f597ab367002147b64.jpg,200,300,13.2
41539,Jules Bruchez,https://www.sherdog.com/fighter/Jules-Bruchez-41539,2026-08-18T23:18:12.171292+00:00,"Aug 16, 1977",1977-08-16,United States,"6'0"" / 182.88 cm",182.88,184 lbs / 83.46 kg,83.46,Gladiator LA,full/0608df6359c8d64f282d115a5179bd4cdba71863.jpg,200,300,11.5
9178,Krzysztof Soszynski,https://www.sherdog.com/fighter/Krzysztof-Soszynski-9178,2026-08-18T23:18:12.173640+00:00,"Aug 2, 1977",1977-08-02,Canada,"6'1"" / 185.42 cm",185.42,205 lbs / 92.99 kg,92.99,Reign MMA,full/1379b0aa174f14160128eb922116750ed4d909ad.jpg,200,300,19.8
15104,Eliot Marshall,https://www.sherdog.com/fighter/Eliot-Marshall-15104,2026-08-18T23:18:12.178786+00:00,"Jul 7, 1980",1980-07-07,United States,"6'3"" / 190.5 cm",190.5,205 lbs / 92.99 kg,92.99,Grudge Training Center,full/7761691c7511ba0a0c077e6288976f6b0f2a27d7.jpg,200,300,11.9
12785,Steve Cantwell,https://www.sherdog.com/fighter/Steve-Cantwell-12785,2026-08-18T23:18:12.182560+00:00,"Dec 8, 1986",1986-12-08,United States,"6'2"" / 187.96 cm",187.96,185 lbs / 83.91 kg,83.91,One Kick's Gym,full/713b2234666ebfd6e11fb14b9528660558946b69.jpg,200,300,16.9
29744,Tom DeBlass,https://www.sherdog.com/fighter/Tom-DeBlass-29744,2026-08-18T23:18:12.185602+00:00,"May 14, 1982",1982-05-14,United States,"5'11"" / 180.34 cm",180.34,205 lbs / 92.99 kg,92.99,Ricardo Almeida Jiu-Jitsu,full/53677e23bae444df8ee52bd49461cdf025e30995.jpg,200,300,17.6
15932,Chad Griggs,https://www.sherdog.com/fighter/Chad-Griggs-15932,2026-08-18T23:18:12.188076+00:00,"May 15, 1978",1978-05-15,United States,"6'3"" / 190.5 cm",190.5,205 lbs / 92.99 kg,92.99,Apex MMA,full/e9e339693843626a9e381d72747f1dcc6c83c1d1.jpg,200,300,14.7
12098,Eddie Sanchez,https://www.sherdog.com/fighter/Eddie-Sanchez-12098,2026-08-18T23:18:12.191237+00:00,"Apr 11, 1982",1982-04-11,United States,"6'3"" / 190.5 cm",190.5,214 lbs / 97.07 kg,97.07,Kings MMA,full/3cc116c20221c5fd38aa2c3dd1123ff271077e04.jpg,200,300,18.0
8224,Mostapha Al-Turk,https://www.sherdog.com/fighter/Mostapha-AlTurk-8224,2026-08-18T23:18:12.194552+00:00,"Jul 14, 1973",1973-07-14,England,"6'2"" / 187.96 cm",187.96,235 lbs / 106.59 kg,106.59,London Shootfighters,full/b28483960e643d100cc9eefc06849596cbf4fa5d.jpg,200,300,11.1
17272,Junior dos Santos,https://www.sherdog.com/fighter/Junior-dos-Santos-17272,2026-08-18T23:18:12.199161+00:00,"Jan 30, 1984",1984-01-30,Brazil,"6'4"" / 193.04 cm",193.04,245 lbs / 111.13 kg,111.13,Champion Team,full/6e50247a8d397844887b23c3c98db6c2509e2703.jpg,200,300,10.2
33342,Pat Barry,https://www.sherdog.com/fighter/Pat-Barry-33342,2026-08-18T23:18:12.205553+00:00,"Jul 7, 1979",1979-07-07,United States,"5'11"" / 180.34 cm",180.34,237 lbs / 107.5 kg,107.5,Team Death Clutch,full/cf5ac8093a27aa66a0a75a3581d7d865d390e6fa.jpg,200,300,9.8
33926,Brendan Schaub,https://www.sherdog.com/fighter/Brendan-Schaub-33926,2026-08-18T23:18:12.209644+00:00,"Mar 18, 1983",1983-03-18,United States,"6'4"" / 193.04 cm",193.04,238 lbs / 107.95 kg,107.95,Reign MMA,full/d0ae2e6d8571a3544c9fff044a3313d258f1a9fb.jpg,200,300,14.5
7306,Gabriel Gonzaga,https://www.sherdog.com/fighter/Gabriel-Gonzaga-7306,2026-08-18T23:18:12.213934+00:00,"May 18, 1979",1979-05-18,Brazil,"6'2"" / 187.96 cm",187.96,264 lbs / 119.75 kg,119.75,Team Link,full/0a21826cde90a932a556c2dc3234dd2d01e12183.jpg,200,300,17.1
2193,Cheick Kongo,https://www.sherdog.com/fighter/Cheick-Kongo-2193,2026-08-18T23:18:12.219766+00:00,"May 17, 1975",1975-05-17,France,"6'4"" / 193.04 cm",193.04,242 lbs / 109.77 kg,109.77,Kongo Smashin' Club,full/ecc50dc6d9a1a390df05c2e6213f9172874c0c7f.jpg,200,300,16.9
12943,Scott Junk,https://www.sherdog.com/fighter/Scott-Junk-12943,2026-08-18T23:18:12.225357+00:00,"Dec 17, 1978",1978-12-17,United States,"6'1"" / 185.42 cm",185.42,265 lbs / 120.2 kg,120.2,MMA Development,full/d83d8fd0b16402bbe80b15f6d85c6bee38b33667.jpg,200,300,11.8
14013,Shane Carwin,https://www.sherdog.com/fighter/Shane-Carwin-14013,2026-08-18T23:18:12.227827+00:00,"Jan 4, 1975",1975-01-04,United States,"6'2"" / 187.96 cm",187.96,254 lbs / 115.21 kg,115.21,Grudge Training Center,full/c5a8647a9f05a4506867c8e92cbbf1f9f76d59a0.jpg,200,300,13.0
14892,Jake O'Brien,https://www.sherdog.com/fighter/Jake-OBrien-14892,2026-08-18T23:18:12.230761+00:00,"Sep 25, 1984",1984-09-25,United States,"6'3"" / 190.5 cm",190.5,205 lbs / 92.99 kg,92.99,Integrated Fighting Academy,full/2c2bd8db18b08aa59f93a6124585edecaedd5a02.jpg,200,300,14.6
223,Tim Lajcik,https://www.sherdog.com/fighter/Tim-Lajcik-223,2026-08-18T23:18:12.234077+00:00,"Jun 21, 1965",1965-06-21,United States,"6'1"" / 185.42 cm",185.42,225 lbs / 102.06 kg,102.06,Gladiators Training Academy,full/37fcf6f0e18da51dacc919d3a802aa41a2ea8762.jpg,200,300,13.3
192,Chuck Liddell,https://www.sherdog.com/fighter/Chuck-Liddell-192,2026-08-18T23:18:12.236651+00:00,"Dec 17, 1969",1969-12-17,United States,"6'2"" / 187.96 cm",187.96,205 lbs / 92.99 kg,92.99,The Pit,full/f75a1d2c617e5b5a30c0a403d1c7772b777d92cb.jpg,200,300,17.8
8,Ricco Rodriguez,https://www.sherdog.com/fighter/Ricco-Rodriguez-8,2026-08-18T23:18:12.242290+00:00,"Aug 19, 1977",1977-08-19,United States,"6'4"" / 193.04 cm",193.04,225 lbs / 102.06 kg,102.06,American Fight Club,full/8d69a6a7d4833eb374d8a7b7e19afc30482bb0f8.jpg,200,300,16.4
437,Branden Lee Hinkle,https://www.sherdog.com/fighter/Branden-Lee-Hinkle-437,2026-08-18T23:18:12.247948+00:00,"Jul 29, 1973",1973-07-29,United States,"6'2"" / 187.96 cm",187.96,230 lbs / 104.33 kg,104.33,Hammer House,full/7fb0db2e865c5e013fb81b8dde9cf549b60b942f.jpg,200,300,12.5
13976,Marcio Cruz,https://www.sherdog.com/fighter/Marcio-Cruz-13976,2026-08-18T23:18:12.251011+00:00,"Apr 24, 1978",1978-04-24,Brazil,"6'4"" / 193.04 cm",193.04,205 lbs / 92.99 kg,92.99,Gracie Fusion,full/cafeed10b4f0f105a9841443e095373ddf70b42b.jpg,200,300,17.3
1061,Tim Sylvia,https://www.sherdog.com/fighter/Tim-Sylvia-1061,2026-08-18T23:18:12.255162+00:00,"Mar 5, 1974",1974-03-05,United States,"6'8"" / 203.2 cm",203.2,265 lbs / 120.2 kg,120.2,Team Extreme,full/f71edc91bb4d77f5d39d94215d001092c2de3349.jpg,200,300,16.1
66410,Eddie Gordon,https://www.sherdog.com/fighter/Eddie-Gordon-66410,2026-08-18T23:18:12.260316+00:00,"Jul 22, 1983",1983-07-22,United States,"6'0"" / 182.88 cm",182.88,170 lbs / 77.11 kg,77.11,Serra-Longo Fight Team,full/44026314beb0e523c30feb5ff41890e297de17cc.jpg,200,300,13.0
108571,Jonathan Wilson,https://www.sherdog.com/fighter/Jonathan-Wilson-108571,2026-08-18T23:18:12.263899+00:00,,,United States,"6'2"" / 187.96 cm",187.96,217 lbs / 98.43 kg,98.43,Millennia MMA,full/4eeb94f164db36b69d7e1bb2271604ce8d81aed7.jpg,200,300,14.6
40518,Scott Askham,https://www.sherdog.com/fighter/Scott-Askham-40518,2026-08-18T23:18:12.266823+00:00,"May 20, 1988",1988-05-20,England,"6'3"" / 190.5 cm",190.5,184 lbs / 83.46 kg,83.46,American Top Team,full/3e1da37d3f0de1857b32d61f0c6d2ce8bdf1b6d8.jpg,200,300,9.7
7513,Lyoto Machida,https://www.sherdog.com/fighter/Lyoto-Machida-7513,2026-08-18T23:18:12.270372+00:00,"May 30, 1978",1978-05-30,Brazil,"6'1"" / 185.42 cm",185.42,185 lbs / 83.91 kg,83.91,APAM,full/1b0752ed6da8052406cae8d3fa06f99796809247.jpg,200,300,10.2
156,Vitor Belfort,https://www.sherdog.com/fighter/Vitor-Belfort-156,2026-08-18T23:18:12.372636+00:00,"Apr 1, 1977",1977-04-01,Brazil,"6'0"" / 182.88 cm",182.88,185 lbs / 83.91 kg,83.91,Kill Cliff FC,full/8aa4744a3d60adb6450e264b4eae725d39e1eb02.jpg,200,300,14.5
17559,Luiz Cane,https://www.sherdog.com/fighter/Luiz-Cane-17559,2026-08-18T23:18:12.380158+00:00,"Apr 2, 1981",1981-04-02,Brazil,"6'2"" / 187.96 cm",187.96,205 lbs / 92.99 kg,92.99,Demian Maia Jiu-Jitsu,full/53ee25dec69e201b858de9870b6eb90ef42fad36.jpg,200,300,19.1
10200,Rashad Evans,https://www.sherdog.com/fighter/Rashad-Evans-10200,2026-08-18T23:18:12.390560+00:00,"Sep 25, 1979",1979-09-25,United States,"5'11"" / 180.34 cm",180.34,205 lbs / 92.99 kg,92.99,Kill Cliff FC,full/485d3440bd92dfa5dbc7c5f9eb11b2263eab7aa1.jpg,200,300,20.3
14396,Thiago Silva,https://www.sherdog.com/fighter/Thiago-Silva-14396,2026-08-18T23:18:12.396777+00:00,"Nov 12, 1982",1982-11-12,Brazil,"6'1"" / 185.42 cm",185.42,223 lbs / 101.15 kg,101.15,Kill Cliff FC,full/f3609906a3eef43d70af2701946bd75a9d5c89e4.jpg,200,300,10.9
81765,Elias Theodorou,https://www.sherdog.com/fighter/Elias-Theodorou-81765,2026-08-18T23:18:12.401088+00:00,"May 31, 1988",1988-05-31,Canada,"6'1"" / 185.42 cm",185.42,185 lbs / 83.91 kg,83.91,Kros Gym,full/eb4c22190194d205a99bd0c6c2d1951456f3f244.jpg,200,300,16.4
2329,Frank Mir,https://www.sherdog.com/fighter/Frank-Mir-2329,2026-08-18T23:18:12.405078+00:00,"May 24, 1979",1979-05-24,United States,"6'3"" / 190.5 cm",190.5,262 lbs / 118.84 kg,118.84,Frank Mir Gym,full/d7619b0c6e645b9ac7f1f5bf19961d6b337e15dc.jpg,200,300,15.8
10249,Roy Nelson,https://www.sherdog.com/fighter/Roy-Nelson-10249,2026-08-18T23:18:12.411333+00:00,"Jun 20, 1976",1976-06-20,United States,"6'0"" / 182.88 cm",182.88,249 lbs / 112.94 kg,112.94,Country Club,full/6455ff881e7524e3d4258fea6b659960298a662e.jpg,200,300,17.5
17662,Anthony Johnson,https://www.sherdog.com/fighter/Anthony-Johnson-17662,2026-08-18T23:18:12.417451+00:00,"Mar 6, 1984",1984-03-06,United States,"6'2"" / 187.96 cm",187.96,205 lbs / 92.99 kg,92.99,Kill Cliff FC,full/0df2bc2abd39fa8b8bfeed4b330e29b2218ebc46.jpg,200,300,15.7
27944,Jon Jones,https://www.sherdog.com/fighter/Jon-Jones-27944,2026-08-18T23:18:12.422614+00:00,"Jul 19, 1987",1987-07-19,United States,"6'4"" / 193.04 cm",193.04,238 lbs / 107.95 kg,107.95,Jackson-Wink MMA,full/32957539dd026d08ebbcddf3a43962026f111cbb.jpg,200,300,11.8
72706,Tim Johnson,https://www.sherdog.com/fighter/Tim-Johnson-72706,2026-08-18T23:18:12.428661+00:00,"Mar 13, 1985",1985-03-13,United States,"6'3"" / 190.5 cm",190.5,266 lbs / 120.66 kg,120.66,Xtreme Couture,full/ce8b221a34225aa22dd44460c27e2e79fa45c320.jpg,200,300,12.7
22903,Todd Duffee,https://www.sherdog.com/fighter/Todd-Duffee-22903,2026-08-18T23:18:12.432340+00:00,"Dec 6, 1985",1985-12-06,United States,"6'3"" / 190.5 cm",190.5,241 lbs / 109.32 kg,109.32,American Kickboxing Academy,full/a2592ebc751dad02f025492a7f2da49458dfbf9c.jpg,200,300,12.5
242953,Raphael Pessoa,https://www.sherdog.com/fighter/Raphael-Pessoa-242953,2026-08-18T23:18:12.435326+00:00,"Mar 9, 1989",1989-03-09,Brazil,"6'4"" / 193.04 cm",193.04,247 lbs / 112.04 kg,112.04,HWB _ Heavyweight Brothers MMA,full/54ccd97064a6b914d03767500411f332610e8ad4.jpg,200,300,12.5
125617,Ben Sosoli,https://www.sherdog.com/fighter/Ben-Sosoli-125617,2026-08-18T23:18:12.437930+00:00,"Dec 10, 1989",1989-12-10,Australia,"6'0"" / 182.88 cm",182.88,264 lbs / 119.75 kg,119.75,Resilience Training Centre,full/1d621f5621c1aa5dad3afe610ba4a97e9b99f0fb.jpg,200,300,13.8
77208,Justin Frazier,https://www.sherdog.com/fighter/Justin-Frazier-77208,2026-08-18T23:18:12.440552+00:00,"Jun 15, 1989",1989-06-15,United States,"6'0"" / 182.88 cm",182.88,281 lbs / 127.46 kg,127.46,Without Limits MMA,full/90d9ae73425cc57e761f687ee61d6ce60793fd16.jpg,200,300,16.6
17577,Joao Zeferino,https://www.sherdog.com/fighter/Joao-Zeferino-17577,2026-08-18T23:18:12.443270+00:00,"Jan 15, 1986",1986-01-15,Brazil,"5'11"" / 180.34 cm",180.34,170 lbs / 77.11 kg,77.11,Rangel Farias Team,full/4bbbd9d370b93ea8d3c63ef587fea93fb3169db3.jpg,200,300,17.1
8180,Isaac Vallie-Flagg,https://www.sherdog.com/fighter/Isaac-VallieFlagg-8180,2026-08-18T23:18:12.446498+00:00,"Apr 8, 1978",1978-04-08,United States,"5'8"" / 172.72 cm",172.72,159 lbs / 72.12 kg,72.12,Jackson-Wink MMA,full/8fcf4a5b08a3befc616e3850aa0db579c95bc6bb.jpg,200,300,18.6
159,Wes Albritton,https://www.sherdog.com/fighter/Wes-Albritton-159,2026-08-18T23:20:10.946337+00:00,,,United States,"5'10"" / 177.8 cm",177.8,187 lbs / 84.82 kg,84.82,,full/06750042ca3546753bbb0eb81887e4093da8ed0e.jpg,200,300,11.3
4,Ken Shamrock,https://www.sherdog.com/fighter/Ken-Shamrock-4,2026-08-18T23:20:10.967022+00:00,"Feb 11, 1964",1964-02-11,United States,"6'1"" / 185.42 cm",185.42,212 lbs / 96.16 kg,96.16,Lion's Den,full/9548f48d58f7654361e6055747428cf467814b02.jpg,200,300,16.5
46,Joe Charles,https://www.sherdog.com/fighter/Joe-Charles-46,2026-08-18T23:20:10.987724+00:00,"Jul 16, 1958",1958-07-16,United States,"6'1"" / 185.42 cm",185.42,260 lbs / 117.93 kg,117.93,,full/99bd7adf0efbb06d6d9d28f723c881f6c8816331.jpg,200,300,12.9
34625,Shane Campbell,https://www.sherdog.com/fighter/Shane-Campbell-34625,2026-08-18T23:18:12.449512+00:00,"Jan 21, 1987",1987-01-21,Canada,"6'0"" / 182.88 cm",182.88,155 lbs / 70.31 kg,70.31,Shaolin Muay Thai,full/6b571d9c2c369943858bb5c2b0c4d4725bffb3aa.jpg,200,300,14.5
23390,Erik Koch,https://www.sherdog.com/fighter/Erik-Koch-23390,2026-08-18T23:20:10.817335+00:00,"Oct 4, 1988",1988-10-04,United States,"5'10"" / 177.8 cm",177.8,155 lbs / 70.31 kg,70.31,Roufusport,full/3ed1dee114556cd50520b1bd737b2513dc5dab15.jpg,200,300,18.9
128357,Felipe Silva,https://www.sherdog.com/fighter/Felipe-Silva-128357,2026-08-18T23:20:10.831258+00:00,"Aug 5, 1984",1984-08-05,Brazil,"6'0"" / 182.88 cm",182.88,155 lbs / 70.31 kg,70.31,CM System,full/e58bea1137310ad07a883d0f727f4abc82b30ff6.jpg,200,300,15.5
223865,Anderson      Silva,https://www.sherdog.com/fighter/Anderson-Silva-223865,2026-08-18T23:20:10.834339+00:00,"Aug 29, 1986",1986-08-29,Brazil,"6'3"" / 190.5 cm",190.5,287 lbs / 130.18 kg,130.18,Gorilla's Fight Team,full/363df7bd0495d37bec0a3813b6544835d959ecdd.jpg,200,300,9.8
20552,Mike Russow,https://www.sherdog.com/fighter/Mike-Russow-20552,2026-08-18T23:20:10.836862+00:00,"Nov 9, 1976",1976-11-09,United States,"6'1"" / 185.42 cm",185.42,256 lbs / 116.12 kg,116.12,,full/3c4c4872b39414b37ce7e3494530e7e0b0c27a98.jpg,200,300,15.5
46202,Phil De Fries,https://www.sherdog.com/fighter/Phil-De-Fries-46202,2026-08-18T23:20:10.840177+00:00,"Apr 21, 1986",1986-04-21,England,"6'4"" / 193.04 cm",193.04,264 lbs / 119.75 kg,119.75,TFT MMA,full/43ee2e38bcae9ce831723be791280bd5c56e39ef.jpg,200,300,15.3
58947,Anthony Hamilton,https://www.sherdog.com/fighter/Anthony-Hamilton-58947,2026-08-18T23:20:10.844712+00:00,"Apr 14, 1980",1980-04-14,United States,"6'5"" / 195.58 cm",195.58,261 lbs / 118.39 kg,118.39,Jackson-Wink MMA,full/5082240cb19b815940d693fe939f7821c842f52a.jpg,200,300,16.3
54303,Daniel Omielanczuk,https://www.sherdog.com/fighter/Daniel-Omielanczuk-54303,2026-08-18T23:20:10.850593+00:00,"Aug 31, 1982",1982-08-31,Poland,"6'0"" / 182.88 cm",182.88,254 lbs / 115.21 kg,115.21,WCA Fight Team,full/6b636f51c0a88a8caa52da368b4e7829086df6e5.jpg,200,300,14.3
190735,Marcelo Golm,https://www.sherdog.com/fighter/Marcelo-Golm-190735,2026-08-18T23:20:10.855239+00:00,"Sep 15, 1992",1992-09-15,Brazil,"6'3"" / 190.5 cm",190.5,266 lbs / 120.66 kg,120.66,Corinthians MMA,full/88b4b3a1c1468fce9e9392605dad2123f39a83b7.jpg,200,300,10.5
145941,Dominick Reyes,https://www.sherdog.com/fighter/Dominick-Reyes-145941,2026-08-18T23:20:10.858202+00:00,"Dec 26, 1989",1989-12-26,United States,"6'4"" / 193.04 cm",193.04,205 lbs / 92.99 kg,92.99,Teixeira MMA & Fitness,full/59d61bd2ea7e3a549e24f38ae50cc5a035c76fc9.jpg,200,300,10.9
14016,Chad Reiner,https://www.sherdog.com/fighter/Chad-Reiner-14016,2026-08-18T23:20:10.863207+00:00,"Jun 29, 1981",1981-06-29,United States,"6'0"" / 182.88 cm",182.88,170 lbs / 77.11 kg,77.11,Premier Combat Center,full/6e4ce999eed6290d59f81e0a0a9ab134873928f1.jpg,200,300,10.5
20512,Kevin Burns,https://www.sherdog.com/fighter/Kevin-Burns-20512,2026-08-18T23:20:10.867225+00:00,"Mar 3, 1980",1980-03-03,United States,"6'0"" / 182.88 cm",182.88,170 lbs / 77.11 kg,77.11,Grudge Training Center,full/745726cfa568195b033fec5c0fcadea5fe8ea901.jpg,200,300,17.0
12199,Luigi Fioravanti,https://www.sherdog.com/fighter/Luigi-Fioravanti-12199,2026-08-18T23:20:10.870645+00:00,"Jan 22, 1981",1981-01-22,United States,"5'9"" / 175.26 cm",175.26,183 lbs / 83.01 kg,83.01,Flawless MMA,full/77a0f804ad590f4deb371c5ee8b24736115e5f3e.jpg,200,300,25.6
12073,Yoshiyuki Yoshida,https://www.sherdog.com/fighter/Yoshiyuki-Yoshida-12073,2026-08-18T23:20:10.875085+00:00,"May 10, 1974",1974-05-10,Japan,"5'11"" / 180.34 cm",180.34,170 lbs / 77.11 kg,77.11,Right Thing Academy,full/0fc697e1d2df077f7575b29d8274083fd5dcb368.jpg,200,300,13.6
9418,Josh Koscheck,https://www.sherdog.com/fighter/Josh-Koscheck-9418,2026-08-18T23:20:10.880145+00:00,"Nov 30, 1977",1977-11-30,United States,"5'10"" / 177.8 cm",177.8,170 lbs / 77.11 kg,77.11,Dethrone Base Camp,full/eeacb49f07bbb7ebf3761abad81c4b8ddf2a8c60.jpg,200,300,20.4
10629,Dan Hardy,https://www.sherdog.com/fighter/Dan-Hardy-10629,2026-08-18T23:20:10.887078+00:00,"May 17, 1982",1982-05-17,England,"6'0"" / 182.88 cm",182.88,170 lbs / 77.11 kg,77.11,Team Rough House,full/0a5138e8bd8fd85dfb9d96dec510efa3b9afa01a.jpg,200,300,11.8
22388,Kevin Ferguson,https://www.sherdog.com/fighter/Kevin-Ferguson-22388,2026-08-18T23:20:10.891311+00:00,"Feb 8, 1974",1974-02-08,United States,"6'2"" / 187.96 cm",187.96,225 lbs / 102.06 kg,102.06,American Top Team,full/9336360d343b01d30290766343edcff9d827a5b2.jpg,200,300,13.9
21401,Justin Wren,https://www.sherdog.com/fighter/Justin-Wren-21401,2026-08-18T23:20:10.893809+00:00,"Apr 27, 1987",1987-04-27,United States,"6'3"" / 190.5 cm",190.5,265 lbs / 120.2 kg,120.2,Grudge Training Center,full/e40a15a21891ae40c5f7d6853a1174edd172d1d3.jpg,200,300,15.6
76763,Jared Rosholt,https://www.sherdog.com/fighter/Jared-Rosholt-76763,2026-08-18T23:20:10.896551+00:00,"Aug 4, 1986",1986-08-04,United States,"6'2"" / 187.96 cm",187.96,240 lbs / 108.86 kg,108.86,Team Takedown,full/a5d84b849b6011fb304a18be16cf3cabaa0d6204.jpg,200,300,11.1
142,Roberto Traven,https://www.sherdog.com/fighter/Roberto-Traven-142,2026-08-18T23:20:10.900274+00:00,"Sep 16, 1968",1968-09-16,Brazil,"6'3"" / 190.5 cm",190.5,227 lbs / 102.97 kg,102.97,Alliance Team,full/0e7337ba4c90e8da0caf772fe112298a3d6bf166.jpg,200,300,12.5
242,Ian Freeman,https://www.sherdog.com/fighter/Ian-Freeman-242,2026-08-18T23:20:10.902570+00:00,"Dec 31, 1970",1970-12-31,England,"5'11"" / 180.34 cm",180.34,205 lbs / 92.99 kg,92.99,Machine MMA,full/6309c0856a4e3a226802ec3a5796594abf441307.jpg,200,300,13.8
2713,Wes Sims,https://www.sherdog.com/fighter/Wes-Sims-2713,2026-08-18T23:20:10.905920+00:00,"Oct 12, 1979",1979-10-12,United States,"6'9"" / 205.74 cm",205.74,258 lbs / 117.03 kg,117.03,Hammer House,full/ae377c686e90967a61eb2fc952e94effd5c35b77.jpg,200,300,13.8
2646,Dan Christison,https://www.sherdog.com/fighter/Dan-Christison-2646,2026-08-18T23:20:10.910461+00:00,"Apr 26, 1972",1972-04-26,United States,"6'8"" / 203.2 cm",203.2,270 lbs / 122.47 kg,122.47,Jackson-Wink MMA,full/a32a4f49e199e18e562885a08c20cac9f911ae2e.jpg,200,300,13.9
272,Josh Barnett,https://www.sherdog.com/fighter/Josh-Barnett-272,2026-08-18T23:20:10.913683+00:00,"Nov 10, 1977",1977-11-10,United States,"6'3"" / 190.5 cm",190.5,248 lbs / 112.49 kg,112.49,UWF USA,full/41c35ea713b43a58612108376c2618e35a18f012.jpg,200,300,15.2
12354,Antonio Silva,https://www.sherdog.com/fighter/Antonio-Silva-12354,2026-08-18T23:20:10.918156+00:00,"Sep 14, 1979",1979-09-14,Brazil,"6'4"" / 193.04 cm",193.04,264 lbs / 119.75 kg,119.75,American Top Team,full/c0b6fdc651f1a778e0b8beda04be3f90de8b8984.jpg,200,300,17.1
23648,Sheldon Westcott,https://www.sherdog.com/fighter/Sheldon-Westcott-23648,2026-08-18T23:20:10.923676+00:00,"Aug 20, 1984",1984-08-20,Canada,"6'1"" / 185.42 cm",185.42,170 lbs / 77.11 kg,77.11,Complete Fitness and Martial Arts,full/5c398f3a7a747af0d88eaed97230633f1778545a.jpg,200,300,10.8
48052,Bruno Santos,https://www.sherdog.com/fighter/Bruno-Santos-48052,2026-08-18T23:20:10.926276+00:00,"Jul 17, 1987",1987-07-17,Brazil,"5'8"" / 172.72 cm",172.72,185 lbs / 83.91 kg,83.91,MMA Masters,full/bdd155035bd5c9153a0f36aa5bde2ba342f41433.jpg,200,300,17.4
10047,Tomasz Drwal,https://www.sherdog.com/fighter/Tomasz-Drwal-10047,2026-08-18T23:20:10.931361+00:00,"Jan 22, 1982",1982-01-22,Poland,"6'1"" / 185.42 cm",185.42,185 lbs / 83.91 kg,83.91,Szkola Walki Drwala,full/4fef6345d6d03821a06b710d858297a08f19a973.jpg,200,300,19.6
12284,Tom Murphy,https://www.sherdog.com/fighter/Tom-Murphy-12284,2026-08-18T23:20:10.935910+00:00,"Nov 19, 1974",1974-11-19,United States,"6'2"" / 187.96 cm",187.96,205 lbs / 92.99 kg,92.99,Tristar Gym,full/3e99a3b065156639142f422c0277683d6bdb0aec.jpg,200,300,12.6
11453,Brad Imes,https://www.sherdog.com/fighter/Brad-Imes-11453,2026-08-18T23:20:10.938448+00:00,"May 6, 1978",1978-05-06,United States,"6'7"" / 200.66 cm",200.66,260 lbs / 117.93 kg,117.93,Sacramento BJJ,full/9f70ae74158793d8590746d419193fd203c6ff5d.jpg,200,300,16.2
14515,Sean Salmon,https://www.sherdog.com/fighter/Sean-Salmon-14515,2026-08-18T23:20:10.941855+00:00,"Nov 9, 1977",1977-11-09,United States,"5'10"" / 177.8 cm",177.8,205 lbs / 92.99 kg,92.99,,full/373caa3a097744a9fc8ccde8d496042e785263c5.jpg,200,300,11.8
127,Jerry Bohlander,https://www.sherdog.com/fighter/Jerry-Bohlander-127,2026-08-18T23:20:10.948538+00:00,"Nov 2, 1974",1974-11-02,United States,"5'11"" / 180.34 cm",180.34,199 lbs / 90.26 kg,90.26,Lion's Den,full/a3acef3fdcde7b343eb7ab9070de533c34f72951.jpg,200,300,10.4
14,Guy Mezger,https://www.sherdog.com/fighter/Guy-Mezger-14,2026-08-18T23:20:10.955291+00:00,"Jan 1, 1968",1968-01-01,United States,"6'1"" / 185.42 cm",185.42,200 lbs / 90.72 kg,90.72,Lion's Den Dallas,full/10c9a97d86927e886439c398bde87727ce0e6d50.jpg,200,300,10.6
284,Frank Shamrock,https://www.sherdog.com/fighter/Frank-Shamrock-284,2026-08-18T23:20:10.959846+00:00,"Dec 8, 1972",1972-12-08,United States,"5'10"" / 177.8 cm",177.8,185 lbs / 83.91 kg,83.91,The Alliance,full/b13acd170d167698b01eb6d0e7d94fbab2f507d8.jpg,200,300,18.3
281,Elvis Sinosic,https://www.sherdog.com/fighter/Elvis-Sinosic-281,2026-08-18T23:20:10.963459+00:00,"Feb 13, 1971",1971-02-13,Australia,"6'3"" / 190.5 cm",190.5,199 lbs / 90.26 kg,90.26,,full/8354172975606dd3d0ba63d6518e087cc1685a16.jpg,200,300,16.2
7780,James Irvin,https://www.sherdog.com/fighter/James-Irvin-7780,2026-08-18T23:20:10.973058+00:00,"Sep 12, 1978",1978-09-12,United States,"6'2"" / 187.96 cm",187.96,185 lbs / 83.91 kg,83.91,Reign MMA,full/10b0da203efab50cffc6777ceececcee3e569bdd.jpg,200,300,16.2
27115,Stanislav Nedkov,https://www.sherdog.com/fighter/Stanislav-Nedkov-27115,2026-08-18T23:20:10.977481+00:00,"Sep 12, 1981",1981-09-12,Bulgaria,"5'11"" / 180.34 cm",180.34,203 lbs / 92.08 kg,92.08,Bushido Bulgaria,full/357c8feb72e1713a31f45cfd35c37a87083fb130.jpg,200,300,15.2
128,Scott Ferrozzo,https://www.sherdog.com/fighter/Scott-Ferrozzo-128,2026-08-18T23:20:10.980407+00:00,"Apr 26, 1965",1965-04-26,United States,"5'11"" / 180.34 cm",180.34,323 lbs / 146.51 kg,146.51,,full/1adae711ea299478116de07fe0bd1bf619ad6ede.jpg,200,300,12.9
110,David Abbott,https://www.sherdog.com/fighter/David-Abbott-110,2026-08-18T23:20:10.982926+00:00,"Apr 26, 1965",1965-04-26,United States,"6'0"" / 182.88 cm",182.88,250 lbs / 113.4 kg,113.4,,full/b101160d62d873582291f2955f1e108b6b0a6f83.jpg,200,300,13.5
339,Marvin Eastman,https://www.sherdog.com/fighter/Marvin-Eastman-339,2026-08-18T23:20:10.990504+00:00,"Jun 8, 1971",1971-06-08,United States,"5'9"" / 175.26 cm",175.26,207 lbs / 93.89 kg,93.89,J-Sect MMA,full/b0972f8352d7b4315e9199bb9ac1e4b8f67568be.jpg,200,300,19.6
11895,Yoshihiro Akiyama,https://www.sherdog.com/fighter/Yoshihiro-Akiyama-11895,2026-08-18T23:20:10.993973+00:00,"Jul 29, 1975",1975-07-29,Japan,"5'10"" / 177.8 cm",177.8,170 lbs / 77.11 kg,77.11,Jackson-Wink MMA,full/380db9a7beaedcab0053e782bd4f7f8d34a9bd1e.jpg,200,300,14.9
6445,Sam Hoger,https://www.sherdog.com/fighter/Sam-Hoger-6445,2026-08-18T23:20:10.997928+00:00,"Jun 28, 1980",1980-06-28,United States,"6'2"" / 187.96 cm",187.96,205 lbs / 92.99 kg,92.99,Miletich Martial Arts,full/386819bafbeaed90b82793fa506e71dbb5d7de17.jpg,200,300,12.0
6943,Kazuhiro Nakamura,https://www.sherdog.com/fighter/Kazuhiro-Nakamura-6943,2026-08-18T23:20:11.002363+00:00,"Jul 16, 1979",1979-07-16,Japan,"5'11"" / 180.34 cm",180.34,185 lbs / 83.91 kg,83.91,Yoshida Dojo,full/8537ed81497accdf19194356bfa887c352673d03.jpg,200,300,11.5
17010,Rameau Thierry Sokoudjou,https://www.sherdog.com/fighter/Rameau-Thierry-Sokoudjou-17010,2026-08-18T23:20:11.005605+00:00,"Apr 18, 1984",1984-04-18,United States,"5'10"" / 177.8 cm",177.8,205 lbs / 92.99 kg,92.99,Team Quest,full/73f7447f997eb7f539f6b5aa4a125e93dacf5660.jpg,200,300,15.8
60762,Yoel Romero,https://www.sherdog.com/fighter/Yoel-Romero-60762,2026-08-18T23:20:11.009162+00:00,"Apr 30, 1977",1977-04-30,United States,"5'10"" / 177.8 cm",177.8,205 lbs / 92.99 kg,92.99,American Top Team,full/4e5f32500e7681f80d8045d8f19e99046544c902.jpg,200,300,14.7
46759,Antonio dos Santos Jr.,https://www.sherdog.com/fighter/Antonio-dos-Santos-Jr-46759,2026-08-18T23:20:11.013875+00:00,"Jul 21, 1988",1988-07-21,Brazil,"5'10"" / 177.8 cm",177.8,170 lbs / 77.11 kg,77.11,MMA Masters,full/65f5290881ec724d75271ac27491313a090cdcb2.jpg,200,300,14.9
44442,Bradley Scott,https://www.sherdog.com/fighter/Bradley-Scott-44442,2026-08-18T23:20:11.016518+00:00,"Jun 22, 1989",1989-06-22,England,"6'1"" / 185.42 cm",185.42,170 lbs / 77.11 kg,77.11,Dragons Lair MMA,full/a848a391b9ea28394753912ade0e40533caaa5e9.jpg,200,300,13.2
147,Steve Nelmark,https://www.sherdog.com/fighter/Steve-Nelmark-147,2026-08-18T23:21:56.330827+00:00,,,United States,"6'0"" / 182.88 cm",182.88,250 lbs / 113.4 kg,113.4,,full/06750042ca3546753bbb0eb81887e4093da8ed0e.jpg,200,300,11.3
58,John Dowdy,https://www.sherdog.com/fighter/John-Dowdy-58,2026-08-18T23:21:56.414890+00:00,,,United States,"6'2"" / 187.96 cm",187.96,207 lbs / 93.89 kg,93.89,,full/06750042ca3546753bbb0eb81887e4093da8ed0e.jpg,200,300,11.3
17,Kevin Rosier,https://www.sherdog.com/fighter/Kevin-Rosier-17,2026-08-18T23:21:56.294991+00:00,"Jan 6, 1962",1962-01-06,United States,"6'4"" / 193.04 cm",193.04,265 lbs / 120.2 kg,120.2,,full/008673db6f32f2a92e6e38092927172e9b56ba7b.jpg,200,300,9.4
113,Cal Worsham,https://www.sherdog.com/fighter/Cal-Worsham-113,2026-08-18T23:21:56.327643+00:00,"Jun 11, 1963",1963-06-11,United States,"5'10"" / 177.8 cm",177.8,230 lbs / 104.33 kg,104.33,Worsham Team X,full/d92093d4b5c0cc0eb20df1e2e8a961e24e8ec1c5.jpg,200,300,10.2
21,Patrick Smith,https://www.sherdog.com/fighter/Patrick-Smith-21,2026-08-18T23:21:56.367122+00:00,"Aug 28, 1963",1963-08-28,United States,"6'2"" / 187.96 cm",187.96,225 lbs / 102.06 kg,102.06,,full/33dddda647f0ff81cf93dfe350341fccd75c59e8.jpg,200,300,10.2
45,Felix Mitchell,https://www.sherdog.com/fighter/Felix-Mitchell-45,2026-08-18T23:21:56.371296+00:00,,,United States,"5'11"" / 180.34 cm",180.34,220 lbs / 99.79 kg,99.79,,full/70ad9d55d1408a9d26829e524bd63a87365e3e01.jpg,200,300,10.7
19,Royce Gracie,https://www.sherdog.com/fighter/Royce-Gracie-19,2026-08-18T23:21:56.373704+00:00,"Dec 12, 1966",1966-12-12,Brazil,"6'0"" / 182.88 cm",182.88,176 lbs / 79.83 kg,79.83,Gracie Humaita,full/b5aa24966e94e6812b792991e365ab78047c19a0.jpg,200,300,12.2
47,Oleg Taktarov,https://www.sherdog.com/fighter/Oleg-Taktarov-47,2026-08-18T23:21:56.378293+00:00,"Aug 26, 1967",1967-08-26,Russia,"6'0"" / 182.88 cm",182.88,210 lbs / 95.25 kg,95.25,Freelance,full/012f16bd06d760bdc12d46265adc72e0b593377c.jpg,200,300,11.8
52,Dan Severn,https://www.sherdog.com/fighter/Dan-Severn-52,2026-08-18T23:21:56.385792+00:00,"Jun 8, 1958",1958-06-08,United States,"6'2"" / 187.96 cm",187.96,253 lbs / 114.76 kg,114.76,The Beast Academy,full/a67dea6baa0701c60c8852bff148e3593d3d943d.jpg,200,300,13.9
137,Brian Johnston,https://www.sherdog.com/fighter/Brian-Johnston-137,2026-08-18T23:21:56.393943+00:00,"Jul 28, 1968",1968-07-28,United States,"6'4"" / 193.04 cm",193.04,222 lbs / 100.7 kg,100.7,American Kickboxing Academy,full/e259c9a2fc25aabcea66ebe7898bac4b3b046ec8.jpg,200,300,11.7
43,Kimo Leopoldo,https://www.sherdog.com/fighter/Kimo-Leopoldo-43,2026-08-18T23:21:56.397138+00:00,"Jan 4, 1968",1968-01-04,United States,"6'3"" / 190.5 cm",190.5,235 lbs / 106.59 kg,106.59,Freelance,full/471cc7033a75c531799c3c5a3b55c1bdaef8827c.jpg,200,300,11.4
175493,Henrique da Silva,https://www.sherdog.com/fighter/Henrique-da-Silva-175493,2026-08-18T23:20:11.019795+00:00,"Sep 1, 1989",1989-09-01,Brazil,"6'3"" / 190.5 cm",190.5,205 lbs / 92.99 kg,92.99,Roxo Striker,full/be4fccb7633e8ec16c99a1f77a1b925a99099c68.jpg,200,300,15.2
124405,Jordan Johnson,https://www.sherdog.com/fighter/Jordan-Johnson-124405,2026-08-18T23:21:56.192399+00:00,"Nov 18, 1988",1988-11-18,United States,"6'2"" / 187.96 cm",187.96,205 lbs / 92.99 kg,92.99,MMA Lab,full/9d45508fb624ffd10dd9109eb00a6d042b0ab205.jpg,200,300,16.8
10925,Gokhan Saki,https://www.sherdog.com/fighter/Gokhan-Saki-10925,2026-08-18T23:21:56.214301+00:00,"Oct 19, 1983",1983-10-19,Turkey,"6'0"" / 182.88 cm",182.88,205 lbs / 92.99 kg,92.99,Mike's Gym,full/6feac4144746f8c9d5fa48040cf154e748c781b5.jpg,200,300,8.3
168505,Carlo Pedersoli Jr.,https://www.sherdog.com/fighter/Carlo-Pedersoli-Jr-168505,2026-08-18T23:21:56.220041+00:00,"Jun 8, 1993",1993-06-08,United States,"5'11"" / 180.34 cm",180.34,170 lbs / 77.11 kg,77.11,Aurora MMA,full/9c59c35224ae488ab29e322c851117fe3350687c.jpg,200,300,10.2
17665,Daniel Sarafian,https://www.sherdog.com/fighter/Daniel-Sarafian-17665,2026-08-18T23:21:56.227875+00:00,"Aug 21, 1982",1982-08-21,Brazil,"5'9"" / 175.26 cm",175.26,185 lbs / 83.91 kg,83.91,Power MMA,full/962a5b8adb4700ce8e96d01a956c0d13a87f5022.jpg,200,300,14.8
56902,Clifford Starks,https://www.sherdog.com/fighter/Clifford-Starks-56902,2026-08-18T23:21:56.235265+00:00,"Apr 25, 1981",1981-04-25,United States,"5'10"" / 177.8 cm",177.8,185 lbs / 83.91 kg,83.91,Arizona Combat Sports,full/d07cd6a70a57b2d3b41ff50d7cb05447cf04cd94.jpg,200,300,20.0
2830,Tim Kennedy,https://www.sherdog.com/fighter/Tim-Kennedy-2830,2026-08-18T23:21:56.242677+00:00,"Sep 1, 1979",1979-09-01,United States,"5'11"" / 180.34 cm",180.34,185 lbs / 83.91 kg,83.91,Jackson-Wink MMA,full/a01a0095c387a6ce2ef4441a7587b7e3f4f8375b.jpg,200,300,14.4
551,Bobby Southworth,https://www.sherdog.com/fighter/Bobby-Southworth-551,2026-08-18T23:21:56.259455+00:00,"Dec 16, 1969",1969-12-16,United States,"6'1"" / 185.42 cm",185.42,228 lbs / 103.42 kg,103.42,American Kickboxing Academy,full/d9564203e7046ff7585b477c4ec8e38028e775ec.jpg,200,300,16.5
3263,Jeff Newton,https://www.sherdog.com/fighter/Jeff-Newton-3263,2026-08-18T23:21:56.264214+00:00,"Dec 11, 1966",1966-12-11,United States,"6'2"" / 187.96 cm",187.96,204 lbs / 92.53 kg,92.53,Todd Medina Freestyle Team,full/6b715aca3f427e4887cc51df5b0130ae701b7ce4.jpg,200,300,25.9
16705,Alberto Mina,https://www.sherdog.com/fighter/Alberto-Mina-16705,2026-08-18T23:21:56.281107+00:00,"May 2, 1982",1982-05-02,Brazil,"6'0"" / 182.88 cm",182.88,170 lbs / 77.11 kg,77.11,Kings MMA,full/2be7169d62f8e83cf31005652b04b8379b21720f.jpg,200,300,20.2
4586,Travis Lutter,https://www.sherdog.com/fighter/Travis-Lutter-4586,2026-08-18T23:21:56.289470+00:00,"May 12, 1973",1973-05-12,United States,"6'2"" / 187.96 cm",187.96,185 lbs / 83.91 kg,83.91,Lion's Den Dallas,full/92b2946a8291afde9bda1a84d6c43d01331b9330.jpg,200,300,14.1
121,Scott Bessac,https://www.sherdog.com/fighter/Scott-Bessac-121,2026-08-18T23:21:56.298268+00:00,"Oct 5, 1965",1965-10-05,United States,"6'4"" / 193.04 cm",193.04,259 lbs / 117.48 kg,117.48,Lion's Den,full/94b1bdcd8bcc305d3bc7bc6ff15d7d62ddcad588.jpg,200,300,9.0
111,John Matua,https://www.sherdog.com/fighter/John-Matua-111,2026-08-18T23:21:56.304426+00:00,,,United States,"6'2"" / 187.96 cm",187.96,400 lbs / 181.44 kg,181.44,,full/4bf6984447aa8e7cd3f556c776ef9629483522fc.jpg,200,300,10.2
112,Paul Varelans,https://www.sherdog.com/fighter/Paul-Varelans-112,2026-08-18T23:21:56.307422+00:00,"Sep 17, 1969",1969-09-17,United States,"6'8"" / 203.2 cm",203.2,300 lbs / 136.08 kg,136.08,,full/bc70b498a342819d5eccde7475342bd3490ccd7c.jpg,200,300,11.5
44,Steve Jennum,https://www.sherdog.com/fighter/Steve-Jennum-44,2026-08-18T23:21:56.313331+00:00,"Sep 23, 1963",1963-09-23,United States,"5'10"" / 177.8 cm",177.8,215 lbs / 97.52 kg,97.52,,full/5556e1531fa0c51001a27b8084e90c87bb41c3d9.jpg,200,300,11.0
122,Sam Adkins,https://www.sherdog.com/fighter/Sam-Adkins-122,2026-08-18T23:21:56.320099+00:00,"Apr 26, 1965",1965-04-26,United States,"6'3"" / 190.5 cm",190.5,225 lbs / 102.06 kg,102.06,,full/6ddc1f1e22926b07bec8352b410cbd6918e21ac1.jpg,200,300,10.0
124,Don Frye,https://www.sherdog.com/fighter/Don-Frye-124,2026-08-18T23:21:56.334770+00:00,"Nov 23, 1965",1965-11-23,United States,"6'1"" / 185.42 cm",185.42,210 lbs / 95.25 kg,95.25,Team Frye,full/ed42ed9652c1e38cbc58b858e7c679262331ede1.jpg,200,300,13.4
175,Maurice Smith,https://www.sherdog.com/fighter/Maurice-Smith-175,2026-08-18T23:21:56.339767+00:00,"Dec 13, 1961",1961-12-13,United States,"6'2"" / 187.96 cm",187.96,206 lbs / 93.44 kg,93.44,The Alliance,full/c582456e605883b3a125b08d61b1407a65210fcd.jpg,200,300,13.7
182,Yoji Anjo,https://www.sherdog.com/fighter/Yoji-Anjo-182,2026-08-18T23:21:56.344331+00:00,"Dec 31, 1969",1969-12-31,Japan,"5'11"" / 180.34 cm",180.34,198 lbs / 89.81 kg,89.81,Team Kingdom,full/7c76208d2b8d95ff263c1f01a5292c9edd738b23.jpg,200,300,12.2
200,Hugo Duarte,https://www.sherdog.com/fighter/Hugo-Duarte-200,2026-08-18T23:21:56.346996+00:00,"Aug 9, 1968",1968-08-09,Brazil,"6'0"" / 182.88 cm",182.88,240 lbs / 108.86 kg,108.86,Hugo Duarte Luta Livre,full/85f5868eaf681a2e726efe3b8a3a89ac2bec5237.jpg,200,300,8.0
141,Sam Fulton,https://www.sherdog.com/fighter/Sam-Fulton-141,2026-08-18T23:21:56.350109+00:00,,,United States,"6'2"" / 187.96 cm",187.96,250 lbs / 113.4 kg,113.4,,full/b466d976902c1e30b45b149dc49458fd236d8e82.jpg,200,300,11.2
155,Jim Mullen,https://www.sherdog.com/fighter/Jim-Mullen-155,2026-08-18T23:21:56.352513+00:00,,,United States,"6'1"" / 185.42 cm",185.42,215 lbs / 97.52 kg,97.52,,full/56809b636779125c0193384cb580562ed002e25d.jpg,200,300,8.7
15179,Tom Watson,https://www.sherdog.com/fighter/Tom-Watson-15179,2026-08-18T23:21:56.355079+00:00,"Jul 13, 1982",1982-07-13,England,"6'1"" / 185.42 cm",185.42,185 lbs / 83.91 kg,83.91,Jackson-Wink MMA,full/fa1c176435cac15fd1881c9b512a2ba57f9374d4.jpg,200,300,13.9
7202,Terry Martin,https://www.sherdog.com/fighter/Terry-Martin-7202,2026-08-18T23:21:56.359694+00:00,"Oct 10, 1980",1980-10-10,United States,"5'7"" / 170.18 cm",170.18,185 lbs / 83.91 kg,83.91,Iron Academy,full/7f67e44f5f94d97c561173c270047422ca424265.jpg,200,300,17.8
10581,Hector Ramirez,https://www.sherdog.com/fighter/Hector-Ramirez-10581,2026-08-18T23:21:56.363792+00:00,"Mar 28, 1976",1976-03-28,United States,"6'0"" / 182.88 cm",182.88,205 lbs / 92.99 kg,92.99,,full/68fca043512e56e400b691d1d4cf6fd25e8fb184.jpg,200,300,15.9
5366,Alessio Sakara,https://www.sherdog.com/fighter/Alessio-Sakara-5366,2026-08-18T23:21:56.401500+00:00,"Sep 2, 1981",1981-09-02,Italy,"6'1"" / 185.42 cm",185.42,206 lbs / 93.44 kg,93.44,American Top Team,full/72f7b4fefaf5c1908935fd9d292e6d35c008f9a4.jpg,200,300,16.3
191,Igor Zinoviev,https://www.sherdog.com/fighter/Igor-Zinoviev-191,2026-08-18T23:21:56.406722+00:00,"May 23, 1966",1966-05-23,Russia,"6'1"" / 185.42 cm",185.42,195 lbs / 88.45 kg,88.45,,full/ff4e26f53d6059783b5611c13fc949fa9a2bcfc7.jpg,200,300,9.1
210,John Lober,https://www.sherdog.com/fighter/John-Lober-210,2026-08-18T23:21:56.409242+00:00,"Feb 26, 1968",1968-02-26,United States,"5'11"" / 180.34 cm",180.34,182 lbs / 82.55 kg,82.55,Team Machine,full/44e48750bf467d7876b9002b5d466f6692d0be42.jpg,200,300,10.5
48,Jason Fairn,https://www.sherdog.com/fighter/Jason-Fairn-48,2026-08-18T23:21:56.412199+00:00,"Jul 16, 1973",1973-07-16,Canada,"6'1"" / 185.42 cm",185.42,230 lbs / 104.33 kg,104.33,Fairn Jiu-Jitsu,full/042867cc2b9c47f838423e46499b8a689ef405b5.jpg,200,300,10.3
186189,Adam Yandiev,https://www.sherdog.com/fighter/Adam-Yandiev-186189,2026-08-18T23:21:56.417027+00:00,"Jul 7, 1988",1988-07-07,Russia,"5'11"" / 180.34 cm",180.34,185 lbs / 83.91 kg,83.91,Fight or Die,full/8f6f3bfb32825e603873bac1b9c961d19e68b7fd.jpg,200,300,14.8
19854,Roger Gracie,https://www.sherdog.com/fighter/Roger-Gracie-19854,2026-08-18T23:21:56.484451+00:00,"Sep 26, 1981",1981-09-26,Brazil,"6'4"" / 193.04 cm",193.04,186 lbs / 84.37 kg,84.37,Evolve MMA,full/daeb2eacd71d9e1085fdc1c1e5f8d04682f1640f.jpg,200,300,15.1
20,Art Jimmerson,https://www.sherdog.com/fighter/Art-Jimmerson-20,2026-08-18T23:23:02.855468+00:00,,,United States,"6'1"" / 185.42 cm",185.42,196 lbs / 88.9 kg,88.9,,full/97bb463e68dfa6f6918f571576acbc659a4dee7d.jpg,200,300,17.0
35,Minoki Ichihara,https://www.sherdog.com/fighter/Minoki-Ichihara-35,2026-08-18T23:23:02.857298+00:00,"Jun 30, 1968",1968-06-30,Japan,"5'7"" / 170.18 cm",170.18,178 lbs / 80.74 kg,80.74,Daido Juku,full/b1e5e6f7b3a282449f6d32216d973a84142b2ce5.jpg,200,300,13.0
22,Jason DeLucia,https://www.sherdog.com/fighter/Jason-DeLucia-22,2026-08-18T23:23:02.859065+00:00,"Jul 24, 1969",1969-07-24,United States,"5'11"" / 180.34 cm",180.34,190 lbs / 86.18 kg,86.18,,full/4a020f31f70804acb2dc0cd66ea5db84ea32d30d.jpg,200,300,11.3
33,Remco Pardoel,https://www.sherdog.com/fighter/Remco-Pardoel-33,2026-08-18T23:23:02.863053+00:00,"May 23, 1969",1969-05-23,Netherlands,"6'2"" / 187.96 cm",187.96,250 lbs / 113.4 kg,113.4,Pardoel Sports,full/636f2c8991e38f06005dd016db2590b984c95517.jpg,200,300,13.0
49,Ron van Clief,https://www.sherdog.com/fighter/Ron-van-Clief-49,2026-08-18T23:23:02.865959+00:00,"Jan 25, 1943",1943-01-25,United States,"5'10"" / 177.8 cm",177.8,190 lbs / 86.18 kg,86.18,,full/e5778e903621a2b8f2f98c32477048121b5b88ee.jpg,200,300,14.3
38,Keith Hackney,https://www.sherdog.com/fighter/Keith-Hackney-38,2026-08-18T23:23:02.867738+00:00,"Apr 15, 1958",1958-04-15,United States,"5'11"" / 180.34 cm",180.34,200 lbs / 90.72 kg,90.72,,full/86598c434615b5884121d5fc449c5b7923465e2a.jpg,200,300,14.5
26,Ray Wizard,https://www.sherdog.com/fighter/Ray-Wizard-26,2026-08-18T23:23:02.870044+00:00,,,United States,"5'10"" / 177.8 cm",177.8,180 lbs / 81.65 kg,81.65,,full/6739c0d2998f6aaa2160e83bda618ba3c1fff437.jpg,200,300,10.5
24,Scott Morris,https://www.sherdog.com/fighter/Scott-Morris-24,2026-08-18T23:23:02.871816+00:00,,,United States,"6'0"" / 182.88 cm",182.88,210 lbs / 95.25 kg,95.25,,full/4e5a0e86ce84789d2d6bc6a375a5cda38aab6f85.jpg,200,300,13.1
238,Joe Slick,https://www.sherdog.com/fighter/Joe-Slick-238,2026-08-18T23:23:03.014278+00:00,"Oct 17, 1977",1977-10-17,United States,"6'0"" / 182.88 cm",182.88,199 lbs / 90.26 kg,90.26,,full/06750042ca3546753bbb0eb81887e4093da8ed0e.jpg,200,300,11.3
109,He-Man Ali Gipson,https://www.sherdog.com/fighter/HeMan-Ali-Gipson-109,2026-08-18T23:23:03.026376+00:00,"Mar 1, 1973",1973-03-01,United States,"6'1"" / 185.42 cm",185.42,216 lbs / 97.98 kg,97.98,,full/06750042ca3546753bbb0eb81887e4093da8ed0e.jpg,200,300,11.3
170,Alex Hunter,https://www.sherdog.com/fighter/Alex-Hunter-170,2026-08-18T23:23:03.045183+00:00,,,United States,"5'9"" / 175.26 cm",175.26,226 lbs / 102.51 kg,102.51,,full/06750042ca3546753bbb0eb81887e4093da8ed0e.jpg,200,300,11.3
125,Thomas Ramirez,https://www.sherdog.com/fighter/Thomas-Ramirez-125,2026-08-18T23:23:03.052407+00:00,,,Puerto Rico,"6'1"" / 185.42 cm",185.42,410 lbs / 185.97 kg,185.97,,full/06750042ca3546753bbb0eb81887e4093da8ed0e.jpg,200,300,11.3
6950,Tai Bowden,https://www.sherdog.com/fighter/Tai-Bowden-6950,2026-08-18T23:23:03.060880+00:00,,,United States,"5'11"" / 180.34 cm",180.34,230 lbs / 104.33 kg,104.33,,full/06750042ca3546753bbb0eb81887e4093da8ed0e.jpg,200,300,11.3
1720,David Hood,https://www.sherdog.com/fighter/David-Hood-1720,2026-08-18T23:23:03.080585+00:00,,,United States,"6'0"" / 182.88 cm",182.88,189 lbs / 85.73 kg,85.73,,full/06750042ca3546753bbb0eb81887e4093da8ed0e.jpg,200,300,11.3
27,Johnny Rhodes,https://www.sherdog.com/fighter/Johnny-Rhodes-27,2026-08-18T23:23:02.919505+00:00,,,United States,"6'0"" / 182.88 cm",182.88,210 lbs / 95.25 kg,95.25,,full/3b58708493091006ca25c0c92126bc880db7803e.jpg,200,300,10.4
114,Rudyard Moncayo,https://www.sherdog.com/fighter/Rudyard-Moncayo-114,2026-08-18T23:23:02.987116+00:00,"May 17, 1973",1973-05-17,United States,"5'10"" / 177.8 cm",177.8,205 lbs / 92.99 kg,92.99,,full/e13856cfb785dd70d558e7558e678946f3d76406.jpg,200,300,9.8
23,Trent Jenkins,https://www.sherdog.com/fighter/Trent-Jenkins-23,2026-08-18T23:23:03.010167+00:00,,,United States,"6'2"" / 187.96 cm",187.96,185 lbs / 83.91 kg,83.91,,full/6b3622aaa068909c38ae542af665bd12946bc5f9.jpg,200,300,10.2
34,Scott Baker,https://www.sherdog.com/fighter/Scott-Baker-34,2026-08-18T23:23:03.012294+00:00,,,United States,"6'0"" / 182.88 cm",182.88,210 lbs / 95.25 kg,95.25,,full/530cafcc0343e39d81be901d4c59709c1750a016.jpg,200,300,9.3
118,Mark Hall,https://www.sherdog.com/fighter/Mark-Hall-118,2026-08-18T23:23:03.072606+00:00,"Mar 3, 1961",1961-03-03,United States,"6'0"" / 182.88 cm",182.88,190 lbs / 86.18 kg,86.18,,full/ef27397c27179eafec86310c90d47199e364cf58.jpg,200,300,10.0
18,Zane Frazier,https://www.sherdog.com/fighter/Zane-Frazier-18,2026-08-18T23:23:03.082495+00:00,"Jul 16, 1966",1966-07-16,United States,"6'6"" / 198.12 cm",198.12,230 lbs / 104.33 kg,104.33,,full/9500c723b66502fe808cc20868520caadaab2c3d.jpg,200,300,15.9
15,Gerard Gordeau,https://www.sherdog.com/fighter/Gerard-Gordeau-15,2026-08-18T23:23:03.084923+00:00,"Mar 30, 1955",1955-03-30,Netherlands,"6'5"" / 195.58 cm",195.58,216 lbs / 97.98 kg,97.98,Kamakura,full/1c2e0805908704a2fb6671b0b33eabd4702f8f2a.jpg,200,300,17.9
63,Ernie Verdicia,https://www.sherdog.com/fighter/Ernie-Verdicia-63,2026-08-18T23:21:56.502870+00:00,,,United States,"5'10"" / 177.8 cm",177.8,219 lbs / 99.34 kg,99.34,,full/f885944645555a10b2ebfd87a02f13a47eccdf7f.jpg,200,300,10.9
2290,Ron Faircloth,https://www.sherdog.com/fighter/Ron-Faircloth-2290,2026-08-18T23:23:02.823585+00:00,"Aug 16, 1971",1971-08-16,United States,"5'9"" / 175.26 cm",175.26,205 lbs / 92.99 kg,92.99,Chosen Few,full/e734673dc031214fb0614854febd04b2c77dc8d9.jpg,200,300,12.4
4391,Victor Valimaki,https://www.sherdog.com/fighter/Victor-Valimaki-4391,2026-08-18T23:23:02.830851+00:00,"Dec 17, 1981",1981-12-17,Canada,"6'0"" / 182.88 cm",182.88,233 lbs / 105.69 kg,105.69,Complete Fitness and Martial Arts,full/9bd2799a1d1c47f7642f7813e3e5f8914527a8a2.jpg,200,300,9.6
2224,James Lee,https://www.sherdog.com/fighter/James-Lee-2224,2026-08-18T23:23:02.833912+00:00,"Sep 22, 1973",1973-09-22,United States,"5'11"" / 180.34 cm",180.34,205 lbs / 92.99 kg,92.99,Mash Fight Team,full/b121c47e1d3c20041697cb71b409620c6ff0cf47.jpg,200,300,10.9
15833,Joe Vedepo,https://www.sherdog.com/fighter/Joe-Vedepo-15833,2026-08-18T23:23:02.836604+00:00,"Jan 1, 1983",1983-01-01,United States,"6'0"" / 182.88 cm",182.88,205 lbs / 92.99 kg,92.99,,full/dc99043b33188527193cb1edaaee0e11130a6439.jpg,200,300,18.9
26160,Nicholas Musoke,https://www.sherdog.com/fighter/Nicholas-Musoke-26160,2026-08-18T23:23:02.839568+00:00,"Apr 5, 1986",1986-04-05,Sweden,"6'0"" / 182.88 cm",182.88,170 lbs / 77.11 kg,77.11,Allstars Training Center,full/762d0c11e436e23e4c69134aad6c0163e2b0ca38.jpg,200,300,18.4
138,Scott Fiedler,https://www.sherdog.com/fighter/Scott-Fiedler-138,2026-08-18T23:23:02.842860+00:00,,,United States,"6'4"" / 193.04 cm",193.04,235 lbs / 106.59 kg,106.59,,full/42b1d59d72cb81b089c43845e86445ed44497da3.jpg,200,300,9.8
145,Reza Nasri,https://www.sherdog.com/fighter/Reza-Nasri-145,2026-08-18T23:23:02.844484+00:00,,,Iran,"5'11"" / 180.34 cm",180.34,205 lbs / 92.99 kg,92.99,,full/803dec41ede758e60ea9cb4e1ab9aae48155ad92.jpg,200,300,10.7
174,Dan Bobish,https://www.sherdog.com/fighter/Dan-Bobish-174,2026-08-18T23:23:02.846117+00:00,"Jan 26, 1970",1970-01-26,United States,"6'1"" / 185.42 cm",185.42,332 lbs / 150.59 kg,150.59,Strong Style Fight Team,full/bc0cfd79d9462b6b4b6753b4f376a071a4207f17.jpg,200,300,12.5
53,Anthony Macias,https://www.sherdog.com/fighter/Anthony-Macias-53,2026-08-18T23:23:02.848957+00:00,"Jul 16, 1969",1969-07-16,United States,"5'10"" / 177.8 cm",177.8,170 lbs / 77.11 kg,77.11,USA Stars,full/90fb392ba14a2c23f3eadf17398af9cfd75015ac.jpg,200,300,8.3
56,Dave Beneteau,https://www.sherdog.com/fighter/Dave-Beneteau-56,2026-08-18T23:23:02.852571+00:00,"Jul 16, 1968",1968-07-16,Canada,"6'2"" / 187.96 cm",187.96,250 lbs / 113.4 kg,113.4,,full/6d47c0238f4082c82db09fbb6e1b322d1fe0dddf.jpg,200,300,9.7
25,Sean Daugherty,https://www.sherdog.com/fighter/Sean-Daugherty-25,2026-08-18T23:23:02.997707+00:00,"Dec 4, 1975",1975-12-04,United States,"5'10"" / 177.8 cm",177.8,190 lbs / 86.18 kg,86.18,,full/bde72e4425d6f7dbd38076401de26db487a12a12.jpg,200,300,10.3
39,Emmanuel Yarborough,https://www.sherdog.com/fighter/Emmanuel-Yarborough-39,2026-08-18T23:23:02.999885+00:00,"Sep 5, 1964",1964-09-05,United States,"6'8"" / 203.2 cm",203.2,600 lbs / 272.16 kg,272.16,Freelance,full/136bfd455cec6003ee02b25dcf635834a3abfcf5.jpg,200,300,9.2
50,Joe Son,https://www.sherdog.com/fighter/Joe-Son-50,2026-08-18T23:23:03.002047+00:00,"Nov 20, 1970",1970-11-20,United States,"5'4"" / 162.56 cm",162.56,236 lbs / 107.05 kg,107.05,,full/7c6e3c7407f4eae07aebb670dd55af2288aee441.jpg,200,300,11.1
37,Alberto Cerra Leon,https://www.sherdog.com/fighter/Alberto-Cerra-Leon-37,2026-08-18T23:23:03.004136+00:00,,,Spain,"5'8"" / 172.72 cm",172.72,231 lbs / 104.78 kg,104.78,,full/3f2082aa2c99b5583bf239f6d833e7e9ecb51b26.jpg,200,300,16.0
31,Orlando Wiet,https://www.sherdog.com/fighter/Orlando-Wiet-31,2026-08-18T23:23:03.005937+00:00,"Oct 24, 1965",1965-10-24,France,"5'10"" / 177.8 cm",177.8,170 lbs / 77.11 kg,77.11,Team Wiet,full/c34488ef409a78928cfbad37599174076c647902.jpg,200,300,9.1
119,Ryan Parker,https://www.sherdog.com/fighter/Ryan-Parker-119,2026-08-18T23:23:03.008237+00:00,,,United States,"6'3"" / 190.5 cm",190.5,235 lbs / 106.59 kg,106.59,,full/817d64845486346c1b93fed691d45cb1f5d0f6b2.jpg,200,300,10.5
57,Asbel Cancio,https://www.sherdog.com/fighter/Asbel-Cancio-57,2026-08-18T23:23:03.017308+00:00,,,United States,"5'10"" / 177.8 cm",177.8,225 lbs / 102.06 kg,102.06,,full/4e1ac87dddb0a30a8562bcd0901d87d9a4c40236.jpg,200,300,7.3
61,Todd Medina,https://www.sherdog.com/fighter/Todd-Medina-61,2026-08-18T23:23:03.019050+00:00,"Apr 30, 1970",1970-04-30,United States,"5'10"" / 177.8 cm",177.8,205 lbs / 92.99 kg,92.99,Carlson Gracie Jiu-Jitsu,full/1078f81d1957a84aa3ce23221b02a152634c3264.jpg,200,300,19.5
180,Carlos Barreto,https://www.sherdog.com/fighter/Carlos-Barreto-180,2026-08-18T23:23:03.022491+00:00,"Jul 22, 1968",1968-07-22,Brazil,"6'4"" / 193.04 cm",193.04,230 lbs / 104.33 kg,104.33,,full/77530f3f7d7a26b665c635d4301e54d944ca9355.jpg,200,300,8.5
71,Mark Kerr,https://www.sherdog.com/fighter/Mark-Kerr-71,2026-08-18T23:23:03.028188+00:00,"Dec 21, 1968",1968-12-21,United States,"6'3"" / 190.5 cm",190.5,255 lbs / 115.67 kg,115.67,Team Kerr,full/bc426009ac52c696431af02f9461b8d8458cd194.jpg,200,300,11.5
30298,Viscardi Andrade,https://www.sherdog.com/fighter/Viscardi-Andrade-30298,2026-08-18T23:23:03.031323+00:00,"Mar 8, 1984",1984-03-08,Brazil,"6'0"" / 182.88 cm",182.88,170 lbs / 77.11 kg,77.11,Gracie Fusion,full/623b1d0c7741503daf146a98a3d77eb68e8dcfda.jpg,200,300,9.3
60198,Albert Tumenov,https://www.sherdog.com/fighter/Albert-Tumenov-60198,2026-08-18T23:23:03.034610+00:00,"Dec 26, 1991",1991-12-26,Russia,"5'11"" / 180.34 cm",180.34,185 lbs / 83.91 kg,83.91,American Top Team,full/30c1c8e84eee8935116afa5986459ea0f081e4fb.jpg,200,300,16.8
1351,Ivan Salaverry,https://www.sherdog.com/fighter/Ivan-Salaverry-1351,2026-08-18T23:23:03.038535+00:00,"Jan 11, 1971",1971-01-11,United States,"6'0"" / 182.88 cm",182.88,185 lbs / 83.91 kg,83.91,Ivan Salaverry MMA,full/49f0b67b1b24b08a324de0b3c1ab92287a785bb8.jpg,200,300,16.0
23006,Nick Catone,https://www.sherdog.com/fighter/Nick-Catone-23006,2026-08-18T23:23:03.041951+00:00,"Sep 1, 1981",1981-09-01,United States,"6'0"" / 182.88 cm",182.88,185 lbs / 83.91 kg,83.91,Nick Catone MMA & Fitness,full/c8a81d9e9cfd5f5e9e114f0d4e21f3f6a8d58d3f.jpg,200,300,16.0
135,Amaury Bitetti,https://www.sherdog.com/fighter/Amaury-Bitetti-135,2026-08-18T23:23:03.054392+00:00,"Apr 14, 1969",1969-04-14,Brazil,"5'9"" / 175.26 cm",175.26,185 lbs / 83.91 kg,83.91,,full/606476f2ce564fc0a4893282e1acf0a5171b626b.jpg,200,300,9.9
136,Mark Coleman,https://www.sherdog.com/fighter/Mark-Coleman-136,2026-08-18T23:23:03.056674+00:00,"Dec 20, 1964",1964-12-20,United States,"6'1"" / 185.42 cm",185.42,205 lbs / 92.99 kg,92.99,Hammer House,full/ea2a305424409361a8f880ee77570c515ef8fad9.jpg,200,300,14.2
54,Marcus Bossett,https://www.sherdog.com/fighter/Marcus-Bossett-54,2026-08-18T23:23:03.062762+00:00,,,United States,"6'1"" / 185.42 cm",185.42,220 lbs / 99.79 kg,99.79,,full/8fa904d77be6b5f194401093ed4787d8fc0626a7.jpg,200,300,11.5
123,Keith Mielke,https://www.sherdog.com/fighter/Keith-Mielke-123,2026-08-18T23:23:03.064932+00:00,,,United States,"5'9"" / 175.26 cm",175.26,185 lbs / 83.91 kg,83.91,,full/4e2f1210375c9dd930acaea32c4e372b097b65e0.jpg,200,300,12.2
41,Harold Howard,https://www.sherdog.com/fighter/Harold-Howard-41,2026-08-18T23:23:03.066703+00:00,,,Canada,"6'2"" / 187.96 cm",187.96,240 lbs / 108.86 kg,108.86,,full/5477e97067669ce27499df891c849c4a2020a199.jpg,200,300,15.0
51,Melton Bowen,https://www.sherdog.com/fighter/Melton-Bowen-51,2026-08-18T23:23:03.068883+00:00,"Mar 10, 1969",1969-03-10,United States,"6'0"" / 182.88 cm",182.88,225 lbs / 102.06 kg,102.06,,full/24e082fcd2258d9746a66873bcd91cf0a95adadd.jpg,200,300,12.7
83,Gerry Harris,https://www.sherdog.com/fighter/Gerry-Harris-83,2026-08-18T23:23:03.070687+00:00,,,United States,"6'8"" / 203.2 cm",203.2,313 lbs / 141.97 kg,141.97,,full/c716c629b1b3be1d1e7e9d7a109cb219c4e2d391.jpg,200,300,9.3
120,Marco Ruas,https://www.sherdog.com/fighter/Marco-Ruas-120,2026-08-18T23:23:03.075513+00:00,"Jan 23, 1961",1961-01-23,Brazil,"6'1"" / 185.42 cm",185.42,210 lbs / 95.25 kg,95.25,Ruas Vale Tudo,full/0e902f8e53a47606495ebb8373cec59a25fbd71d.jpg,200,300,15.4
126,Joe Moreira,https://www.sherdog.com/fighter/Joe-Moreira-126,2026-08-18T23:23:03.078477+00:00,"Jul 3, 1961",1961-07-03,Brazil,"5'11"" / 180.34 cm",180.34,205 lbs / 92.99 kg,92.99,,full/6510f15906ac9a290e6a125702bf090825be3b7c.jpg,200,300,11.0
2578,Scott Smith,https://www.sherdog.com/fighter/Scott-Smith-2578,2026-08-18T23:23:03.087100+00:00,"May 21, 1979",1979-05-21,United States,"6'0"" / 182.88 cm",182.88,185 lbs / 83.91 kg,83.91,Capital City Fighting Alliance,full/2927519db7a3eed4e8ee6d5af27910418ba343c4.jpg,200,300,12.2
7795,Pete Sell,https://www.sherdog.com/fighter/Pete-Sell-7795,2026-08-18T23:23:03.090523+00:00,"Aug 25, 1982",1982-08-25,United States,"5'11"" / 180.34 cm",180.34,179 lbs / 81.19 kg,81.19,Serra-Longo Fight Team,full/fa367291f65600cae591c0d16ae1ffe7bf3da252.jpg,200,300,16.5
55,Eldo Dias Xavier,https://www.sherdog.com/fighter/Eldo-Dias-Xavier-55,2026-08-18T23:24:32.573100+00:00,"Jul 16, 1964",1964-07-16,Brazil,"5'11"" / 180.34 cm",180.34,180 lbs / 81.65 kg,81.65,,full/06750042ca3546753bbb0eb81887e4093da8ed0e.jpg,200,300,11.3
161,Jack Nilson,https://www.sherdog.com/fighter/Jack-Nilson-161,2026-08-18T23:24:32.575587+00:00,,,United States,"6'3"" / 190.5 cm",190.5,215 lbs / 97.52 kg,97.52,,full/06750042ca3546753bbb0eb81887e4093da8ed0e.jpg,200,300,11.3
12234,Derek Downey,https://www.sherdog.com/fighter/Derek-Downey-12234,2026-08-18T23:24:32.585810+00:00,"Apr 27, 1980",1980-04-27,United States,"6'2"" / 187.96 cm",187.96,185 lbs / 83.91 kg,83.91,Victory MMA,full/06750042ca3546753bbb0eb81887e4093da8ed0e.jpg,200,300,11.3
177,Dwayne Cason,https://www.sherdog.com/fighter/Dwayne-Cason-177,2026-08-18T23:24:32.635428+00:00,,,United States,"5'10"" / 177.8 cm",177.8,212 lbs / 96.16 kg,96.16,,full/06750042ca3546753bbb0eb81887e4093da8ed0e.jpg,200,300,11.3
16,Teila Tuli,https://www.sherdog.com/fighter/Teila-Tuli-16,2026-08-18T23:24:32.562793+00:00,"Jun 14, 1969",1969-06-14,United States,"6'2"" / 187.96 cm",187.96,415 lbs / 188.24 kg,188.24,,full/19f452da5bd7fec0386bdfb2d433a602f63e581e.jpg,200,300,11.9
40,Christophe Leininger,https://www.sherdog.com/fighter/Christophe-Leininger-40,2026-08-18T23:24:32.673551+00:00,"Jul 16, 1962",1962-07-16,United States,"6'0"" / 182.88 cm",182.88,200 lbs / 90.72 kg,90.72,,full/7918428541a6a9977e81b8189cde61fc65990860.jpg,200,300,12.7
276,Matt Lindland,https://www.sherdog.com/fighter/Matt-Lindland-276,2026-08-18T23:23:03.094122+00:00,"May 17, 1970",1970-05-17,United States,"6'0"" / 182.88 cm",182.88,185 lbs / 83.91 kg,83.91,Team Quest,full/2821f16a5d99c3c3eeac6fd89dac88f0980a1b09.jpg,200,300,16.4
11,Ricardo Almeida,https://www.sherdog.com/fighter/Ricardo-Almeida-11,2026-08-18T23:24:32.526165+00:00,"Nov 29, 1976",1976-11-29,United States,"5'11"" / 180.34 cm",180.34,170 lbs / 77.11 kg,77.11,Renzo Gracie Jiu-Jitsu,full/4d0a14a87fc512b84456fcfd79c7416bde5b9e81.jpg,200,300,17.6
188,Pat Miletich,https://www.sherdog.com/fighter/Pat-Miletich-188,2026-08-18T23:24:32.536679+00:00,"Mar 9, 1968",1968-03-09,United States,"5'10"" / 177.8 cm",177.8,169 lbs / 76.66 kg,76.66,Miletich Martial Arts,full/c3dcd2f6f79b7c80446128f6c3f2b34a383c1b7c.jpg,200,300,11.9
370,Falaniko Vitale,https://www.sherdog.com/fighter/Falaniko-Vitale-370,2026-08-18T23:24:32.541572+00:00,"Jul 14, 1974",1974-07-14,United States,"5'10"" / 177.8 cm",177.8,185 lbs / 83.91 kg,83.91,808 Top Team,full/37706ea255743f5410a2480fa1713a9c0a312d25.jpg,200,300,15.5
7987,Charles McCarthy,https://www.sherdog.com/fighter/Charles-McCarthy-7987,2026-08-18T23:24:32.545325+00:00,"Aug 6, 1980",1980-08-06,United States,"5'10"" / 177.8 cm",177.8,185 lbs / 83.91 kg,83.91,American Top Team,full/aae43ddef53b0f6addc946651764dd5172d481f0.jpg,200,300,12.2
278,Phil Baroni,https://www.sherdog.com/fighter/Phil-Baroni-278,2026-08-18T23:24:32.549519+00:00,"Apr 16, 1976",1976-04-16,United States,"5'9"" / 175.26 cm",175.26,170 lbs / 77.11 kg,77.11,American Kickboxing Academy,full/18978f1d6a75a74e7e0e6b1dd438f069368177bd.jpg,200,300,18.0
536,David Terrell,https://www.sherdog.com/fighter/David-Terrell-536,2026-08-18T23:24:32.559712+00:00,"Jan 9, 1978",1978-01-09,USA,"6'0"" / 182.88 cm",182.88,185 lbs / 83.91 kg,83.91,Cesar Gracie Jiu-Jitsu,full/a37f67207c6399786bb8323bec0c217ea87ad3ed.jpg,200,300,15.3
171,Yuri Vaulin,https://www.sherdog.com/fighter/Yuri-Vaulin-171,2026-08-18T23:24:32.565749+00:00,"Sep 13, 1963",1963-09-13,Latvia,"6'4"" / 193.04 cm",193.04,207 lbs / 93.89 kg,93.89,,,,,
134,Koji Kitao,https://www.sherdog.com/fighter/Koji-Kitao-134,2026-08-18T23:24:32.568415+00:00,"Aug 12, 1963",1963-08-12,Japan,"6'7"" / 200.66 cm",200.66,390 lbs / 176.9 kg,176.9,New Japan Pro Wrestling,full/6a82af9e1c512328dd40b335deb6f085f0512000.jpg,200,300,7.7
42,Roland Payne,https://www.sherdog.com/fighter/Roland-Payne-42,2026-08-18T23:24:32.570813+00:00,"Jul 16, 1964",1964-07-16,United States,"5'9"" / 175.26 cm",175.26,205 lbs / 92.99 kg,92.99,,full/4c7405c96c7e7bd943c28557a660a1c82ae332c7.jpg,200,300,14.0
144,Julian Sanchez,https://www.sherdog.com/fighter/Julian-Sanchez-144,2026-08-18T23:24:32.577930+00:00,,,United States,"6'3"" / 190.5 cm",190.5,300 lbs / 136.08 kg,136.08,,full/aa8381e19621bd74e508a8195140b89ff800d1b1.jpg,200,300,10.0
258,Alex Andrade,https://www.sherdog.com/fighter/Alex-Andrade-258,2026-08-18T23:24:32.579912+00:00,"May 14, 1974",1974-05-14,United States,"5'11"" / 180.34 cm",180.34,200 lbs / 90.72 kg,90.72,Lion's Den,full/1d983c44f30862f5a9601849f7de439f48833666.jpg,200,300,17.1
176,Harry Moskowitz,https://www.sherdog.com/fighter/Harry-Moskowitz-176,2026-08-18T23:24:32.582445+00:00,"Jul 16, 1968",1968-07-16,United States,"6'5"" / 195.58 cm",195.58,275 lbs / 124.74 kg,124.74,,full/6585b6c508a19a0833ca3cc98f7356b3e21e418e.jpg,200,300,14.5
1804,Tim Credeur,https://www.sherdog.com/fighter/Tim-Credeur-1804,2026-08-18T23:24:32.588513+00:00,"Jul 9, 1977",1977-07-09,United States,"6'3"" / 190.5 cm",190.5,185 lbs / 83.91 kg,83.91,Gladiators Academy,full/9a1a251a5cdbaeb1ce70f89dec6fab256b7d6ac2.jpg,200,300,15.8
13453,Jesse Forbes,https://www.sherdog.com/fighter/Jesse-Forbes-13453,2026-08-18T23:24:32.595710+00:00,"Oct 24, 1984",1984-10-24,United States,"6'2"" / 187.96 cm",187.96,184 lbs / 83.46 kg,83.46,Power MMA Team,full/ddbc1991640c4ff9fb3f98287d29068b98336fbd.jpg,200,300,11.3
1870,Andrei Semenov,https://www.sherdog.com/fighter/Andrei-Semenov-1870,2026-08-18T23:24:32.599085+00:00,"Jun 17, 1977",1977-06-17,Russia,"6'0"" / 182.88 cm",182.88,185 lbs / 83.91 kg,83.91,,full/f8677f6a9fb79422d15d4b576c924de294c3534a.jpg,200,300,13.9
168,Tony Fryklund,https://www.sherdog.com/fighter/Tony-Fryklund-168,2026-08-18T23:24:32.602569+00:00,"Mar 26, 1971",1971-03-26,United States,"6'0"" / 182.88 cm",182.88,155 lbs / 70.31 kg,70.31,Miletich Fighting Systems,full/d9f64f39258b00433131b5dfa065e12ead03efa3.jpg,200,300,17.7
22223,Ildemar Alcantara,https://www.sherdog.com/fighter/Ildemar-Alcantara-22223,2026-08-18T23:24:32.605752+00:00,"Nov 17, 1982",1982-11-17,Brazil,"6'2"" / 187.96 cm",187.96,185 lbs / 83.91 kg,83.91,Marajo Brothers Team,full/a6a6298ab67e46fb71ba10b7dc044b7e287d3bc8.jpg,200,300,16.6
18590,Anthony Lapsley,https://www.sherdog.com/fighter/Anthony-Lapsley-18590,2026-08-18T23:24:32.610139+00:00,"Feb 13, 1980",1980-02-13,United States,"5'9"" / 175.26 cm",175.26,170 lbs / 77.11 kg,77.11,,full/d89dfe200aee2a9d6f17182b25642288eccfa28a.jpg,200,300,10.5
53933,Matt Dwyer,https://www.sherdog.com/fighter/Matt-Dwyer-53933,2026-08-18T23:24:32.613291+00:00,"Dec 17, 1989",1989-12-17,Canada,"6'4"" / 193.04 cm",193.04,183 lbs / 83.01 kg,83.01,Toshido Mixed Martial Arts,full/8f385244b06984d046fec736a0c933e11a979efa.jpg,200,300,16.3
51345,Lorenz Larkin,https://www.sherdog.com/fighter/Lorenz-Larkin-51345,2026-08-18T23:24:32.616496+00:00,"Sep 3, 1986",1986-09-03,United States,"5'11"" / 180.34 cm",180.34,170 lbs / 77.11 kg,77.11,Millennia MMA,full/2a8120fddc43396c5de9f5369563d3b9cb042fa2.jpg,200,300,13.3
12961,Bristol Marunde,https://www.sherdog.com/fighter/Bristol-Marunde-12961,2026-08-18T23:24:32.621206+00:00,"Apr 20, 1982",1982-04-20,United States,"6'1"" / 185.42 cm",185.42,171 lbs / 77.56 kg,77.56,Syndicate MMA,full/1f919be0d7eec564200e614eca83fd21c05510d6.jpg,200,300,13.2
53109,Gasan Umalatov,https://www.sherdog.com/fighter/Gasan-Umalatov-53109,2026-08-18T23:24:32.624950+00:00,"Nov 3, 1983",1983-11-03,Russia,"5'11"" / 180.34 cm",180.34,181 lbs / 82.1 kg,82.1,Astrakhan Top Team,full/45dca9c211ac5e67259542d9117e15e2afbe94e7.jpg,200,300,15.3
55587,Richard Walsh,https://www.sherdog.com/fighter/Richard-Walsh-55587,2026-08-18T23:24:32.628270+00:00,"Dec 1, 1988",1988-12-01,Australia,"6'0"" / 182.88 cm",182.88,170 lbs / 77.11 kg,77.11,VT1 Martial Arts Academy,full/581c41b64be4cf9581641f4f8791cebcdcb8f7b4.jpg,200,300,17.4
139,Moti Horenstein,https://www.sherdog.com/fighter/Moti-Horenstein-139,2026-08-18T23:24:32.631309+00:00,"Mar 23, 1964",1964-03-23,United States,"6'1"" / 185.42 cm",185.42,205 lbs / 92.99 kg,92.99,Moti Horenstein MMA,full/093bc6fcbad5c39c5ef9f23f69998767603f21bb.jpg,200,300,18.9
179,Greg Stott,https://www.sherdog.com/fighter/Greg-Stott-179,2026-08-18T23:24:32.633591+00:00,,,United States,"5'7"" / 170.18 cm",170.18,240 lbs / 108.86 kg,108.86,,full/25558b30caf1116555097d21bd1fabf30c1855ba.jpg,200,300,8.6
62,Larry Cureton,https://www.sherdog.com/fighter/Larry-Cureton-62,2026-08-18T23:24:32.637591+00:00,,,United States,"6'2"" / 187.96 cm",187.96,248 lbs / 112.49 kg,112.49,,full/2ebd3abc120286884804c9f3ab3c244e9d7ad2fd.jpg,200,300,10.5
250,Ikuhisa Minowa,https://www.sherdog.com/fighter/Ikuhisa-Minowa-250,2026-08-18T23:24:32.639483+00:00,"Jan 12, 1976",1976-01-12,Japan,"5'9"" / 175.26 cm",175.26,198 lbs / 89.81 kg,89.81,Freelance,full/06df8fd4e44d5246b3f69e4d2595d89c0c4c1410.jpg,200,300,16.1
32,Robert Lucarelli,https://www.sherdog.com/fighter/Robert-Lucarelli-32,2026-08-18T23:24:32.645946+00:00,,,United States,"6'2"" / 187.96 cm",187.96,245 lbs / 111.13 kg,111.13,,full/d0b940d0032848fe4ecbaae932943f3cbd8dc613.jpg,200,300,9.5
28,David Levicki,https://www.sherdog.com/fighter/David-Levicki-28,2026-08-18T23:24:32.648072+00:00,,,United States,"6'5"" / 195.58 cm",195.58,290 lbs / 131.54 kg,131.54,,full/6b426d96b55f1ddd36c745955e9ddc63bef966e6.jpg,200,300,8.8
36,Fred Ettish,https://www.sherdog.com/fighter/Fred-Ettish-36,2026-08-18T23:24:32.650064+00:00,"Oct 12, 1955",1955-10-12,United States,"6'0"" / 182.88 cm",182.88,180 lbs / 81.65 kg,81.65,,full/98ff4b074389d9093108e29cc028d95c8bf7514a.jpg,200,300,10.6
4789,Trevor Prangley,https://www.sherdog.com/fighter/Trevor-Prangley-4789,2026-08-18T23:24:32.651952+00:00,"Aug 24, 1972",1972-08-24,South Africa,"6'0"" / 182.88 cm",182.88,205 lbs / 92.99 kg,92.99,American Kickboxing Academy,full/5260c623cfaafe683be26f1709acdbb4d3056a61.jpg,200,300,10.4
47183,Shinsho Anzai,https://www.sherdog.com/fighter/Shinsho-Anzai-47183,2026-08-18T23:24:32.658442+00:00,"Dec 1, 1985",1985-12-01,Japan,"5'8"" / 172.72 cm",172.72,170 lbs / 77.11 kg,77.11,Team Climb,full/39a5cb12d3d7f03f7063c47e83608118343f7d5c.jpg,200,300,11.2
4208,Lodune Sincaid,https://www.sherdog.com/fighter/Lodune-Sincaid-4208,2026-08-18T23:24:32.661466+00:00,"May 7, 1973",1973-05-07,United States,"5'9"" / 175.26 cm",175.26,185 lbs / 83.91 kg,83.91,,full/02e5ea0ef1d0e4e3dcb5ea8819b721e95fd0ab62.jpg,200,300,13.7
37421,Eddie Mendez,https://www.sherdog.com/fighter/Eddie-Mendez-37421,2026-08-18T23:24:32.664454+00:00,"Jan 16, 1984",1984-01-16,United States,"5'9"" / 175.26 cm",175.26,185 lbs / 83.91 kg,83.91,House of Champions,full/49a5e3f9ad17448b5553590ec71a6e007c50e047.jpg,200,300,15.3
21039,Kiichi Kunimoto,https://www.sherdog.com/fighter/Kiichi-Kunimoto-21039,2026-08-18T23:24:32.666890+00:00,"May 1, 1981",1981-05-01,Japan,"5'10"" / 177.8 cm",177.8,170 lbs / 77.11 kg,77.11,Cobra Kai MMA Dojo,full/f25c071b526406fb9efffe8a19d4fc3e6cc0007e.jpg,200,300,12.6
103153,Oluwale Bamgbose,https://www.sherdog.com/fighter/Oluwale-Bamgbose-103153,2026-08-18T23:24:32.670644+00:00,"Aug 4, 1987",1987-08-04,United States,"5'11"" / 180.34 cm",180.34,185 lbs / 83.91 kg,83.91,Chute Boxe USA,full/37329f77aaf4697d290a073322873a201a57f344.jpg,200,300,15.9
129,Gary Goodridge,https://www.sherdog.com/fighter/Gary-Goodridge-129,2026-08-18T23:24:32.675641+00:00,"Jan 17, 1966",1966-01-17,Canada,"6'3"" / 190.5 cm",190.5,240 lbs / 108.86 kg,108.86,Big Daddy Fight Team,full/08d57adb97423dabc2704f25578115b5721d5186.jpg,200,300,13.6
146,Fabio Gurgel,https://www.sherdog.com/fighter/Fabio-Gurgel-146,2026-08-18T23:24:32.679883+00:00,"Jan 18, 1970",1970-01-18,Brazil,"6'0"" / 182.88 cm",182.88,205 lbs / 92.99 kg,92.99,Alliance,full/b8dbaa60a23f516395f7160fa0abfd663380b2eb.jpg,200,300,14.0
152,Rainy Martinez,https://www.sherdog.com/fighter/Rainy-Martinez-152,2026-08-18T23:24:32.681885+00:00,,,United States,"6'0"" / 182.88 cm",182.88,195 lbs / 88.45 kg,88.45,,full/4d62cec0f90590a0b973cb5be33f47ffaa88a8f4.jpg,200,300,10.5
148,Nick Sanzo,https://www.sherdog.com/fighter/Nick-Sanzo-148,2026-08-18T23:24:32.685663+00:00,"Jan 16, 1963",1963-01-16,United States,"5'9"" / 175.26 cm",175.26,190 lbs / 86.18 kg,86.18,,full/21e02535909733ed21e39d460d41492dd91f7ee1.jpg,200,300,10.4
172,Kevin Jackson,https://www.sherdog.com/fighter/Kevin-Jackson-172,2026-08-18T23:24:32.687568+00:00,"Nov 25, 1964",1964-11-25,United States,"5'10"" / 177.8 cm",177.8,199 lbs / 90.26 kg,90.26,,full/86bd5c379b075486236b599ecb2cd9db4190af29.jpg,200,300,14.0
10502,Icho Larenas,https://www.sherdog.com/fighter/Icho-Larenas-10502,2026-08-18T23:24:32.689960+00:00,"Dec 3, 1982",1982-12-03,Argentina,"6'3"" / 190.5 cm",190.5,255 lbs / 115.67 kg,115.67,,full/56236e0ec49d0b2f47908299686ff82e36bc64eb.jpg,200,300,13.0
16300,Ivan Serati,https://www.sherdog.com/fighter/Ivan-Serati-16300,2026-08-18T23:24:32.692664+00:00,,,Italy,"6'1"" / 185.42 cm",185.42,225 lbs / 102.06 kg,102.06,Sure Grip Vale Tudo,full/3f8f47d3ad0308a0e9cdc565b28d20682cd9206a.jpg,200,300,13.5
14047,Mike Ciesnolevicz,https://www.sherdog.com/fighter/Mike-Ciesnolevicz-14047,2026-08-18T23:24:32.695018+00:00,"Oct 28, 1979",1979-10-28,United States,"6'0"" / 182.88 cm",182.88,204 lbs / 92.53 kg,92.53,Miletich Martial Arts,full/42a599d812d66c121fad13a0fcbdfffd702ede49.jpg,200,300,14.1
2386,Drew McFedries,https://www.sherdog.com/fighter/Drew-McFedries-2386,2026-08-18T23:24:32.697888+00:00,"Jul 27, 1978",1978-07-27,United States,"6'0"" / 182.88 cm",182.88,185 lbs / 83.91 kg,83.91,Champions Gym,full/71bbe9d2d1a2c6e41e01ef7d1ab364fa92106013.jpg,200,300,17.9
16286,Rousimar Palhares,https://www.sherdog.com/fighter/Rousimar-Palhares-16286,2026-08-18T23:24:32.701654+00:00,"Feb 20, 1980",1980-02-20,Brazil,"5'8"" / 172.72 cm",172.72,170 lbs / 77.11 kg,77.11,Team Nogueira,full/9b2648d8fb160c7ba5c31e7989a4522ec10710d1.jpg,200,300,14.1
149,Jackie Lee,https://www.sherdog.com/fighter/Jackie-Lee-149,2026-08-18T23:26:03.610586+00:00,,,United States,"5'8"" / 172.72 cm",172.72,195 lbs / 88.45 kg,88.45,,full/06750042ca3546753bbb0eb81887e4093da8ed0e.jpg,200,300,11.3
140,John Campetella,https://www.sherdog.com/fighter/John-Campetella-140,2026-08-18T23:26:03.616533+00:00,,,United States,"5'9"" / 175.26 cm",175.26,235 lbs / 106.59 kg,106.59,,full/06750042ca3546753bbb0eb81887e4093da8ed0e.jpg,200,300,11.3
178,Houston Dorr,https://www.sherdog.com/fighter/Houston-Dorr-178,2026-08-18T23:26:03.621944+00:00,,,United States,"6'0"" / 182.88 cm",182.88,205 lbs / 92.99 kg,92.99,,full/06750042ca3546753bbb0eb81887e4093da8ed0e.jpg,200,300,11.3
2719,George Lockhart,https://www.sherdog.com/fighter/George-Lockhart-2719,2026-08-18T23:26:03.632297+00:00,"Jan 26, 1983",1983-01-26,United States,"5'10"" / 177.8 cm",177.8,170 lbs / 77.11 kg,77.11,Warriors Legion MMA,full/06750042ca3546753bbb0eb81887e4093da8ed0e.jpg,200,300,11.3
169,Donnie Chappell,https://www.sherdog.com/fighter/Donnie-Chappell-169,2026-08-18T23:26:03.667069+00:00,,,United States,"5'11"" / 180.34 cm",180.34,176 lbs / 79.83 kg,79.83,,full/06750042ca3546753bbb0eb81887e4093da8ed0e.jpg,200,300,11.3
11378,Noah Inhofer,https://www.sherdog.com/fighter/Noah-Inhofer-11378,2026-08-18T23:26:03.681881+00:00,"Jun 17, 1981",1981-06-17,United States,"6'2"" / 187.96 cm",187.96,205 lbs / 92.99 kg,92.99,Miletich Fighting Systems,full/06750042ca3546753bbb0eb81887e4093da8ed0e.jpg,200,300,11.3
84661,Jimmy Quinlan,https://www.sherdog.com/fighter/Jimmy-Quinlan-84661,2026-08-18T23:26:03.839220+00:00,"May 25, 1986",1986-05-25,United States,,,185 lbs / 83.91 kg,83.91,Mass BJJ,full/06750042ca3546753bbb0eb81887e4093da8ed0e.jpg,200,300,11.3
32431,David Branch,https://www.sherdog.com/fighter/David-Branch-32431,2026-08-18T23:24:32.706028+00:00,"Sep 26, 1981",1981-09-26,United States,"6'1"" / 185.42 cm",185.42,185 lbs / 83.91 kg,83.91,Renzo Gracie Jiu-Jitsu,full/ae8e2c698060e1ddb246434d02ae9a05fe59d862.jpg,200,300,19.1
17903,Gerald Harris,https://www.sherdog.com/fighter/Gerald-Harris-17903,2026-08-18T23:26:03.584778+00:00,"Nov 19, 1979",1979-11-19,United States,"5'11"" / 180.34 cm",180.34,170 lbs / 77.11 kg,77.11,Hurricane Fitness,full/ae8ffea4f580dfc8a498d915cc36ab90917d0286.jpg,200,300,19.3
11955,Rich Attonito,https://www.sherdog.com/fighter/Rich-Attonito-11955,2026-08-18T23:26:03.589020+00:00,"Jun 16, 1977",1977-06-16,United States,"5'10"" / 177.8 cm",177.8,170 lbs / 77.11 kg,77.11,American Top Team,full/925f1d03ba2e227fb5716d38b8a2a941a60807e0.jpg,200,300,17.6
5344,Martin Kampmann,https://www.sherdog.com/fighter/Martin-Kampmann-5344,2026-08-18T23:26:03.592399+00:00,"Apr 17, 1982",1982-04-17,Denmark,"6'0"" / 182.88 cm",182.88,170 lbs / 77.11 kg,77.11,Xtreme Couture,full/0b848168757220626f2d55fdabbbfdf505cf6799.jpg,200,300,15.2
5925,Jordan Radev,https://www.sherdog.com/fighter/Jordan-Radev-5925,2026-08-18T23:26:03.597551+00:00,"Mar 4, 1976",1976-03-04,Bulgaria,"5'7"" / 170.18 cm",170.18,170 lbs / 77.11 kg,77.11,Sportcentrum KOPS,full/819cdc515fc8975d29c68bce5f09bdfc0deea9b1.jpg,200,300,12.3
8761,Xavier Foupa-Pokam,https://www.sherdog.com/fighter/Xavier-FoupaPokam-8761,2026-08-18T23:26:03.601145+00:00,"Mar 7, 1982",1982-03-07,France,"6'1"" / 185.42 cm",185.42,185 lbs / 83.91 kg,83.91,Snake Team,full/5a35556ff2c490fa983f945090ecea11cd9f0fd2.jpg,200,300,13.5
23219,Neil Grove,https://www.sherdog.com/fighter/Neil-Grove-23219,2026-08-18T23:26:03.605717+00:00,"Aug 1, 1971",1971-08-01,England,"6'6"" / 198.12 cm",198.12,264 lbs / 119.75 kg,119.75,Daigaku Karate Kai London,full/92d44cb93bce7d71eec0c4b7feb3e65cc5931852.jpg,200,300,16.5
173,Todd Butler,https://www.sherdog.com/fighter/Todd-Butler-173,2026-08-18T23:26:03.608684+00:00,,,United States,"6'1"" / 185.42 cm",185.42,198 lbs / 89.81 kg,89.81,,,,,
130,Paul Herrera,https://www.sherdog.com/fighter/Paul-Herrera-130,2026-08-18T23:26:03.612404+00:00,"Feb 21, 1964",1964-02-21,United States,"5'10"" / 177.8 cm",177.8,185 lbs / 83.91 kg,83.91,Empire Training Center,full/9581599295bc213570765a536d4c1caf64d88e4b.jpg,200,300,14.2
133,Mark Schultz,https://www.sherdog.com/fighter/Mark-Schultz-133,2026-08-18T23:26:03.614434+00:00,"Oct 26, 1960",1960-10-26,United States,"5'10"" / 177.8 cm",177.8,203 lbs / 92.08 kg,92.08,,full/6cdf1b26bb7962b5fc44bed5ee6e39911a1b7c57.jpg,200,300,20.3
52853,Luke Jumeau,https://www.sherdog.com/fighter/Luke-Jumeau-52853,2026-08-18T23:26:03.618820+00:00,"Feb 12, 1988",1988-02-12,New Zealand,"5'11"" / 180.34 cm",180.34,170 lbs / 77.11 kg,77.11,Phuket Top Team,full/df03d22f4afdd1f9e60a3e110177f60264012b29.jpg,200,300,13.9
42419,Chris Indich,https://www.sherdog.com/fighter/Chris-Indich-42419,2026-08-18T23:26:03.623861+00:00,"Apr 22, 1987",1987-04-22,Australia,"5'10"" / 177.8 cm",177.8,170 lbs / 77.11 kg,77.11,The Arena MMA,full/6cc41f4f807b845ccfbea4eec7562dfc26561d81.jpg,200,300,12.5
31092,Steve Kennedy,https://www.sherdog.com/fighter/Steve-Kennedy-31092,2026-08-18T23:26:03.626192+00:00,"Mar 7, 1983",1983-03-07,Australia,"6'0"" / 182.88 cm",182.88,170 lbs / 77.11 kg,77.11,Kickass MMA,full/77b86868522376f9a4bdb9992ae9786831f087d5.jpg,200,300,14.3
146567,Jonathan Meunier,https://www.sherdog.com/fighter/Jonathan-Meunier-146567,2026-08-18T23:26:03.629665+00:00,"Aug 4, 1987",1987-08-04,Canada,"6'3"" / 190.5 cm",190.5,170 lbs / 77.11 kg,77.11,Tristar Quebec,full/e90079b4247dc507e33c973668fa4b9f9007ab25.jpg,200,300,15.2
47741,Julian Lane,https://www.sherdog.com/fighter/Julian-Lane-47741,2026-08-18T23:26:03.635109+00:00,"Jul 24, 1987",1987-07-24,United States,"5'10"" / 177.8 cm",177.8,154 lbs / 69.85 kg,69.85,Wreckroom Athletics,full/401768d6be8c9000b180e6c9dd3b2f53821edaa7.jpg,200,300,19.6
43866,Clint Hester,https://www.sherdog.com/fighter/Clint-Hester-43866,2026-08-18T23:26:03.638277+00:00,"Nov 21, 1986",1986-11-21,United States,"6'2"" / 187.96 cm",187.96,205 lbs / 92.99 kg,92.99,X3 Sports,full/2a5eb7f9a6b02d42dd9c5a7baad4a241c6e752bb.jpg,200,300,14.5
69624,William Macario,https://www.sherdog.com/fighter/William-Macario-69624,2026-08-18T23:26:03.641887+00:00,"Jul 1, 1991",1991-07-01,Brazil,"5'11"" / 180.34 cm",180.34,170 lbs / 77.11 kg,77.11,Pejor,full/3b30e0fa327bcf8ab0531de5113001d91ebd0536.jpg,200,300,9.8
14185,Jason High,https://www.sherdog.com/fighter/Jason-High-14185,2026-08-18T23:26:03.644999+00:00,"Oct 12, 1981",1981-10-12,United States,"5'9"" / 175.26 cm",175.26,155 lbs / 70.31 kg,70.31,American Top Team HD,full/41a0103fa90c0a9570af604ea2ffada457188d60.jpg,200,300,21.7
53134,Wagner Prado,https://www.sherdog.com/fighter/Wagner-Prado-53134,2026-08-18T23:26:03.648924+00:00,"Dec 30, 1986",1986-12-30,Brazil,"6'1"" / 185.42 cm",185.42,205 lbs / 92.99 kg,92.99,Brazilian TKO,full/310ef05e0f2d5647dc4f48ffe31803dd0af738ed.jpg,200,300,16.4
86382,Leandro Silva,https://www.sherdog.com/fighter/Leandro-Silva-86382,2026-08-18T23:26:03.652177+00:00,"Nov 11, 1985",1985-11-11,Brazil,"5'9"" / 175.26 cm",175.26,176 lbs / 79.83 kg,79.83,American Top Team,full/e8d08941223451efb1659da1f97a82c78a44c6f7.jpg,200,300,14.3
12803,Igor Araujo,https://www.sherdog.com/fighter/Igor-Araujo-12803,2026-08-18T23:26:03.656415+00:00,"Dec 6, 1980",1980-12-06,Brazil,"6'1"" / 185.42 cm",185.42,170 lbs / 77.11 kg,77.11,Jackson-Wink MMA,full/48e58359303493c240a5d670dc5fc4d8f36a27b4.jpg,200,300,17.1
72825,Richardson Moreira,https://www.sherdog.com/fighter/Richardson-Moreira-72825,2026-08-18T23:26:03.660360+00:00,"Mar 31, 1984",1984-03-31,Brazil,"6'2"" / 187.96 cm",187.96,205 lbs / 92.99 kg,92.99,Team Nogueira,full/936110a2cab442eb97ca8b6df89c30ad93aab5cc.jpg,200,300,16.5
24121,Kevin Casey,https://www.sherdog.com/fighter/Kevin-Casey-24121,2026-08-18T23:26:03.662779+00:00,"Jun 15, 1981",1981-06-15,United States,"5'11"" / 180.34 cm",180.34,185 lbs / 83.91 kg,83.91,Black House,full/750c09a52f0deb019b66261428fbc55b9fb46053.jpg,200,300,17.1
1562,Rodrigo Ruas,https://www.sherdog.com/fighter/Rodrigo-Ruas-1562,2026-08-18T23:26:03.668813+00:00,"Oct 6, 1977",1977-10-06,Brazil,"5'10"" / 177.8 cm",177.8,185 lbs / 83.91 kg,83.91,Ruas Vale Tudo,full/3f899bc4ba0e65ab55ece468da6fe27101ac3bc6.jpg,200,300,17.1
6254,Josh Haynes,https://www.sherdog.com/fighter/Josh-Haynes-6254,2026-08-18T23:26:03.784585+00:00,"Jul 30, 1977",1977-07-30,United States,"5'9"" / 175.26 cm",175.26,205 lbs / 92.99 kg,92.99,Syndicate MMA,full/bfc4e145af6bc6327aedc6e6b24354350edd78ac.jpg,200,300,17.2
45327,Eldon Sproat,https://www.sherdog.com/fighter/Eldon-Sproat-45327,2026-08-18T23:26:03.789974+00:00,"Feb 5, 1985",1985-02-05,United States,"6'1"" / 185.42 cm",185.42,185 lbs / 83.91 kg,83.91,Molokai,full/1eed1d0fb92c160d14ddb328afe308221fcac6d8.jpg,200,300,11.9
47991,Collin Hart,https://www.sherdog.com/fighter/Collin-Hart-47991,2026-08-18T23:26:03.792893+00:00,"Oct 12, 1989",1989-10-12,United States,"6'2"" / 187.96 cm",187.96,185 lbs / 83.91 kg,83.91,Nor-Cal Fighting Alliance,full/4fad6a258e8cd5b5d5d67ec86cce7923f20cfe45.jpg,200,300,11.6
14600,Bubba McDaniel,https://www.sherdog.com/fighter/Bubba-McDaniel-14600,2026-08-18T23:26:03.796320+00:00,"May 3, 1983",1983-05-03,United States,"6'3"" / 190.5 cm",190.5,204 lbs / 92.53 kg,92.53,,full/5bf77383f674f88f696430493e83273c07aa817e.jpg,200,300,17.0
29111,Bubba Bush,https://www.sherdog.com/fighter/Bubba-Bush-29111,2026-08-18T23:26:03.802033+00:00,"Jul 24, 1985",1985-07-24,United States,"6'0"" / 182.88 cm",182.88,185 lbs / 83.91 kg,83.91,Brazos Valley MMA,full/1fd366faa55ab2231f68afafb094ea7d5cfad296.jpg,200,300,18.1
28038,Elvis Mutapcic,https://www.sherdog.com/fighter/Elvis-Mutapcic-28038,2026-08-18T23:26:03.805985+00:00,"Jul 19, 1986",1986-07-19,United States,"6'0"" / 182.88 cm",182.88,185 lbs / 83.91 kg,83.91,RoundKick Gym,full/a2c1b86bfb783f067e2e664a4ce05f90bd8738f5.jpg,200,300,17.2
48423,Cortez Coleman,https://www.sherdog.com/fighter/Cortez-Coleman-48423,2026-08-18T23:26:03.809782+00:00,"Jan 28, 1982",1982-01-28,United States,"6'0"" / 182.88 cm",182.88,185 lbs / 83.91 kg,83.91,Finney's HIT Squad,full/f38ff9a1e1a5e0f8081146958433d876c3947bd0.jpg,200,300,14.3
39770,Nic Herron-Webb,https://www.sherdog.com/fighter/Nic-HerronWebb-39770,2026-08-18T23:26:03.812741+00:00,"Jan 25, 1990",1990-01-25,United States,"6'0"" / 182.88 cm",182.88,185 lbs / 83.91 kg,83.91,Anchorage BJJ,full/e68d119fbce14b3725bf29266c825344c6d92356.jpg,200,300,16.0
63163,Colton Smith,https://www.sherdog.com/fighter/Colton-Smith-63163,2026-08-18T23:26:03.816028+00:00,"Aug 14, 1987",1987-08-14,United States,"6'0"" / 182.88 cm",182.88,170 lbs / 77.11 kg,77.11,Vanguard,full/781a55f55a87cb04dd7148f64c697efa08b60c72.jpg,200,300,16.6
40523,Danny Mitchell,https://www.sherdog.com/fighter/Danny-Mitchell-40523,2026-08-18T23:26:03.822466+00:00,"Aug 8, 1986",1986-08-08,England,"6'2"" / 187.96 cm",187.96,170 lbs / 77.11 kg,77.11,AVT Fight Team,full/acb47ccf5c7e3acb2fcd90f8332a08121c2c7e6a.jpg,200,300,13.5
84278,Lewis Gonzalez,https://www.sherdog.com/fighter/Lewis-Gonzalez-84278,2026-08-18T23:26:03.826035+00:00,"Sep 19, 1987",1987-09-19,United States,"5'10"" / 177.8 cm",177.8,174 lbs / 78.93 kg,78.93,MMA Gold Fight Team,full/fd0c2889dd0f1a22e1b271eca1ccceb05aeb7f4e.jpg,200,300,19.6
58213,Jason Saggo,https://www.sherdog.com/fighter/Jason-Saggo-58213,2026-08-18T23:26:03.828556+00:00,"Nov 23, 1985",1985-11-23,Canada,"5'11"" / 180.34 cm",180.34,155 lbs / 70.31 kg,70.31,Wulfrun MMA,full/f8cde298a60ca70a0aa3ddbf3ea3f63e72118f8f.jpg,200,300,9.5
15156,Bobby Voelker,https://www.sherdog.com/fighter/Bobby-Voelker-15156,2026-08-18T23:26:03.831954+00:00,"Apr 26, 1979",1979-04-26,United States,"6'0"" / 182.88 cm",182.88,170 lbs / 77.11 kg,77.11,Glory MMA & Fitness,full/38ee139a18fd5bfac9bef0989e53c8e90f4c17f3.jpg,200,300,17.7
54244,Fraser Opie,https://www.sherdog.com/fighter/Fraser-Opie-54244,2026-08-18T23:26:03.836458+00:00,"Mar 9, 1983",1983-03-09,South Africa,"6'1"" / 185.42 cm",185.42,205 lbs / 92.99 kg,92.99,BST MMA Academy Northampton,full/6b0a3b403a9118cb861b976d8f0336f2df73a1ec.jpg,200,300,16.4
61422,Andy Enz,https://www.sherdog.com/fighter/Andy-Enz-61422,2026-08-18T23:26:03.841807+00:00,"Aug 15, 1991",1991-08-15,United States,"6'3"" / 190.5 cm",190.5,185 lbs / 83.91 kg,83.91,Gracie Barra Alaska,full/cbf2c0a507231c88b91786748799d1b799336bce.jpg,200,300,13.2
19530,Antonio Braga Neto,https://www.sherdog.com/fighter/Antonio-Braga-Neto-19530,2026-08-18T23:26:03.844654+00:00,"Oct 29, 1987",1987-10-29,Brazil,"6'3"" / 190.5 cm",190.5,185 lbs / 83.91 kg,83.91,Team Nogueira,full/1f2a642ff9fb0570d6f9f75e8698da67e9609fd4.jpg,200,300,11.5
13004,Vitor Miranda,https://www.sherdog.com/fighter/Vitor-Miranda-13004,2026-08-18T23:26:03.847982+00:00,"Mar 10, 1979",1979-03-10,Brazil,"6'1"" / 185.42 cm",185.42,185 lbs / 83.91 kg,83.91,Team Nogueira,full/4ba09160978895f5d3dd041112d303efa1f8398a.jpg,200,300,9.4
42610,Diego Bautista,https://www.sherdog.com/fighter/Diego-Bautista-42610,2026-08-18T23:26:03.851565+00:00,"Nov 14, 1985",1985-11-14,United States,,,165 lbs / 74.84 kg,74.84,Subfighter MMA,full/d2ac42c7b8a9dc46de69d1c3602c5ad69e7da15f.jpg,200,300,10.7
36963,Ramsey Nijem,https://www.sherdog.com/fighter/Ramsey-Nijem-36963,2026-08-18T23:26:03.853857+00:00,"Apr 1, 1988",1988-04-01,United States,"5'11"" / 180.34 cm",180.34,155 lbs / 70.31 kg,70.31,Skrap Pack,full/d84c0a33c87f8e40443b571c2a6a4831115bafed.jpg,200,300,18.0
69858,Vik Grujic,https://www.sherdog.com/fighter/Vik-Grujic-69858,2026-08-18T23:26:03.858487+00:00,"Feb 6, 1977",1977-02-06,Australia,"5'11"" / 180.34 cm",180.34,170 lbs / 77.11 kg,77.11,Alliance MMA,full/fcbc92c3f8f9a30088727d2be346f278edc5e896.jpg,200,300,16.4
191861,Daichi Abe,https://www.sherdog.com/fighter/Daichi-Abe-191861,2026-08-18T23:26:03.861641+00:00,"Nov 27, 1991",1991-11-27,Japan,"5'11"" / 180.34 cm",180.34,170 lbs / 77.11 kg,77.11,Titan Gym,full/58b2c95eafcc516c8021d26fc66bae04935f2631.jpg,200,300,10.7
83729,Mike Persons,https://www.sherdog.com/fighter/Mike-Persons-83729,2026-08-18T23:27:56.799135+00:00,"Nov 26, 1983",1983-11-26,United States,"6'2"" / 187.96 cm",187.96,185 lbs / 83.91 kg,83.91,,full/06750042ca3546753bbb0eb81887e4093da8ed0e.jpg,200,300,11.3
14868,Jesse Barrett,https://www.sherdog.com/fighter/Jesse-Barrett-14868,2026-08-18T23:27:56.813065+00:00,"Aug 29, 1986",1986-08-29,United States,"6'0"" / 182.88 cm",182.88,170 lbs / 77.11 kg,77.11,Arizona Combat Sports,full/06750042ca3546753bbb0eb81887e4093da8ed0e.jpg,200,300,11.3
16475,Erik Charles,https://www.sherdog.com/fighter/Erik-Charles-16475,2026-08-18T23:27:56.880272+00:00,"Jan 12, 1975",1975-01-12,United States,,,185 lbs / 83.91 kg,83.91,,full/06750042ca3546753bbb0eb81887e4093da8ed0e.jpg,200,300,11.3
160,Saeed Hosseini,https://www.sherdog.com/fighter/Saeed-Hosseini-160,2026-08-18T23:27:56.902788+00:00,,,Iran,"6'4"" / 193.04 cm",193.04,265 lbs / 120.2 kg,120.2,,full/06750042ca3546753bbb0eb81887e4093da8ed0e.jpg,200,300,11.3
935,Denis Kang,https://www.sherdog.com/fighter/Denis-Kang-935,2026-08-18T23:26:03.866114+00:00,"Sep 17, 1977",1977-09-17,Canada,"5'11"" / 180.34 cm",180.34,185 lbs / 83.91 kg,83.91,American Top Team,full/1a2937f53a4245919ba84b86cd995e0cc0420bf5.jpg,200,300,13.6
21040,Hyun Gyu Lim,https://www.sherdog.com/fighter/Hyun-Gyu-Lim-21040,2026-08-18T23:27:56.740730+00:00,"Jan 16, 1985",1985-01-16,South Korea,"6'2"" / 187.96 cm",187.96,185 lbs / 83.91 kg,83.91,Team Macho,full/12836fa48abc2633783fc50a2d4f520cdffd2af6.jpg,200,300,12.6
26261,Nordine Taleb,https://www.sherdog.com/fighter/Nordine-Taleb-26261,2026-08-18T23:27:56.757509+00:00,"Jun 10, 1981",1981-06-10,Canada,"6'1"" / 185.42 cm",185.42,170 lbs / 77.11 kg,77.11,Tristar Gym,full/3497db3c8824d95b68e4f92c6e65bbf082094f2f.jpg,200,300,12.8
13469,Chris Clements,https://www.sherdog.com/fighter/Chris-Clements-13469,2026-08-18T23:27:56.762109+00:00,"Feb 9, 1976",1976-02-09,Canada,"5'10"" / 177.8 cm",177.8,170 lbs / 77.11 kg,77.11,Adrenaline Training Center,full/6a79548c21c9dcbe55aa8a4c7fe615b5efe96434.jpg,200,300,18.3
52633,Brendan O'Reilly,https://www.sherdog.com/fighter/Brendan-OReilly-52633,2026-08-18T23:27:56.765282+00:00,"Jun 24, 1987",1987-06-24,Australia,"5'8"" / 172.72 cm",172.72,170 lbs / 77.11 kg,77.11,Gamebred Submission Fighting,full/3058907ca9706e5ded4351c23e31687dadd84014.jpg,200,300,8.5
24678,Charlie Rader,https://www.sherdog.com/fighter/Charlie-Rader-24678,2026-08-18T23:27:56.768159+00:00,"Apr 6, 1982",1982-04-06,United States,"6'1"" / 185.42 cm",185.42,185 lbs / 83.91 kg,83.91,Power MMA,full/ac0bfd879194b37cbd891245c9f34dac9ad58fcb.jpg,200,300,11.8
21131,Clay Harvison,https://www.sherdog.com/fighter/Clay-Harvison-21131,2026-08-18T23:27:56.771273+00:00,"Sep 25, 1980",1980-09-25,United States,"6'1"" / 185.42 cm",185.42,160 lbs / 72.57 kg,72.57,Madhouse Training,full/e4f589e98518eb6d4ddaecb7b8039e893cef3702.jpg,200,300,15.0
25784,Chris Cope,https://www.sherdog.com/fighter/Chris-Cope-25784,2026-08-18T23:27:56.774570+00:00,"Mar 5, 1983",1983-03-05,United States,"6'0"" / 182.88 cm",182.88,170 lbs / 77.11 kg,77.11,The Arena,full/8bd059a8ac4dc41f922993601f67c1ca1e9d00ce.jpg,200,300,14.3
70452,C.J. Keith,https://www.sherdog.com/fighter/CJ-Keith-70452,2026-08-18T23:27:56.777566+00:00,"Aug 9, 1986",1986-08-09,United States,"6'0"" / 182.88 cm",182.88,155 lbs / 70.31 kg,70.31,Pro Buhawe,full/ae0138b6e959f1b0c6b0ed4368dd3bc059e28b95.jpg,200,300,18.8
46307,Joe Proctor,https://www.sherdog.com/fighter/Joe-Proctor-46307,2026-08-18T23:27:56.780286+00:00,"Aug 10, 1985",1985-08-10,United States,"5'10"" / 177.8 cm",177.8,170 lbs / 77.11 kg,77.11,Team Aggression,full/22cf7bc03f9a493d09128f3bf8cbe3abb534abaa.jpg,200,300,17.8
37452,Justin Edwards,https://www.sherdog.com/fighter/Justin-Edwards-37452,2026-08-18T23:27:56.786306+00:00,"Jan 26, 1983",1983-01-26,United States,"5'10"" / 177.8 cm",177.8,155 lbs / 70.31 kg,70.31,Team Jorge Gurgel,full/dea78e79876526f27ac0f4e682dd82298709740f.jpg,200,300,13.8
78384,Andrew Holbrook,https://www.sherdog.com/fighter/Andrew-Holbrook-78384,2026-08-18T23:27:56.790252+00:00,"Feb 6, 1986",1986-02-06,United States,"5'11"" / 180.34 cm",180.34,155 lbs / 70.31 kg,70.31,Indy Boxing & Grappling,full/88e3c790388f89673ee252eb9bf8d2881f53d395.jpg,200,300,13.7
55936,Abu Azaitar,https://www.sherdog.com/fighter/Abu-Azaitar-55936,2026-08-18T23:27:56.793519+00:00,"Mar 10, 1986",1986-03-10,Morocco,"5'9"" / 175.26 cm",175.26,186 lbs / 84.37 kg,84.37,Team Azaitar,full/0f3f4676ac27ea585d87fe04675ce316e7d0536e.jpg,200,300,15.9
20277,Marcelo Guimaraes,https://www.sherdog.com/fighter/Marcelo-Guimaraes-20277,2026-08-18T23:27:56.796452+00:00,"Jun 25, 1983",1983-06-25,Brazil,"6'0"" / 182.88 cm",182.88,185 lbs / 83.91 kg,83.91,American Top Team,full/c766601851fef5f5bc574e74c39ef1e45c9168d7.jpg,200,300,9.7
59764,Lance Benoist,https://www.sherdog.com/fighter/Lance-Benoist-59764,2026-08-18T23:27:56.801476+00:00,"Aug 26, 1988",1988-08-26,United States,"5'11"" / 180.34 cm",180.34,170 lbs / 77.11 kg,77.11,St. Charles MMA,full/6fd2f750971626d7b25cca88e9dcff69eeaddeae.jpg,200,300,14.7
24948,Josh Shockley,https://www.sherdog.com/fighter/Josh-Shockley-24948,2026-08-18T23:27:56.804018+00:00,"Nov 15, 1989",1989-11-15,United States,"6'1"" / 185.42 cm",185.42,155 lbs / 70.31 kg,70.31,Duneland Vale Tudo,full/7d380d4efc4513b65219dc894de97d7c9fba376a.jpg,200,300,17.3
16180,Justin Salas,https://www.sherdog.com/fighter/Justin-Salas-16180,2026-08-18T23:27:56.806572+00:00,"Mar 13, 1982",1982-03-13,United States,"5'8"" / 172.72 cm",172.72,155 lbs / 70.31 kg,70.31,Grudge Training Center,full/e1381f6143b72037ad7db56e59b1e9c526605f44.jpg,200,300,10.7
47118,Sai Wang,https://www.sherdog.com/fighter/Sai-Wang-47118,2026-08-18T23:27:56.809839+00:00,"Jan 16, 1986",1986-01-16,China,"6'0"" / 182.88 cm",182.88,185 lbs / 83.91 kg,83.91,AKA Thailand,full/539462323bf33b4e5dd5069816f8e704693ad824.jpg,200,300,9.4
4241,Eddy Ellis,https://www.sherdog.com/fighter/Eddy-Ellis-4241,2026-08-18T23:27:56.815282+00:00,"Jul 7, 1983",1983-07-07,United States,"5'9"" / 175.26 cm",175.26,170 lbs / 77.11 kg,77.11,United Training Center,full/a3751794776f6fc84680debf705e23b8db595511.jpg,200,300,10.3
26632,Jon Manley,https://www.sherdog.com/fighter/Jon-Manley-26632,2026-08-18T23:27:56.818661+00:00,"Jul 7, 1986",1986-07-07,United States,"6'0"" / 182.88 cm",182.88,170 lbs / 77.11 kg,77.11,Team Link,full/15a9eaae6899cacd2e55f45d6d3e3429ef81cb77.jpg,200,300,18.7
33532,Mike Ricci,https://www.sherdog.com/fighter/Mike-Ricci-33532,2026-08-18T23:27:56.821843+00:00,"Mar 18, 1986",1986-03-18,Canada,"6'0"" / 182.88 cm",182.88,155 lbs / 70.31 kg,70.31,Tristar Gym,full/20e87216b67eddd34c8112f299d7c538db8c63bb.jpg,200,300,18.3
34646,Tim Ruberg,https://www.sherdog.com/fighter/Tim-Ruberg-34646,2026-08-18T23:27:56.825138+00:00,"May 21, 1982",1982-05-21,United States,"6'1"" / 185.42 cm",185.42,170 lbs / 77.11 kg,77.11,Astra Fight Team,full/6188fe4f6692c4e574e59edf86a2edd276c0ba37.jpg,200,300,10.6
71237,Garreth McLellan,https://www.sherdog.com/fighter/Garreth-McLellan-71237,2026-08-18T23:27:56.828295+00:00,"Jan 9, 1982",1982-01-09,South Africa,"6'1"" / 185.42 cm",185.42,185 lbs / 83.91 kg,83.91,FightFit Militia,full/d139e0b7843796872a524f4696bba88697290674.jpg,200,300,10.7
12005,Ryan Bigler,https://www.sherdog.com/fighter/Ryan-Bigler-12005,2026-08-18T23:27:56.832241+00:00,"Aug 9, 1984",1984-08-09,Guam,"6'0"" / 182.88 cm",182.88,185 lbs / 83.91 kg,83.91,Spike 22,full/18486bb6ca3de83808409b081fd041b114ed7ac9.jpg,200,300,14.2
65128,Gilbert Smith,https://www.sherdog.com/fighter/Gilbert-Smith-65128,2026-08-18T23:27:56.834661+00:00,"Oct 19, 1981",1981-10-19,United States,"5'9"" / 175.26 cm",175.26,170 lbs / 77.11 kg,77.11,Team Victory,full/9073e3c58e46091cad36ded91e6fec437e25bcb3.jpg,200,300,18.5
80089,Mike Jasper,https://www.sherdog.com/fighter/Mike-Jasper-80089,2026-08-18T23:27:56.837982+00:00,"Aug 4, 1983",1983-08-04,United States,"6'0"" / 182.88 cm",182.88,190 lbs / 86.18 kg,86.18,Elite MMA,full/64c4dcd0ed971bb6f85a690c4663b8c5dbf86f65.jpg,200,300,20.5
8174,Tait Fletcher,https://www.sherdog.com/fighter/Tait-Fletcher-8174,2026-08-18T23:27:56.840451+00:00,"Feb 7, 1971",1971-02-07,United States,"6'3"" / 190.5 cm",190.5,202 lbs / 91.63 kg,91.63,Undisputed Fitness,full/c7228aee5710879d11fa660c53941a32361a5966.jpg,200,300,16.5
8269,Crafton Wallace,https://www.sherdog.com/fighter/Crafton-Wallace-8269,2026-08-18T23:27:56.845917+00:00,"Apr 15, 1972",1972-04-15,United States,"6'0"" / 182.88 cm",182.88,184 lbs / 83.46 kg,83.46,Inferno MMA,full/c82afa77f04a75a952c40de8eeb4f8534f0f5901.jpg,200,300,11.4
1424,Alexandre Barros,https://www.sherdog.com/fighter/Alexandre-Barros-1424,2026-08-18T23:27:56.848912+00:00,"Sep 19, 1976",1976-09-19,Brazil,"5'8"" / 172.72 cm",172.72,170 lbs / 77.11 kg,77.11,Carlson Gracie Team,full/11681c3c27837f02de1a23670f94b517b135ec7c.jpg,200,300,12.6
24765,Jacob Volkmann,https://www.sherdog.com/fighter/Jacob-Volkmann-24765,2026-08-18T23:27:56.852225+00:00,"Sep 5, 1980",1980-09-05,United States,"5'9"" / 175.26 cm",175.26,170 lbs / 77.11 kg,77.11,The Academy MN,full/cb87e15d1eb22fd27c12dd993acb29ced1c9d612.jpg,200,300,18.8
5714,Lyle Steffens,https://www.sherdog.com/fighter/Lyle-Steffens-5714,2026-08-18T23:27:56.856116+00:00,"Feb 18, 1983",1983-02-18,United States,,,185 lbs / 83.91 kg,83.91,,full/41fc9ae7d76584ec937eee0666f99e1274ab4cd2.jpg,200,300,11.0
9288,Kyacey Uscola,https://www.sherdog.com/fighter/Kyacey-Uscola-9288,2026-08-18T23:27:56.858123+00:00,"Oct 7, 1981",1981-10-07,United States,"6'1"" / 185.42 cm",185.42,180 lbs / 81.65 kg,81.65,Team Alpha Male,full/ae9585b398d12f65ef4fd1c1479250059258626b.jpg,200,300,12.8
42309,Jamie Yager,https://www.sherdog.com/fighter/Jamie-Yager-42309,2026-08-18T23:27:56.862206+00:00,"Nov 29, 1983",1983-11-29,United States,"6'2"" / 187.96 cm",187.96,170 lbs / 77.11 kg,77.11,Kings MMA,full/f404c0553b8fa82995596d24dacd0eea8d59f883.jpg,200,300,22.4
23999,Daniel Roberts,https://www.sherdog.com/fighter/Daniel-Roberts-23999,2026-08-18T23:27:56.865063+00:00,"Aug 5, 1980",1980-08-05,United States,"5'10"" / 177.8 cm",177.8,170 lbs / 77.11 kg,77.11,Cesar Gracie Fight Team,full/e99d49efd3364c39ba60fa8a7668119f2aa7397a.jpg,200,300,18.0
15759,Jake Hecht,https://www.sherdog.com/fighter/Jake-Hecht-15759,2026-08-18T23:27:56.868396+00:00,"Feb 9, 1984",1984-02-09,United States,"6'0"" / 182.88 cm",182.88,170 lbs / 77.11 kg,77.11,Fiore MMA,full/f27387d90b4ab64512cb27011143c870a2963191.jpg,200,300,17.4
17807,Mike Marrello,https://www.sherdog.com/fighter/Mike-Marrello-17807,2026-08-18T23:27:56.871029+00:00,"Aug 22, 1978",1978-08-22,United States,"6'2"" / 187.96 cm",187.96,185 lbs / 83.91 kg,83.91,Team Curran,full/e890fe432052cc2837635d325c9884e416e86c0b.jpg,200,300,13.8
44683,John Salter,https://www.sherdog.com/fighter/John-Salter-44683,2026-08-18T23:27:56.873578+00:00,"Mar 21, 1985",1985-03-21,United States,"6'1"" / 185.42 cm",185.42,185 lbs / 83.91 kg,83.91,Gym-O,full/578d4bdd38bd7ea6aed4b8342f90f9cad1046a71.jpg,200,300,14.0
30304,Maiquel Falcao,https://www.sherdog.com/fighter/Maiquel-Falcao-30304,2026-08-18T23:27:56.876520+00:00,"Mar 8, 1981",1981-03-08,Brazil,"5'9"" / 175.26 cm",175.26,202 lbs / 91.63 kg,91.63,Rasthai Temple,full/1be1cefd7f4736a7ddd5e82683ac387bb124fd28.jpg,200,300,11.5
34072,Matt Riddle,https://www.sherdog.com/fighter/Matt-Riddle-34072,2026-08-18T23:27:56.882738+00:00,"Jan 14, 1986",1986-01-14,United States,"6'1"" / 185.42 cm",185.42,170 lbs / 77.11 kg,77.11,Throwdown,full/8490e4d69ac08a86b948dd495676a1790b576388.jpg,200,300,18.8
42310,Dan Cramer,https://www.sherdog.com/fighter/Dan-Cramer-42310,2026-08-18T23:27:56.886863+00:00,"Oct 31, 1985",1985-10-31,United States,"6'1"" / 185.42 cm",185.42,185 lbs / 83.91 kg,83.91,American Top Team,full/930fd9a6e130fa515c6ccf6a2ab2b9e6a712e0d0.jpg,200,300,11.3
17389,Jesse Taylor,https://www.sherdog.com/fighter/Jesse-Taylor-17389,2026-08-18T23:27:56.889867+00:00,"Jan 2, 1983",1983-01-02,United States,"6'1"" / 185.42 cm",185.42,170 lbs / 77.11 kg,77.11,Team Quest,full/4095ce7dea88239f9ea5c1bbcd9e30e211c8c861.jpg,200,300,19.4
34073,Cale Yarbrough,https://www.sherdog.com/fighter/Cale-Yarbrough-34073,2026-08-18T23:27:56.894632+00:00,"Dec 27, 1986",1986-12-27,United States,"6'2"" / 187.96 cm",187.96,203 lbs / 92.08 kg,92.08,Hardcore Gym,full/7c1289b22e3fbae83045ac21304ffbb21b553b3a.jpg,200,300,13.4
15626,Nate Loughran,https://www.sherdog.com/fighter/Nate-Loughran-15626,2026-08-18T23:27:56.897546+00:00,"Jul 28, 1980",1980-07-28,United States,"6'2"" / 187.96 cm",187.96,170 lbs / 77.11 kg,77.11,Nor-Cal Fighting Alliance,full/2b73a4f50cac9c764cf3f302364cf16cce9db914.jpg,200,300,14.7
194,Andre Roberts,https://www.sherdog.com/fighter/Andre-Roberts-194,2026-08-18T23:27:56.899910+00:00,"Feb 24, 1965",1965-02-24,United States,"6'2"" / 187.96 cm",187.96,345 lbs / 156.49 kg,156.49,,full/89a7344988383d12511e0551f5b0dd78aed3d770.jpg,200,300,9.8
279,Curtis Stout,https://www.sherdog.com/fighter/Curtis-Stout-279,2026-08-18T23:27:56.904393+00:00,"Nov 7, 1973",1973-11-07,United States,"6'1"" / 185.42 cm",185.42,185 lbs / 83.91 kg,83.91,,full/ef9824de5b6e4417c17a288b18f165b58a0d1cc3.jpg,200,300,9.1
903,David Loiseau,https://www.sherdog.com/fighter/David-Loiseau-903,2026-08-18T23:27:56.907084+00:00,"Dec 17, 1979",1979-12-17,Canada,"6'0"" / 182.88 cm",182.88,192 lbs / 87.09 kg,87.09,Tristar Gym,full/140a17cb3ee0a73ab6b7db11050fab973494f2c1.jpg,200,300,13.7
4555,Gideon Ray,https://www.sherdog.com/fighter/Gideon-Ray-4555,2026-08-18T23:27:56.911153+00:00,"May 27, 1973",1973-05-27,United States,"5'10"" / 177.8 cm",177.8,170 lbs / 77.11 kg,77.11,MMA Masters Chicago,full/e38fb5441975aa98fbab1b41f6232e36ab81677b.jpg,200,300,11.9
12295,John Clarke,https://www.sherdog.com/fighter/John-Clarke-12295,2026-08-18T23:30:29.053452+00:00,"Mar 3, 1975",1975-03-03,United States,"6'3"" / 190.5 cm",190.5,185 lbs / 83.91 kg,83.91,Wai Kru MMA,full/06750042ca3546753bbb0eb81887e4093da8ed0e.jpg,200,300,11.3
25065,Dan Simmler,https://www.sherdog.com/fighter/Dan-Simmler-25065,2026-08-18T23:30:29.086954+00:00,"Mar 10, 1980",1980-03-10,United States,,,185 lbs / 83.91 kg,83.91,Simmler BJJ,full/06750042ca3546753bbb0eb81887e4093da8ed0e.jpg,200,300,11.3
19080,Greg Soto,https://www.sherdog.com/fighter/Greg-Soto-19080,2026-08-18T23:30:29.101183+00:00,"Jun 3, 1986",1986-06-03,United States,"5'11"" / 180.34 cm",180.34,170 lbs / 77.11 kg,77.11,Pellegrino MMA,full/06750042ca3546753bbb0eb81887e4093da8ed0e.jpg,200,300,11.3
29455,Joey Rivera,https://www.sherdog.com/fighter/Joey-Rivera-29455,2026-08-18T23:30:29.167580+00:00,"Nov 22, 1979",1979-11-22,United States,"5'11"" / 180.34 cm",180.34,155 lbs / 70.31 kg,70.31,Apex MMA,full/06750042ca3546753bbb0eb81887e4093da8ed0e.jpg,200,300,11.3
189,Townsend Saunders,https://www.sherdog.com/fighter/Townsend-Saunders-189,2026-08-18T23:27:56.915688+00:00,"Jul 16, 1968",1968-07-16,United States,"5'5"" / 165.1 cm",165.1,170 lbs / 77.11 kg,77.11,,full/1c71f83dc969b056fccb2c7a6dfdf56c6929cf5e.jpg,200,300,14.5
720,Edwin Dewees,https://www.sherdog.com/fighter/Edwin-Dewees-720,2026-08-18T23:30:28.929383+00:00,"Aug 7, 1982",1982-08-07,United States,"6'1"" / 185.42 cm",185.42,205 lbs / 92.99 kg,92.99,Lions Den Scottsdale,full/00a9586ded14b23bc96e419277f7647d5fec6b3e.jpg,200,300,12.9
3599,Mark Weir,https://www.sherdog.com/fighter/Mark-Weir-3599,2026-08-18T23:30:29.046341+00:00,"Sep 19, 1967",1967-09-19,England,"6'2"" / 187.96 cm",187.96,185 lbs / 83.91 kg,83.91,Range,full/43cc695d7294cb0c8cbc1ac1c2dc8a937132820f.jpg,200,300,17.1
14891,Johnny Rees,https://www.sherdog.com/fighter/Johnny-Rees-14891,2026-08-18T23:30:29.050668+00:00,"Oct 21, 1982",1982-10-21,United States,"6'0"" / 182.88 cm",182.88,178 lbs / 80.74 kg,80.74,,full/2732ff86d9288158d2e4ee52ae7ddbe370f9b830.jpg,200,300,12.7
11564,Pat Schultz,https://www.sherdog.com/fighter/Pat-Schultz-11564,2026-08-18T23:30:29.055766+00:00,"Nov 14, 1975",1975-11-14,United States,,,185 lbs / 83.91 kg,83.91,Cape Cod Fighting Alliance,full/9ca9b3d0c8bdb304690120725f4e86dd45b44bd6.jpg,200,300,12.7
14808,Nick Rossborough,https://www.sherdog.com/fighter/Nick-Rossborough-14808,2026-08-18T23:30:29.058463+00:00,"Nov 18, 1981",1981-11-18,United States,"6'5"" / 195.58 cm",195.58,265 lbs / 120.2 kg,120.2,Jeremy Horn's Elite Performance Gym,full/28de557a3e41e5f8904b1e9a992d594685ebd288.jpg,200,300,17.1
17509,Mike Dolce,https://www.sherdog.com/fighter/Mike-Dolce-17509,2026-08-18T23:30:29.069156+00:00,"Apr 15, 1976",1976-04-15,United States,"5'11"" / 180.34 cm",180.34,170 lbs / 77.11 kg,77.11,Independent,full/18a2e733ed7233315f10caaf89092cf2a9833b60.jpg,200,300,13.7
41993,Mehdi Baghdad,https://www.sherdog.com/fighter/Mehdi-Baghdad-41993,2026-08-18T23:30:29.072058+00:00,"Apr 13, 1985",1985-04-13,France,"6'1"" / 185.42 cm",185.42,170 lbs / 77.11 kg,77.11,Black House,full/a1ab3032050f394c4efbaef6f58527b186537320.jpg,200,300,15.2
46033,Hayder Hassan,https://www.sherdog.com/fighter/Hayder-Hassan-46033,2026-08-18T23:30:29.075564+00:00,"Oct 20, 1982",1982-10-20,United States,"5'10"" / 177.8 cm",177.8,170 lbs / 77.11 kg,77.11,American Top Team,full/786eba4bff08def86c52c0164b3058e6872eee5a.jpg,200,300,11.7
24469,Jeremiah Riggs,https://www.sherdog.com/fighter/Jeremiah-Riggs-24469,2026-08-18T23:30:29.078626+00:00,"Dec 17, 1982",1982-12-17,United States,"6'0"" / 182.88 cm",182.88,181 lbs / 82.1 kg,82.1,Sports Lab,full/4bec47ef347a1140d04eeac2c672612319d3d028.jpg,200,300,16.0
15720,Luke Zachrich,https://www.sherdog.com/fighter/Luke-Zachrich-15720,2026-08-18T23:30:29.081022+00:00,"Dec 19, 1981",1981-12-19,United States,"6'2"" / 187.96 cm",187.96,185 lbs / 83.91 kg,83.91,Ronin Training Center,full/3ca91cfcdd08c357bd33f0254be30fca8badb79b.jpg,200,300,9.7
19456,Matt Arroyo,https://www.sherdog.com/fighter/Matt-Arroyo-19456,2026-08-18T23:30:29.084196+00:00,"Sep 1, 1982",1982-09-01,United States,"6'0"" / 182.88 cm",182.88,170 lbs / 77.11 kg,77.11,Gracie Tampa South,full/57f245a798e39f0ff34ef6188a0e4e2d3f85302a.jpg,200,300,13.2
5746,Dante Rivera,https://www.sherdog.com/fighter/Dante-Rivera-5746,2026-08-18T23:30:29.088749+00:00,"Aug 12, 1974",1974-08-12,United States,"6'0"" / 182.88 cm",182.88,170 lbs / 77.11 kg,77.11,Renzo Gracie Jiu-Jitsu,full/52e10df768a5f34b1155023910ca68f0b2e7cb26.jpg,200,300,10.5
4367,Steve Bruno,https://www.sherdog.com/fighter/Steve-Bruno-4367,2026-08-18T23:30:29.091838+00:00,"Nov 3, 1981",1981-11-03,United States,"5'10"" / 177.8 cm",177.8,174 lbs / 78.93 kg,78.93,American Top Team,full/cd94864c3c64650d1c9be0b3a0f7a1589833ed19.jpg,200,300,17.7
30033,Nick Osipczak,https://www.sherdog.com/fighter/Nick-Osipczak-30033,2026-08-18T23:30:29.094712+00:00,"Dec 30, 1984",1984-12-30,England,"6'1"" / 185.42 cm",185.42,170 lbs / 77.11 kg,77.11,Team Rough House,full/01c48fd3115677fbd9b74c168d7be5ee56946212.jpg,200,300,12.0
13237,Henry Martinez,https://www.sherdog.com/fighter/Henry-Martinez-13237,2026-08-18T23:30:29.097811+00:00,"Aug 7, 1983",1983-08-07,United States,"5'7"" / 170.18 cm",170.18,155 lbs / 70.31 kg,70.31,Team Irish,full/0bde456ed4f687b7e22029b741fb7f3d59b86309.jpg,200,300,21.3
15757,Ben Stark,https://www.sherdog.com/fighter/Ben-Stark-15757,2026-08-18T23:30:29.108803+00:00,"May 14, 1982",1982-05-14,United States,"6'1"" / 185.42 cm",185.42,205 lbs / 92.99 kg,92.99,American Top Team,full/0bb8796e49bad820987b0fcd819233f4e4e6f00b.jpg,200,300,8.2
18942,Charles Blanchard,https://www.sherdog.com/fighter/Charles-Blanchard-18942,2026-08-18T23:30:29.113854+00:00,"Jul 12, 1985",1985-07-12,United States,"5'8"" / 172.72 cm",172.72,181 lbs / 82.1 kg,82.1,,full/17438d24baf7725a0905c15a07c5530062ec8bfb.jpg,200,300,10.0
19615,Brent Cooper,https://www.sherdog.com/fighter/Brent-Cooper-19615,2026-08-18T23:30:29.116956+00:00,"Apr 13, 1978",1978-04-13,United States,"5'11"" / 180.34 cm",180.34,185 lbs / 83.91 kg,83.91,Team Oyama,full/b28d84a23696fb455cda74987acdb6c79e821e51.jpg,200,300,15.1
20447,Ronys Torres,https://www.sherdog.com/fighter/Ronys-Torres-20447,2026-08-18T23:30:29.119517+00:00,"Aug 13, 1986",1986-08-13,Brazil,"5'8"" / 172.72 cm",172.72,155 lbs / 70.31 kg,70.31,Nova Uniao,full/37f187569822892cf76c6f38eefb20435562101d.jpg,200,300,12.2
515,Antonio McKee,https://www.sherdog.com/fighter/Antonio-McKee-515,2026-08-18T23:30:29.124854+00:00,"Mar 12, 1970",1970-03-12,United States,"5'8"" / 172.72 cm",172.72,155 lbs / 70.31 kg,70.31,Team Bodyshop,full/66b7471940bd910fef7ec3b598adc6dea6e19f6c.jpg,200,300,8.9
26070,Danny Castillo,https://www.sherdog.com/fighter/Danny-Castillo-26070,2026-08-18T23:30:29.128128+00:00,"Aug 25, 1979",1979-08-25,United States,"5'9"" / 175.26 cm",175.26,155 lbs / 70.31 kg,70.31,Team Alpha Male,full/cee7ff610293208668b8fd76d98d77ca73d78e9b.jpg,200,300,18.5
23531,Paul Sass,https://www.sherdog.com/fighter/Paul-Sass-23531,2026-08-18T23:30:29.133846+00:00,"Aug 4, 1988",1988-08-04,England,"6'1"" / 185.42 cm",185.42,155 lbs / 70.31 kg,70.31,Team Kaobon,full/a064743c511ae158c3cb4cb89ec8a8dc02875fa0.jpg,200,300,10.5
24540,Shane Roller,https://www.sherdog.com/fighter/Shane-Roller-24540,2026-08-18T23:30:29.137706+00:00,"Jul 14, 1979",1979-07-14,United States,"5'10"" / 177.8 cm",177.8,155 lbs / 70.31 kg,70.31,Team Takedown,full/8138c6527abc72acc3b90c2ef9e75ee4691cb600.jpg,200,300,11.5
68752,Eric Wahlin,https://www.sherdog.com/fighter/Eric-Wahlin-68752,2026-08-18T23:30:29.141675+00:00,"Apr 17, 1983",1983-04-17,United States,"6'0"" / 182.88 cm",182.88,205 lbs / 92.99 kg,92.99,,full/66872317930c6491349235a16d4f889930261d3a.jpg,200,300,15.4
87101,Bartosz Fabinski,https://www.sherdog.com/fighter/Bartosz-Fabinski-87101,2026-08-18T23:30:29.144565+00:00,"Apr 26, 1986",1986-04-26,Poland,"6'0"" / 182.88 cm",182.88,185 lbs / 83.91 kg,83.91,WCA Fight Team,full/7af7878c5d7c5bc79d32c9a9c43cfe83f354f1c2.jpg,200,300,14.8
40111,Jason South,https://www.sherdog.com/fighter/Jason-South-40111,2026-08-18T23:30:29.148511+00:00,"Oct 4, 1977",1977-10-04,United States,"6'3"" / 190.5 cm",190.5,170 lbs / 77.11 kg,77.11,Unified BJJ,full/080a6bb3ebeec59ac81d6b3f12dc800db90b066d.jpg,200,300,10.1
68971,Dominic Waters,https://www.sherdog.com/fighter/Dominic-Waters-68971,2026-08-18T23:30:29.151114+00:00,"Apr 11, 1989",1989-04-11,United States,"6'1"" / 185.42 cm",185.42,170 lbs / 77.11 kg,77.11,Jackson-Wink MMA,full/ef2c7877cb9d0a8b780707aab3e5fc82c5709d7f.jpg,200,300,16.6
58931,Michael Hill,https://www.sherdog.com/fighter/Michael-Hill-58931,2026-08-18T23:30:29.154648+00:00,"May 27, 1987",1987-05-27,Canada,"6'1"" / 185.42 cm",185.42,172 lbs / 78.02 kg,78.02,Toshido Mixed Martial Arts,full/cb6a6498136ed43627fc8fc27cf015bed7ca342e.jpg,200,300,17.9
34621,Colin Fletcher,https://www.sherdog.com/fighter/Colin-Fletcher-34621,2026-08-18T23:30:29.158260+00:00,"Jan 8, 1983",1983-01-08,England,"6'2"" / 187.96 cm",187.96,170 lbs / 77.11 kg,77.11,Unity Gym,full/a8b5c2f5f564c0dd9a2aaeb7fa676a5561f2626e.jpg,200,300,14.4
24727,Ricky Legere Jr.,https://www.sherdog.com/fighter/Ricky-Legere-Jr-24727,2026-08-18T23:30:29.161203+00:00,"Dec 21, 1985",1985-12-21,United States,"5'8"" / 172.72 cm",172.72,170 lbs / 77.11 kg,77.11,UFC Gym Corona,full/4d599aaaf2ac1bd420f7ce6d0c98930435c9b0de.jpg,200,300,17.2
52307,James Chaney,https://www.sherdog.com/fighter/James-Chaney-52307,2026-08-18T23:30:29.164597+00:00,"Jun 12, 1987",1987-06-12,United States,"6'1"" / 185.42 cm",185.42,170 lbs / 77.11 kg,77.11,Goon Squad,full/57e67597b41d9bb5df5bf254f81111cf509dbe9e.jpg,200,300,8.6
53778,David Michaud,https://www.sherdog.com/fighter/David-Michaud-53778,2026-08-18T23:30:29.170287+00:00,"Nov 10, 1988",1988-11-10,United States,"5'9"" / 175.26 cm",175.26,170 lbs / 77.11 kg,77.11,MMA Lab,full/b9d20a2ae70ac0eb5e872d3f5f75f697431a8ca6.jpg,200,300,21.6
78164,Ben Wall,https://www.sherdog.com/fighter/Ben-Wall-78164,2026-08-18T23:30:29.173530+00:00,"Mar 25, 1989",1989-03-25,Australia,"5'10"" / 177.8 cm",177.8,154 lbs / 69.85 kg,69.85,Alliance MMA,full/1b9320d20a2e0ad0ae4364f21f74e0767a8980c9.jpg,200,300,15.0
573,Sean Pierson,https://www.sherdog.com/fighter/Sean-Pierson-573,2026-08-18T23:30:29.176162+00:00,"Mar 10, 1976",1976-03-10,Canada,"6'1"" / 185.42 cm",185.42,170 lbs / 77.11 kg,77.11,Tap Star,full/5ec2281c862ab38e94b2103626f346e92dbcc450.jpg,200,300,12.5
42258,Daniel Stittgen,https://www.sherdog.com/fighter/Daniel-Stittgen-42258,2026-08-18T23:30:29.179614+00:00,"Nov 17, 1980",1980-11-17,United States,"6'1"" / 185.42 cm",185.42,170 lbs / 77.11 kg,77.11,Midwest Training Center,full/a650b54fa0061a02dd7136d19ec75f4c27dec251.jpg,200,300,18.5
288537,Sedriques Dumas,https://www.sherdog.com/fighter/Sedriques-Dumas-288537,2026-08-18T23:30:29.182379+00:00,"Aug 6, 1995",1995-08-06,United States,"6'3"" / 190.5 cm",190.5,185 lbs / 83.91 kg,83.91,Team Remedy BJJ & MMA,full/6baef7c3533a2a9f1e53cb33df8af5fdf2c6167e.jpg,200,300,11.9
124975,Thibault Gouti,https://www.sherdog.com/fighter/Thibault-Gouti-124975,2026-08-18T23:30:29.186152+00:00,"Feb 27, 1987",1987-02-27,France,"5'10"" / 177.8 cm",177.8,158 lbs / 71.67 kg,71.67,Jackson-Wink MMA,full/96d7a4a5f0be822360d3cfa5ce705773b200d65f.jpg,200,300,12.8
23271,Jorge Lopez,https://www.sherdog.com/fighter/Jorge-Lopez-23271,2026-08-18T23:30:29.189714+00:00,"Nov 21, 1988",1988-11-21,United States,"5'10"" / 177.8 cm",177.8,170 lbs / 77.11 kg,77.11,Wand Fight Team,full/aafc3befa3e9e9696522959227d74b2db8248e1c.jpg,200,300,12.7
53815,Jordan Rinaldi,https://www.sherdog.com/fighter/Jordan-Rinaldi-53815,2026-08-18T23:30:29.192528+00:00,"Sep 25, 1987",1987-09-25,United States,"5'10"" / 177.8 cm",177.8,145 lbs / 65.77 kg,65.77,One Kick's Gym,full/5b360c944211041f3c8f95cfe04ed4ca3d96b5b4.jpg,200,300,13.8
22955,Chris Tickle,https://www.sherdog.com/fighter/Chris-Tickle-22955,2026-08-18T23:30:29.195955+00:00,"Feb 1, 1982",1982-02-01,United States,"5'9"" / 175.26 cm",175.26,160 lbs / 72.57 kg,72.57,Adrenaline MMA,full/df0fcccbf42ce1732a98e1e799103fac962d40d8.jpg,200,300,11.0
19863,Jeremy Larsen,https://www.sherdog.com/fighter/Jeremy-Larsen-19863,2026-08-18T23:30:29.198833+00:00,"May 18, 1984",1984-05-18,United States,"5'10"" / 177.8 cm",177.8,145 lbs / 65.77 kg,65.77,Arizona Combat Sports,full/fb1a3012df1534b074e4fa59b5faa82620d3f63b.jpg,200,300,12.9
3530,Cristiano Marcello,https://www.sherdog.com/fighter/Cristiano-Marcello-3530,2026-08-18T23:30:29.201751+00:00,"Dec 3, 1977",1977-12-03,Brazil,"5'10"" / 177.8 cm",177.8,155 lbs / 70.31 kg,70.31,CM System,full/9fb1d7bb2e724a423ed57744502e31ad4131d049.jpg,200,300,18.1
27738,Yancy Medeiros,https://www.sherdog.com/fighter/Yancy-Medeiros-27738,2026-08-18T23:30:29.204975+00:00,"Sep 7, 1987",1987-09-07,United States,"5'10"" / 177.8 cm",177.8,155 lbs / 70.31 kg,70.31,Team Hakuilua,full/8778922c744640cb6808bf4fbf4c995991280a97.jpg,200,300,14.5
53739,Javier Torres,https://www.sherdog.com/fighter/Javier-Torres-53739,2026-08-18T23:30:29.209727+00:00,"Apr 10, 1985",1985-04-10,Mexico,"6'1"" / 185.42 cm",185.42,205 lbs / 92.99 kg,92.99,Syndicate MMA,full/f34f1876e0a1de3f926eccedc5a36c4e9b1afc2b.jpg,200,300,20.6
20744,Shamar Bailey,https://www.sherdog.com/fighter/Shamar-Bailey-20744,2026-08-18T23:30:29.212689+00:00,"Sep 22, 1982",1982-09-22,United States,"5'8"" / 172.72 cm",172.72,170 lbs / 77.11 kg,77.11,Sparta Indy,full/b7c042757159a2abb50f337cd0bcef115a5b5176.jpg,200,300,13.1
15855,Chuck O'Neil,https://www.sherdog.com/fighter/Chuck-ONeil-15855,2026-08-18T23:30:29.216161+00:00,"Sep 22, 1985",1985-09-22,United States,"6'2"" / 187.96 cm",187.96,185 lbs / 83.91 kg,83.91,Mass BJJ,full/7688dd00724d8045066c89ce4f5ab94b48fa5c09.jpg,200,300,13.8
55248,Jerel Clark,https://www.sherdog.com/fighter/Jerel-Clark-55248,2026-08-18T23:31:54.864330+00:00,"Jun 17, 1988",1988-06-17,United States,,,170 lbs / 77.11 kg,77.11,Battle Born MMA,full/06750042ca3546753bbb0eb81887e4093da8ed0e.jpg,200,300,11.3
87577,Lev Magen,https://www.sherdog.com/fighter/Lev-Magen-87577,2026-08-18T23:31:54.870681+00:00,"Jul 19, 1985",1985-07-19,United States,"5'9"" / 175.26 cm",175.26,155 lbs / 70.31 kg,70.31,Xtreme Couture,full/06750042ca3546753bbb0eb81887e4093da8ed0e.jpg,200,300,11.3
9596,John Wood,https://www.sherdog.com/fighter/John-Wood-9596,2026-08-18T23:31:54.911054+00:00,"Jun 17, 1979",1979-06-17,United States,,,185 lbs / 83.91 kg,83.91,Syndicate MMA,full/06750042ca3546753bbb0eb81887e4093da8ed0e.jpg,200,300,11.3
26812,Brandon Sene,https://www.sherdog.com/fighter/Brandon-Sene-26812,2026-08-18T23:31:54.913352+00:00,"May 12, 1981",1981-05-12,United States,,,185 lbs / 83.91 kg,83.91,Throwdown,full/06750042ca3546753bbb0eb81887e4093da8ed0e.jpg,200,300,11.3
8800,Che Mills,https://www.sherdog.com/fighter/Che-Mills-8800,2026-08-18T23:30:29.219483+00:00,"Sep 29, 1982",1982-09-29,England,"6'2"" / 187.96 cm",187.96,170 lbs / 77.11 kg,77.11,Trojan Free Fighters,full/0cdc5103cb131b47fe3944e65938b77ee91e6b79.jpg,200,300,15.9
26933,Zach Davis,https://www.sherdog.com/fighter/Zach-Davis-26933,2026-08-18T23:31:54.771164+00:00,"Dec 4, 1983",1983-12-04,United States,"6'0"" / 182.88 cm",182.88,170 lbs / 77.11 kg,77.11,,full/71941f9641229e8ea9a4a6d5a9578455b669f2da.jpg,200,300,12.1
9822,Nordin Asrih,https://www.sherdog.com/fighter/Nordin-Asrih-9822,2026-08-18T23:31:54.779826+00:00,"Oct 18, 1978",1978-10-18,Germany,"5'11"" / 180.34 cm",180.34,155 lbs / 70.31 kg,70.31,Pride Gym Dusseldorf,full/17520426efa84f8fe0e2445dd142b715852c57b3.jpg,200,300,10.3
18533,Ryan McGillivray,https://www.sherdog.com/fighter/Ryan-McGillivray-18533,2026-08-18T23:31:54.783600+00:00,"Sep 27, 1986",1986-09-27,Canada,"5'11"" / 180.34 cm",180.34,170 lbs / 77.11 kg,77.11,Jackson-Wink MMA,full/2b9a0296c68e4198cff1a4aca7038748808ef645.jpg,200,300,19.0
60908,Sean Spencer,https://www.sherdog.com/fighter/Sean-Spencer-60908,2026-08-18T23:31:54.786538+00:00,"Jun 25, 1987",1987-06-25,United States,"5'10"" / 177.8 cm",177.8,170 lbs / 77.11 kg,77.11,Fortis MMA,full/74fa5e346fed9273b64d328e33bc9bc2ce8227b1.jpg,200,300,15.7
37418,Jared Carlsten,https://www.sherdog.com/fighter/Jared-Carlsten-37418,2026-08-18T23:31:54.790994+00:00,"Dec 4, 1980",1980-12-04,United States,"6'1"" / 185.42 cm",185.42,145 lbs / 65.77 kg,65.77,10th Planet Jiu-Jitsu,full/73da4d444e1be26d25f907fd97dc38f74a35b39b.jpg,200,300,13.9
73756,Justin Lawrence,https://www.sherdog.com/fighter/Justin-Lawrence-73756,2026-08-18T23:31:54.793632+00:00,"May 15, 1990",1990-05-15,United States,"5'8"" / 172.72 cm",172.72,145 lbs / 65.77 kg,65.77,Power MMA,full/d6c4310a35376a7b5a4c5debfd9e6aebb41e0639.jpg,200,300,16.3
53205,Sam Sicilia,https://www.sherdog.com/fighter/Sam-Sicilia-53205,2026-08-18T23:31:54.797408+00:00,"Feb 1, 1986",1986-02-01,United States,"5'8"" / 172.72 cm",172.72,145 lbs / 65.77 kg,65.77,Sikjitsu,full/d5043975e8a861b7e3b8162403e35a0988df7078.jpg,200,300,11.3
18921,Reza Madadi,https://www.sherdog.com/fighter/Reza-Madadi-18921,2026-08-18T23:31:54.802562+00:00,"Jun 20, 1978",1978-06-20,Iran,"5'11"" / 180.34 cm",180.34,155 lbs / 70.31 kg,70.31,Allstars Training Center,full/5d69dd62ca734954817fb8db0d559ecc18119a40.jpg,200,300,15.7
26192,Kazuki Tokudome,https://www.sherdog.com/fighter/Kazuki-Tokudome-26192,2026-08-18T23:31:54.806465+00:00,"Mar 4, 1987",1987-03-04,Japan,"5'11"" / 180.34 cm",180.34,156 lbs / 70.76 kg,70.76,Paraestra Hachioji,full/712cfbe92a9f2b285176e8e45d8bb080a88128d2.jpg,200,300,13.6
55432,Jeff Smith,https://www.sherdog.com/fighter/Jeff-Smith-55432,2026-08-18T23:31:54.810385+00:00,"Nov 8, 1987",1987-11-08,United States,"5'9"" / 175.26 cm",175.26,152 lbs / 68.95 kg,68.95,Blackman MMA,full/3ea41b02681ca5be7ebbf51987a6b17361e653a9.jpg,200,300,12.6
100031,Lucas Martins,https://www.sherdog.com/fighter/Lucas-Martins-100031,2026-08-18T23:31:54.812731+00:00,"Nov 11, 1988",1988-11-11,Brazil,"6'0"" / 182.88 cm",182.88,145 lbs / 65.77 kg,65.77,Capital da Luta,full/d0700dbe04f7fbf1eb4fa476d8d4ec8905f8c9f9.jpg,200,300,18.1
57168,Austin Lyons,https://www.sherdog.com/fighter/Austin-Lyons-57168,2026-08-18T23:31:54.816441+00:00,"Mar 8, 1988",1988-03-08,United States,"5'9"" / 175.26 cm",175.26,155 lbs / 70.31 kg,70.31,Memphis Judo & Jiu-Jitsu,full/089848f4f2d299e60ed6b35bb8f559b1b615b1d2.jpg,200,300,21.4
44627,Alvaro Herrera,https://www.sherdog.com/fighter/Alvaro-Herrera-44627,2026-08-18T23:31:54.819693+00:00,"May 14, 1990",1990-05-14,Mexico,"6'0"" / 182.88 cm",182.88,155 lbs / 70.31 kg,70.31,Lobo Gym MMA,full/5ae2a8b3d3c603a0b3cd7d63e5833f7bda3bbd0c.jpg,200,300,22.3
44957,Jason Knight,https://www.sherdog.com/fighter/Jason-Knight-44957,2026-08-18T23:31:54.823316+00:00,"Jul 14, 1992",1992-07-14,United States,"5'10"" / 177.8 cm",177.8,141 lbs / 63.96 kg,63.96,Alan Belcher MMA Club,full/50a2cbee8eb52a466c97dba6861ad16b4fd2d99b.jpg,200,300,14.0
163937,David Teymur,https://www.sherdog.com/fighter/David-Teymur-163937,2026-08-18T23:31:54.827333+00:00,"May 1, 1989",1989-05-01,Sweden,"5'9"" / 175.26 cm",175.26,155 lbs / 70.31 kg,70.31,Allstars Training Center,full/e84dceae6edaf36ecf4aa41d11f943a9bd89240d.jpg,200,300,16.0
92415,Teemu Packalen,https://www.sherdog.com/fighter/Teemu-Packalen-92415,2026-08-18T23:31:54.830765+00:00,"May 22, 1987",1987-05-22,Finland,"6'1"" / 185.42 cm",185.42,155 lbs / 70.31 kg,70.31,Finnfighters' Gym,full/ffebda89d70ff2e873ae4c7d2cfc101cbe986fe9.jpg,200,300,14.6
130911,Sage Northcutt,https://www.sherdog.com/fighter/Sage-Northcutt-130911,2026-08-18T23:31:54.833381+00:00,"Mar 1, 1996",1996-03-01,United States,"6'0"" / 182.88 cm",182.88,170 lbs / 77.11 kg,77.11,Team Alpha Male,full/ddcc6b9e51e344c0986bf4e8085bda499ee1b045.jpg,200,300,17.6
175547,Nursulton Ruziboev,https://www.sherdog.com/fighter/Nursulton-Ruziboev-175547,2026-08-18T23:31:54.838020+00:00,"Nov 19, 1993",1993-11-19,Uzbekistan,"6'5"" / 195.58 cm",195.58,185 lbs / 83.91 kg,83.91,UZB Patriot,full/fd1df1b725d24402035d569a133be37dfa7bf579.jpg,200,300,16.8
100903,Zachary Reese,https://www.sherdog.com/fighter/Zachary-Reese-100903,2026-08-18T23:31:54.842470+00:00,"Mar 24, 1994",1994-03-24,United States,"6'3"" / 190.5 cm",190.5,185 lbs / 83.91 kg,83.91,W4R Training Center,full/94bdeea6a5b893cd484bd46ec92b67963b00571c.jpg,200,300,13.8
414279,Donte Johnson,https://www.sherdog.com/fighter/Donte-Johnson-414279,2026-08-18T23:31:54.846139+00:00,"Jan 25, 1999",1999-01-25,United States,"5'8"" / 172.72 cm",172.72,185 lbs / 83.91 kg,83.91,Titletown MMA,full/d95c18ea53dd6d714998b42754eb8d22dc33d4ea.jpg,200,300,8.9
349347,Jackson McVey,https://www.sherdog.com/fighter/Jackson-McVey-349347,2026-08-18T23:31:54.848595+00:00,"Mar 25, 1999",1999-03-25,United States,"6'4"" / 193.04 cm",193.04,185 lbs / 83.91 kg,83.91,MMA Lab,full/3557acca24b8b7708bb89b86a7ee08dfe795aca0.jpg,200,300,11.3
54124,Alex Garcia,https://www.sherdog.com/fighter/Alex-Garcia-54124,2026-08-18T23:31:54.851978+00:00,"Jul 14, 1987",1987-07-14,Canada,"5'9"" / 175.26 cm",175.26,171 lbs / 77.56 kg,77.56,Tristar Gym,full/5313d7aaa95937c8401736b98c5d18ba05cb18bc.jpg,200,300,13.4
39261,Garett Whiteley,https://www.sherdog.com/fighter/Garett-Whiteley-39261,2026-08-18T23:31:54.858394+00:00,"Dec 13, 1980",1980-12-13,United States,"6'0"" / 182.88 cm",182.88,155 lbs / 70.31 kg,70.31,IndyBoxing and Grappling,full/a04f4e18b55399adb606036ee8080065076345a8.jpg,200,300,16.4
15456,Saad Awad,https://www.sherdog.com/fighter/Saad-Awad-15456,2026-08-18T23:31:54.861045+00:00,"Jun 7, 1983",1983-06-07,United States,"5'10"" / 177.8 cm",177.8,155 lbs / 70.31 kg,70.31,Millennia MMA,full/094e3d0fbf39cea66fd4324980d982ce7bdd0199.jpg,200,300,17.4
47549,Norman Parke,https://www.sherdog.com/fighter/Norman-Parke-47549,2026-08-18T23:31:54.866369+00:00,"Dec 22, 1986",1986-12-22,Northern Ireland,"5'10"" / 177.8 cm",177.8,200 lbs / 90.72 kg,90.72,Next Generation I.M.M.A.,full/d55e629c74398f25ff98927efb0ad49c9c21ca91.jpg,200,300,13.0
46309,Matt Secor,https://www.sherdog.com/fighter/Matt-Secor-46309,2026-08-18T23:31:54.872654+00:00,"Sep 26, 1986",1986-09-26,United States,"6'1"" / 185.42 cm",185.42,181 lbs / 82.1 kg,82.1,Spa City BJJ,full/37c86d9e0edccc1a3f1d7bcd891de813101ceb6a.jpg,200,300,21.5
25875,Kevin Nowaczyk,https://www.sherdog.com/fighter/Kevin-Nowaczyk-25875,2026-08-18T23:31:54.875418+00:00,"Feb 8, 1989",1989-02-08,United States,"6'2"" / 187.96 cm",187.96,185 lbs / 83.91 kg,83.91,Roufusport,full/cc1ad9e76db40e4ea41ca23f3a3864bf9dc3d4b4.jpg,200,300,15.6
18168,Hector Urbina,https://www.sherdog.com/fighter/Hector-Urbina-18168,2026-08-18T23:31:54.878463+00:00,"Sep 17, 1987",1987-09-17,United States,"6'0"" / 182.88 cm",182.88,170 lbs / 77.11 kg,77.11,,full/05a98f2490d0f53eecba27da01323d8e9817e450.jpg,200,300,18.3
66143,Emil Meek,https://www.sherdog.com/fighter/Emil-Meek-66143,2026-08-18T23:31:54.882206+00:00,"Aug 20, 1988",1988-08-20,Norway,"5'11"" / 180.34 cm",180.34,170 lbs / 77.11 kg,77.11,Xtreme Couture,full/aee7e7249fa4c868a07770c51fe6ccb447d28dda.jpg,200,300,12.6
14862,Mark Holst,https://www.sherdog.com/fighter/Mark-Holst-14862,2026-08-18T23:31:54.885211+00:00,"Aug 14, 1985",1985-08-14,Canada,"6'0"" / 182.88 cm",182.88,169 lbs / 76.66 kg,76.66,OAMA,full/0dfb6f6d7cafb11f84a39d4a1fc210e4fa7a8723.jpg,200,300,15.1
7540,Anthony Njokuani,https://www.sherdog.com/fighter/Anthony-Njokuani-7540,2026-08-18T23:31:54.887844+00:00,"Mar 1, 1980",1980-03-01,United States,"6'0"" / 182.88 cm",182.88,170 lbs / 77.11 kg,77.11,Janjira Muay Thai,full/c8ad3ad0a4e91d4b8e3c2e6093a36ad5318de250.jpg,200,300,11.7
337,Jacen Flynn,https://www.sherdog.com/fighter/Jacen-Flynn-337,2026-08-18T23:31:54.891923+00:00,"Jul 26, 1978",1978-07-26,United States,"6'0"" / 182.88 cm",182.88,205 lbs / 92.99 kg,92.99,Primal Tribe Fighting Club,full/cdbe88e7fd4fd6d98e4409034a3afebb79036b93.jpg,200,300,11.2
26495,Bernardo Magalhaes,https://www.sherdog.com/fighter/Bernardo-Magalhaes-26495,2026-08-18T23:31:54.894363+00:00,"Aug 4, 1981",1981-08-04,Brazil,"5'9"" / 175.26 cm",175.26,155 lbs / 70.31 kg,70.31,TP Fight Team,full/0803267277a3fd999293b319a1b056d73646c453.jpg,200,300,12.6
3519,Mark Miller,https://www.sherdog.com/fighter/Mark-Miller-3519,2026-08-18T23:31:54.896873+00:00,"Nov 22, 1978",1978-11-22,United States,"5'10"" / 177.8 cm",177.8,155 lbs / 70.31 kg,70.31,Gilbert Grappling,full/bda4f619142de1424911e3b85e298b9cc0b230b2.jpg,200,300,16.8
22791,Frank Lester,https://www.sherdog.com/fighter/Frank-Lester-22791,2026-08-18T23:31:54.902306+00:00,"Jun 10, 1984",1984-06-10,United States,"5'11"" / 180.34 cm",180.34,170 lbs / 77.11 kg,77.11,Jackson-Wink MMA,full/4ccc0299ae8799b57be81c0ae0a899af1ed486fe.jpg,200,300,13.9
9281,Chris Wilson,https://www.sherdog.com/fighter/Chris-Wilson-9281,2026-08-18T23:31:54.907870+00:00,"Jun 7, 1977",1977-06-07,Brazil,"6'1"" / 185.42 cm",185.42,155 lbs / 70.31 kg,70.31,CW Combat Sports,full/389c60538a53ba5a4ee5ae071ac91073c4b410f9.jpg,200,300,19.4
9786,Dorian Price,https://www.sherdog.com/fighter/Dorian-Price-9786,2026-08-18T23:31:54.915428+00:00,"Aug 20, 1977",1977-08-20,United States,"6'3"" / 190.5 cm",190.5,155 lbs / 70.31 kg,70.31,Team Jorge Gurgel,full/4b0c3e7b1c1e929cc119a1fe58dcc41ee6db3ae7.jpg,200,300,19.0
12096,Troy Mandaloniz,https://www.sherdog.com/fighter/Troy-Mandaloniz-12096,2026-08-18T23:31:54.917876+00:00,"Feb 1, 1980",1980-02-01,United States,"5'9"" / 175.26 cm",175.26,170 lbs / 77.11 kg,77.11,,full/991564fe3e9cddc224e986d145cb95d8f787a074.jpg,200,300,13.6
9062,John Kolosci,https://www.sherdog.com/fighter/John-Kolosci-9062,2026-08-18T23:31:54.920350+00:00,"Nov 26, 1974",1974-11-26,United States,"5'11"" / 180.34 cm",180.34,155 lbs / 70.31 kg,70.31,Gilbert Grappling,full/3094206ce6b52ae3be1876300b11af2efe71e325.jpg,200,300,18.1
51163,Caio Magalhaes,https://www.sherdog.com/fighter/Caio-Magalhaes-51163,2026-08-18T23:31:54.923488+00:00,"Dec 14, 1987",1987-12-14,Brazil,"6'1"" / 185.42 cm",185.42,185 lbs / 83.91 kg,83.91,Teixeira MMA & Fitness,full/669c43a86e4c0117666c7a5266c36096f74868c5.jpg,200,300,10.8
108499,Guilherme Vasconcelos,https://www.sherdog.com/fighter/Guilherme-Vasconcelos-108499,2026-08-18T23:31:54.926506+00:00,"Mar 23, 1986",1986-03-23,Brazil,"6'0"" / 182.88 cm",182.88,170 lbs / 77.11 kg,77.11,BH Rhinos,full/b423a192e3c026af25791ce1e2fbcc82f41fe3cc.jpg,200,300,21.4
73700,Artem Lobov,https://www.sherdog.com/fighter/Artem-Lobov-73700,2026-08-18T23:31:54.928927+00:00,"Aug 11, 1986",1986-08-11,Ireland,"5'9"" / 175.26 cm",175.26,146 lbs / 66.22 kg,66.22,SBG Ireland,full/dc6263355aa76e4abce856b59f7c7c7c7a4e3f17.jpg,200,300,14.9
79335,Chris Wade,https://www.sherdog.com/fighter/Chris-Wade-79335,2026-08-18T23:31:54.933406+00:00,"Sep 30, 1987",1987-09-30,United States,"5'9"" / 175.26 cm",175.26,149 lbs / 67.59 kg,67.59,East Islip Kickboxing,full/57a4e5b84cd646092a048a0b80492a50e076599b.jpg,200,300,15.6
15077,Prince McLean,https://www.sherdog.com/fighter/Prince-McLean-15077,2026-08-18T23:31:54.937242+00:00,"Jul 17, 1986",1986-07-17,United States,"6'5"" / 195.58 cm",195.58,205 lbs / 92.99 kg,92.99,,full/0d38132401c4ce38230469b65d802812b29b9c45.jpg,200,300,13.7
482,Phillip Miller,https://www.sherdog.com/fighter/Phillip-Miller-482,2026-08-18T23:31:54.940663+00:00,"Feb 20, 1979",1979-02-20,United States,"5'11"" / 180.34 cm",180.34,182 lbs / 82.55 kg,82.55,Williams Combat Grappling,full/d9467c6cf7d16a402b0b2a294095d7a9f814b687.jpg,200,300,17.8
31941,Michael Bowman,https://www.sherdog.com/fighter/Michael-Bowman-31941,2026-08-18T23:31:54.943159+00:00,"Apr 13, 1985",1985-04-13,England,"5'8"" / 172.72 cm",172.72,162 lbs / 73.48 kg,73.48,Wolfslair Academy,full/3068e8eca155b4400f0e84e5eed69e9939539804.jpg,200,300,12.7
22849,Aaron Meisner,https://www.sherdog.com/fighter/Aaron-Meisner-22849,2026-08-18T23:33:19.101617+00:00,"Mar 15, 1978",1978-03-15,United States,"6'0"" / 182.88 cm",182.88,169 lbs / 76.66 kg,76.66,Philadelphia Fight Factory,full/06750042ca3546753bbb0eb81887e4093da8ed0e.jpg,200,300,11.3
10915,David Faulkner,https://www.sherdog.com/fighter/David-Faulkner-10915,2026-08-18T23:33:19.165828+00:00,"Apr 30, 1980",1980-04-30,England,,,170 lbs / 77.11 kg,77.11,,full/06750042ca3546753bbb0eb81887e4093da8ed0e.jpg,200,300,11.3
13827,Seth Baczynski,https://www.sherdog.com/fighter/Seth-Baczynski-13827,2026-08-18T23:31:54.946159+00:00,"Oct 26, 1981",1981-10-26,United States,"6'3"" / 190.5 cm",190.5,185 lbs / 83.91 kg,83.91,Power MMA Team,full/61f1b5fbdcab221091f013994519afd233da2ab9.jpg,200,300,10.1
50361,Joseph Henle,https://www.sherdog.com/fighter/Joseph-Henle-50361,2026-08-18T23:33:18.951503+00:00,"Aug 14, 1983",1983-08-14,United States,"6'1"" / 185.42 cm",185.42,185 lbs / 83.91 kg,83.91,KnuckleHeadz Boxing,full/7627d84ea3f7aebd6eb5ebe3c3f00b4f6c0119ce.jpg,200,300,16.6
19977,Simeon Thoresen,https://www.sherdog.com/fighter/Simeon-Thoresen-19977,2026-08-18T23:33:18.965216+00:00,"Mar 14, 1984",1984-03-14,Norway,"6'1"" / 185.42 cm",185.42,170 lbs / 77.11 kg,77.11,Frontline Academy,full/5211237c145658592ae215ce530f0a7946d67471.jpg,200,300,19.6
43621,Brian Melancon,https://www.sherdog.com/fighter/Brian-Melancon-43621,2026-08-18T23:33:18.968839+00:00,"May 28, 1982",1982-05-28,United States,"5'8"" / 172.72 cm",172.72,170 lbs / 77.11 kg,77.11,Paradigm Training Center,full/de003b357b21d75badcd727e6b9f09a35db18305.jpg,200,300,15.6
1767,James Zikic,https://www.sherdog.com/fighter/James-Zikic-1767,2026-08-18T23:33:18.971903+00:00,"Mar 31, 1977",1977-03-31,England,"6'2"" / 187.96 cm",187.96,185 lbs / 83.91 kg,83.91,London Shootfighters,full/0549ea0e4f25bdcf3d343fd7fdbe85faf34bba8b.jpg,200,300,11.6
84645,Cain Carrizosa,https://www.sherdog.com/fighter/Cain-Carrizosa-84645,2026-08-18T23:33:18.975109+00:00,"Jul 22, 1986",1986-07-22,United States,"5'8"" / 172.72 cm",172.72,155 lbs / 70.31 kg,70.31,Elite Team,full/a0226cf76cd904b4c8a965eecb61a46cb34783ee.jpg,200,300,22.5
79784,Frankie Perez,https://www.sherdog.com/fighter/Frankie-Perez-79784,2026-08-18T23:33:18.977868+00:00,"May 11, 1989",1989-05-11,United States,"5'11"" / 180.34 cm",180.34,155 lbs / 70.31 kg,70.31,Ricardo Almeida Jiu-Jitsu,full/3f1292ff4979fa2f35e0982a737f1041c795e7db.jpg,200,300,9.9
53695,James Jenkins,https://www.sherdog.com/fighter/James-Jenkins-53695,2026-08-18T23:33:18.981213+00:00,"Nov 16, 1985",1985-11-16,United States,"5'8"" / 172.72 cm",172.72,145 lbs / 65.77 kg,65.77,Serra-Longo Fight Team,full/0ed04cfdce52e9d3a9a7cdccbfeb49ef1d3fc1a2.jpg,200,300,11.6
155641,Chris Avila,https://www.sherdog.com/fighter/Chris-Avila-155641,2026-08-18T23:33:19.084802+00:00,"Jan 16, 1993",1993-01-16,United States,"5'10"" / 177.8 cm",177.8,164 lbs / 74.39 kg,74.39,Cesar Gracie Fight Team,full/36504b03ca6d1fbf4ed75351623e6161301e4cfe.jpg,200,300,14.0
40238,Karlos Vemola,https://www.sherdog.com/fighter/Karlos-Vemola-40238,2026-08-18T23:33:19.087831+00:00,"Jul 1, 1985",1985-07-01,Czech Republic,"6'0"" / 182.88 cm",182.88,205 lbs / 92.99 kg,92.99,London Shootfighters,full/fd65f38365ca7555a01c64b73086af21f75960de.jpg,200,300,13.0
8845,Billy Miles,https://www.sherdog.com/fighter/Billy-Miles-8845,2026-08-18T23:33:19.092129+00:00,"Apr 28, 1978",1978-04-28,United States,"5'10"" / 177.8 cm",177.8,185 lbs / 83.91 kg,83.91,Capital City Fighting Alliance,full/36d380b30a16a8c530851709eb365e2dc67222e8.jpg,200,300,12.0
11408,Paul Georgieff,https://www.sherdog.com/fighter/Paul-Georgieff-11408,2026-08-18T23:33:19.094411+00:00,"Sep 22, 1982",1982-09-22,United States,"6'2"" / 187.96 cm",187.96,155 lbs / 70.31 kg,70.31,,full/38abae3bd68aa98cf38ad547e3655e563c7cb9f0.jpg,200,300,9.5
10346,Richie Hightower,https://www.sherdog.com/fighter/Richie-Hightower-10346,2026-08-18T23:33:19.096657+00:00,"Nov 24, 1981",1981-11-24,United States,"5'8"" / 172.72 cm",172.72,155 lbs / 70.31 kg,70.31,,full/0396947ed4cd4def4d1e3494a315f052a346b42d.jpg,200,300,17.8
6525,Roman Mitichyan,https://www.sherdog.com/fighter/Roman-Mitichyan-6525,2026-08-18T23:33:19.099289+00:00,"Apr 9, 1978",1978-04-09,Armenia,"5'10"" / 177.8 cm",177.8,155 lbs / 70.31 kg,70.31,,full/47bd30e237e732f3d0ddab96be61b38ad14f8b61.jpg,200,300,13.2
34241,Kiel Reid,https://www.sherdog.com/fighter/Kiel-Reid-34241,2026-08-18T23:33:19.160338+00:00,"Apr 27, 1981",1981-04-27,United States,"6'0"" / 182.88 cm",182.88,170 lbs / 77.11 kg,77.11,The Arena,full/8faccb5b30b08176a7a24961af3874dbf6d2da44.jpg,200,300,11.1
10569,James Wilks,https://www.sherdog.com/fighter/James-Wilks-10569,2026-08-18T23:33:19.170645+00:00,"Apr 5, 1978",1978-04-05,England,"6'1"" / 185.42 cm",185.42,170 lbs / 77.11 kg,77.11,Lightning MMA,full/23f4afb28a93a56d08377b5437ebd88c9eec771d.jpg,200,300,19.4
7730,Kevin Knabjian,https://www.sherdog.com/fighter/Kevin-Knabjian-7730,2026-08-18T23:33:19.175210+00:00,"Jul 5, 1984",1984-07-05,United States,"5'10"" / 177.8 cm",177.8,156 lbs / 70.76 kg,70.76,Gilbert Grappling,full/5677add9f2bc0026df126a744c32454f17e641f6.jpg,200,300,10.4
23052,Roger Bowling,https://www.sherdog.com/fighter/Roger-Bowling-23052,2026-08-18T23:33:19.178182+00:00,"Dec 5, 1982",1982-12-05,United States,"5'8"" / 172.72 cm",172.72,155 lbs / 70.31 kg,70.31,Team Vision,full/4cf470ebf1cb9a429a27a87ddd32b5773e11c12a.jpg,200,300,21.5
7018,John Gunderson,https://www.sherdog.com/fighter/John-Gunderson-7018,2026-08-18T23:33:19.181631+00:00,"Jan 5, 1979",1979-01-05,United States,"5'9"" / 175.26 cm",175.26,145 lbs / 65.77 kg,65.77,Syndicate MMA,full/d22e2bd97ca24e3e72e17cbfb57a842602dca391.jpg,200,300,15.4
6749,Jordan Mein,https://www.sherdog.com/fighter/Jordan-Mein-6749,2026-08-18T23:33:19.185622+00:00,"Oct 10, 1989",1989-10-10,Canada,"6'0"" / 182.88 cm",182.88,184 lbs / 83.46 kg,83.46,Canadian Martial Arts Centre,full/d30bcb4fb664d099d195c2085d8068bdcf2192bd.jpg,200,300,12.8
48251,Adrian Miles,https://www.sherdog.com/fighter/Adrian-Miles-48251,2026-08-18T23:33:19.190548+00:00,"Sep 14, 1983",1983-09-14,United States,"6'0"" / 182.88 cm",182.88,185 lbs / 83.91 kg,83.91,Alan Belcher MMA Club,full/a12d65a6545fa2a530e8f3d9eca3617764522306.jpg,200,300,10.6
393,Naoyuki Kotani,https://www.sherdog.com/fighter/Naoyuki-Kotani-393,2026-08-18T23:33:19.194206+00:00,"Dec 8, 1981",1981-12-08,Japan,"5'8"" / 172.72 cm",172.72,155 lbs / 70.31 kg,70.31,Rodeo Style,full/2fc1c21fb9462399092bfbc2637dc21bd3a4ae90.jpg,200,300,8.6
251871,Jose Medina,https://www.sherdog.com/fighter/Jose-Medina-251871,2026-08-18T23:33:19.198817+00:00,"May 17, 1991",1991-05-17,Bolivia,"6'0"" / 182.88 cm",182.88,185 lbs / 83.91 kg,83.91,Phuket Fight Club,full/4cd7dfe92309520cacecbb6c41e00e6bab1d2631.jpg,200,300,15.1
231875,Azamat Bekoev,https://www.sherdog.com/fighter/Azamat-Bekoev-231875,2026-08-18T23:33:19.202315+00:00,"Dec 30, 1995",1995-12-30,Russia,"5'11"" / 180.34 cm",180.34,185 lbs / 83.91 kg,83.91,American Top Team,full/5d74d65fa32ab02fa6d1cfcddfe2954f83483e49.jpg,200,300,15.4
404139,Ryan Gandra,https://www.sherdog.com/fighter/Ryan-Gandra-404139,2026-08-18T23:33:19.205892+00:00,"May 8, 1995",1995-05-08,Brazil,"6'1"" / 185.42 cm",185.42,185 lbs / 83.91 kg,83.91,Flavio Baiano Team,full/dce203e47348719cd63acc1d96d35c66439f8a58.jpg,200,300,14.7
322603,Brunno Ferreira,https://www.sherdog.com/fighter/Brunno-Ferreira-322603,2026-08-18T23:33:19.208846+00:00,"Nov 4, 1992",1992-11-04,Brazil,"5'10"" / 177.8 cm",177.8,185 lbs / 83.91 kg,83.91,Brazilian TKO,full/d77bc9975b54064e61bc86668127041acbd8c904.jpg,200,300,11.1
206921,Eric McConico,https://www.sherdog.com/fighter/Eric-McConico-206921,2026-08-18T23:33:19.212849+00:00,"May 9, 1990",1990-05-09,United States,"6'0"" / 182.88 cm",182.88,186 lbs / 84.37 kg,84.37,MMA Lab,full/adcfb20a5fb0d0be002b0e1d39ba9e6b5d4d9804.jpg,200,300,15.7
398399,Andrey Pulyaev,https://www.sherdog.com/fighter/Andrey-Pulyaev-398399,2026-08-18T23:33:19.215925+00:00,"Sep 10, 1997",1997-09-10,Russia,"6'4"" / 193.04 cm",193.04,185 lbs / 83.91 kg,83.91,Storm Shlemenko Fight Team,full/12cc33b7673e5b9933e2209cd94d9f44e697f064.jpg,200,300,10.1
38029,Francisco Trevino,https://www.sherdog.com/fighter/Francisco-Trevino-38029,2026-08-18T23:33:19.218792+00:00,"Dec 17, 1981",1981-12-17,United States,"5'10"" / 177.8 cm",177.8,155 lbs / 70.31 kg,70.31,Macaco Gold Team,full/5885af4202711bec757fa9d33db22e6e1e6053dd.jpg,200,300,17.6
27077,Enrique Marin,https://www.sherdog.com/fighter/Enrique-Marin-27077,2026-08-18T23:33:19.221558+00:00,"Sep 2, 1986",1986-09-02,Spain,"5'10"" / 177.8 cm",177.8,165 lbs / 74.84 kg,74.84,Sutemi MMA,full/00ae0caf7f482a668a2437b1d8424397e4ffbc30.jpg,200,300,18.8
75509,Michel Quinones,https://www.sherdog.com/fighter/Michel-Quinones-75509,2026-08-18T23:33:19.224917+00:00,"Dec 22, 1984",1984-12-22,United States,"5'10"" / 177.8 cm",177.8,145 lbs / 65.77 kg,65.77,American Top Team Wolfpack,full/a85584d4c27c64daf2702b8915227381b06f43e9.jpg,200,300,10.4
61050,Jonathan Nunez,https://www.sherdog.com/fighter/Jonathan-Nunez-61050,2026-08-18T23:33:19.227687+00:00,"Aug 29, 1985",1985-08-29,United States,"5'9"" / 175.26 cm",175.26,155 lbs / 70.31 kg,70.31,Evolve MMA,full/20c3763ec2bfeb27b86d62ad8a5b3e6411b08858.jpg,200,300,16.3
31065,Martin Svensson,https://www.sherdog.com/fighter/Martin-Svensson-31065,2026-08-18T23:33:19.230528+00:00,"Apr 24, 1985",1985-04-24,Sweden,"6'1"" / 185.42 cm",185.42,155 lbs / 70.31 kg,70.31,Frontier MMA,full/25135153a13f96287acbba25b5cc4c2c623e7679.jpg,200,300,11.3
18136,Jason Novelli,https://www.sherdog.com/fighter/Jason-Novelli-18136,2026-08-18T23:33:19.233460+00:00,"Jun 8, 1979",1979-06-08,United States,"6'0"" / 182.88 cm",182.88,155 lbs / 70.31 kg,70.31,Team Quest,full/70f8429d5f5c6fac54fe711dc81b42f91eeac200.jpg,200,300,15.6
1326,Tatsuya Kawajiri,https://www.sherdog.com/fighter/Tatsuya-Kawajiri-1326,2026-08-18T23:33:19.236085+00:00,"May 8, 1978",1978-05-08,Japan,"5'7"" / 170.18 cm",170.18,145 lbs / 65.77 kg,65.77,T-Blood,full/868f31f565742fcbc473e4296383722f6233ecd7.jpg,200,300,17.3
36581,Jim Alers,https://www.sherdog.com/fighter/Jim-Alers-36581,2026-08-18T23:33:19.240832+00:00,"Oct 14, 1986",1986-10-14,United States,"5'9"" / 175.26 cm",175.26,145 lbs / 65.77 kg,65.77,MMA Masters,full/b6efb94485d4dc48daec5159c5966900796f6a34.jpg,200,300,16.0
100921,Vernon Ramos,https://www.sherdog.com/fighter/Vernon-Ramos-100921,2026-08-18T23:33:19.244099+00:00,"Jun 3, 1992",1992-06-03,Panama,"5'9"" / 175.26 cm",175.26,175 lbs / 79.38 kg,79.38,Advance Performance Martial Arts,full/4f46941a7dd7fa56488800e51ec81327a16ddde8.jpg,200,300,13.3
64166,Devin Powell,https://www.sherdog.com/fighter/Devin-Powell-64166,2026-08-18T23:33:19.246810+00:00,"Mar 1, 1988",1988-03-01,United States,"6'0"" / 182.88 cm",182.88,155 lbs / 70.31 kg,70.31,Nostos MMA,full/b5ddf1a4f255d8d5b66c75a0dd75954b4cc12a7f.jpg,200,300,23.3
26934,Ramiro Hernandez,https://www.sherdog.com/fighter/Ramiro-Hernandez-26934,2026-08-18T23:33:19.249769+00:00,"Jul 22, 1986",1986-07-22,United States,"5'9"" / 175.26 cm",175.26,145 lbs / 65.77 kg,65.77,TSG Combat Sports,full/329e6205dc962e3b3420f4d5049811feed080461.jpg,200,300,9.1
59766,Mirsad Bektic,https://www.sherdog.com/fighter/Mirsad-Bektic-59766,2026-08-18T23:33:19.252831+00:00,"Feb 16, 1991",1991-02-16,United States,"5'8"" / 172.72 cm",172.72,145 lbs / 65.77 kg,65.77,Tristar Gym,full/d740fc9faa1b2c08cb6d5b1e2de4044bdde643f6.jpg,200,300,14.0
47105,Robert Whiteford,https://www.sherdog.com/fighter/Robert-Whiteford-47105,2026-08-18T23:33:19.256538+00:00,"Apr 12, 1983",1983-04-12,Scotland,"5'9"" / 175.26 cm",175.26,145 lbs / 65.77 kg,65.77,Dinky Ninjas,full/32c74f58a2943b303996a9cb9ab636e38a83629f.jpg,200,300,10.9
15987,Yui Chul Nam,https://www.sherdog.com/fighter/Yui-Chul-Nam-15987,2026-08-18T23:33:19.260054+00:00,"Jul 16, 1981",1981-07-16,South Korea,"5'9"" / 175.26 cm",175.26,146 lbs / 66.22 kg,66.22,,full/73448faca20a2780edcddfdf0ef6a3e45a60bcd1.jpg,200,300,9.3
64716,Yoislandy Izquierdo,https://www.sherdog.com/fighter/Yoislandy-Izquierdo-64716,2026-08-18T23:33:19.263281+00:00,"Jan 9, 1984",1984-01-09,Cuba,"5'10"" / 177.8 cm",177.8,154 lbs / 69.85 kg,69.85,Young Tigers,full/977a702e758eb30336a88de8e2cf9f8ae2471133.jpg,200,300,12.7
38961,Erin Beach,https://www.sherdog.com/fighter/Erin-Beach-38961,2026-08-18T23:33:19.265911+00:00,"Apr 16, 1983",1983-04-16,United States,"6'2"" / 187.96 cm",187.96,155 lbs / 70.31 kg,70.31,Alliance MMA,full/c8019cf7a2f88335e77d72a6a57505078ee8fcfc.jpg,200,300,10.8
7358,Chris Saunders,https://www.sherdog.com/fighter/Chris-Saunders-7358,2026-08-18T23:33:19.267957+00:00,"Mar 11, 1986",1986-03-11,United States,"5'8"" / 172.72 cm",172.72,155 lbs / 70.31 kg,70.31,All In MMA,full/964e92ddd462ef2bbe0859b131f86a849d745f49.jpg,200,300,18.7
40623,Godofredo Castro,https://www.sherdog.com/fighter/Godofredo-Castro-40623,2026-08-18T23:33:19.271355+00:00,"Jul 2, 1987",1987-07-02,Brazil,"5'11"" / 180.34 cm",180.34,170 lbs / 77.11 kg,77.11,GCPepey Team,full/27a0b48a0ea4b236fa063609402ac6d4be1af493.jpg,200,300,14.4
55298,Aaron Phillips,https://www.sherdog.com/fighter/Aaron-Phillips-55298,2026-08-18T23:33:19.276308+00:00,"Aug 5, 1989",1989-08-05,United States,"5'9"" / 175.26 cm",175.26,135 lbs / 61.23 kg,61.23,Headkicks MMA,full/e859f2ded3273c3de875a8b5fcce702896fc0053.jpg,200,300,17.0
16806,Katsunori Kikuno,https://www.sherdog.com/fighter/Katsunori-Kikuno-16806,2026-08-18T23:33:19.279489+00:00,"Oct 30, 1981",1981-10-30,Japan,"5'8"" / 172.72 cm",172.72,155 lbs / 70.31 kg,70.31,Team Kikuno,full/a8212c9467aecf542b2296a00a5dcb6487f04958.jpg,200,300,13.2
33523,John Cofer,https://www.sherdog.com/fighter/John-Cofer-33523,2026-08-18T23:33:19.283176+00:00,"Apr 29, 1984",1984-04-29,United States,"5'9"" / 175.26 cm",175.26,145 lbs / 65.77 kg,65.77,Hardcore Gym,full/3fc00862937201658f18dd526e6c8133ea779978.jpg,200,300,16.6
179375,Wilmer Fernandez,https://www.sherdog.com/fighter/Wilmer-Fernandez-179375,2026-08-18T23:34:50.294033+00:00,"May 6, 1981",1981-05-06,El Salvador,"5'7"" / 170.18 cm",170.18,170 lbs / 77.11 kg,77.11,,full/06750042ca3546753bbb0eb81887e4093da8ed0e.jpg,200,300,11.3
121717,Kevin Medinilla,https://www.sherdog.com/fighter/Kevin-Medinilla-121717,2026-08-18T23:34:50.311721+00:00,"Oct 8, 1991",1991-10-08,Argentina,,,170 lbs / 77.11 kg,77.11,Nova Uniao Argentina,full/06750042ca3546753bbb0eb81887e4093da8ed0e.jpg,200,300,11.3
23763,Blake Bowman,https://www.sherdog.com/fighter/Blake-Bowman-23763,2026-08-18T23:34:50.350168+00:00,"Jun 20, 1981",1981-06-20,United States,"6'2"" / 187.96 cm",187.96,155 lbs / 70.31 kg,70.31,American Top Team,full/06750042ca3546753bbb0eb81887e4093da8ed0e.jpg,200,300,11.3
66585,Brennan Sevin,https://www.sherdog.com/fighter/Brennan-Sevin-66585,2026-08-18T23:34:50.352420+00:00,"Jun 6, 1985",1985-06-06,United States,"5'11"" / 180.34 cm",180.34,155 lbs / 70.31 kg,70.31,,full/06750042ca3546753bbb0eb81887e4093da8ed0e.jpg,200,300,11.3
21564,Daniel Pineda,https://www.sherdog.com/fighter/Daniel-Pineda-21564,2026-08-18T23:33:19.285938+00:00,"Aug 6, 1985",1985-08-06,United States,"5'7"" / 170.18 cm",170.18,145 lbs / 65.77 kg,65.77,4oz. Fight Club,full/b74c1d95e34189c54d72a7a33658972f0e50cc79.jpg,200,300,15.1
54054,Pat Schilling,https://www.sherdog.com/fighter/Pat-Schilling-54054,2026-08-18T23:34:50.228353+00:00,"Aug 28, 1988",1988-08-28,United States,"5'8"" / 172.72 cm",172.72,145 lbs / 65.77 kg,65.77,Ambition Training Academy,full/4144745512da4921e3a7c1238701481e09892e73.jpg,200,300,14.2
38841,Mackens Semerzier,https://www.sherdog.com/fighter/Mackens-Semerzier-38841,2026-08-18T23:34:50.232331+00:00,"Nov 3, 1980",1980-11-03,United States,"5'9"" / 175.26 cm",175.26,145 lbs / 65.77 kg,65.77,Team Curran,full/4f7afb4caa0426d163be6504f74fe36d0728d74b.jpg,200,300,16.8
3069,Mike Thomas Brown,https://www.sherdog.com/fighter/Mike-Thomas-Brown-3069,2026-08-18T23:34:50.235265+00:00,"Sep 8, 1975",1975-09-08,United States,"5'6"" / 167.64 cm",167.64,145 lbs / 65.77 kg,65.77,American Top Team,full/564112fc9983a7bbd81d885f19fc989111340296.jpg,200,300,19.2
31940,Mark Glover,https://www.sherdog.com/fighter/Mark-Glover-31940,2026-08-18T23:34:50.240216+00:00,"Apr 15, 1988",1988-04-15,England,,,155 lbs / 70.31 kg,70.31,The MMA Academy Liverpool,full/9cc6945e474fd3b8a608027295fac06f34acd6e2.jpg,200,300,17.7
22873,Quinn Mulhern,https://www.sherdog.com/fighter/Quinn-Mulhern-22873,2026-08-18T23:34:50.242874+00:00,"Sep 20, 1984",1984-09-20,United States,"6'3"" / 190.5 cm",190.5,155 lbs / 70.31 kg,70.31,Jackson-Wink MMA,full/a86b8664d1523cbc4722b0786072e4fb491ac077.jpg,200,300,12.8
57343,Edimilson Souza,https://www.sherdog.com/fighter/Edimilson-Souza-57343,2026-08-18T23:34:50.245629+00:00,"Oct 17, 1984",1984-10-17,Brazil,"6'0"" / 182.88 cm",182.88,145 lbs / 65.77 kg,65.77,DS Team,full/d90d0c6b73a0afdf95be8a37ad4b963e72efce48.jpg,200,300,10.7
25097,Diego Brandao,https://www.sherdog.com/fighter/Diego-Brandao-25097,2026-08-18T23:34:50.248728+00:00,"May 27, 1987",1987-05-27,Brazil,"5'7"" / 170.18 cm",170.18,145 lbs / 65.77 kg,65.77,Jackson-Wink MMA,full/21eb1044e8bcfda421905345b8e3bf8430233e79.jpg,200,300,17.5
59713,Matt Hobar,https://www.sherdog.com/fighter/Matt-Hobar-59713,2026-08-18T23:34:50.255747+00:00,"Jan 7, 1987",1987-01-07,United States,"5'10"" / 177.8 cm",177.8,135 lbs / 61.23 kg,61.23,Octagon MMA,full/fda6cc057d0446a04ea1466dcec620a7bb506610.jpg,200,300,15.1
140905,Gaston Bolanos,https://www.sherdog.com/fighter/Gaston-Bolanos-140905,2026-08-18T23:34:50.258373+00:00,"Sep 14, 1992",1992-09-14,United States,"5'7"" / 170.18 cm",170.18,135 lbs / 61.23 kg,61.23,CSA,full/e9aa653f4a60e25666f8d7d3a3e93185ae4b359a.jpg,200,300,19.0
4481,Milton Vieira,https://www.sherdog.com/fighter/Milton-Vieira-4481,2026-08-18T23:34:50.261280+00:00,"Oct 4, 1978",1978-10-04,Brazil,"6'0"" / 182.88 cm",182.88,145 lbs / 65.77 kg,65.77,Rio Fighters,full/a38a004ad0b0cd6da4a974754f3568900a97ad36.jpg,200,300,12.3
31372,Felipe Arantes,https://www.sherdog.com/fighter/Felipe-Arantes-31372,2026-08-18T23:34:50.264062+00:00,"Feb 9, 1988",1988-02-09,Brazil,"5'8"" / 172.72 cm",172.72,145 lbs / 65.77 kg,65.77,Chute Boxe Diego Lima,full/bbd4789ae242e9e31c2036f1a0e123f584a654d6.jpg,200,300,20.4
35732,Noad Lahat,https://www.sherdog.com/fighter/Noad-Lahat-35732,2026-08-18T23:34:50.268350+00:00,"Jun 8, 1984",1984-06-08,United States,"5'9"" / 175.26 cm",175.26,145 lbs / 65.77 kg,65.77,Xtreme Couture,full/519452a363305ea1744b8be362cd40659de0a731.jpg,200,300,19.4
120663,Dashon Johnson,https://www.sherdog.com/fighter/Dashon-Johnson-120663,2026-08-18T23:34:50.271224+00:00,"Jan 25, 1988",1988-01-25,United States,"5'9"" / 175.26 cm",175.26,155 lbs / 70.31 kg,70.31,Team Xplode MMA,full/16bda62c83f12ab1453481d0f6f52b16511a1016.jpg,200,300,15.7
59771,Chase Hackett,https://www.sherdog.com/fighter/Chase-Hackett-59771,2026-08-18T23:34:50.273561+00:00,"Jun 23, 1986",1986-06-23,United States,"6'1"" / 185.42 cm",185.42,155 lbs / 70.31 kg,70.31,Factory X,full/34435d39039977c8ca248d2a276407e8194fd5db.jpg,200,300,14.6
48046,Jim Hettes,https://www.sherdog.com/fighter/Jim-Hettes-48046,2026-08-18T23:34:50.275793+00:00,"Jun 9, 1987",1987-06-09,United States,"5'9"" / 175.26 cm",175.26,145 lbs / 65.77 kg,65.77,Northeast Jiu-Jitsu,full/84f12d94fb99ac933a4c3c12b1c9606f4929f695.jpg,200,300,23.1
56615,Paul Redmond,https://www.sherdog.com/fighter/Paul-Redmond-56615,2026-08-18T23:34:50.279272+00:00,"Oct 20, 1986",1986-10-20,Ireland,"5'10"" / 177.8 cm",177.8,155 lbs / 70.31 kg,70.31,Team Ryano,full/b27d75f12d7023424b5f6f349f799c4e93c69eb2.jpg,200,300,14.0
30054,Russell Doane,https://www.sherdog.com/fighter/Russell-Doane-30054,2026-08-18T23:34:50.284270+00:00,"Aug 13, 1986",1986-08-13,United States,"5'6"" / 167.64 cm",167.64,135 lbs / 61.23 kg,61.23,Hawaii Elite MMA,full/2a4919e05b0eb853533c6aa4cbef10ccbd918fa1.jpg,200,300,17.9
65456,Hugo Viana,https://www.sherdog.com/fighter/Hugo-Viana-65456,2026-08-18T23:34:50.287924+00:00,"Sep 26, 1982",1982-09-26,Brazil,"5'6"" / 167.64 cm",167.64,135 lbs / 61.23 kg,61.23,Champion Team,full/61d983b512534fbe2f2d1a7719e0f6cebd201edb.jpg,200,300,20.5
146941,Jesus Pinedo,https://www.sherdog.com/fighter/Jesus-Pinedo-146941,2026-08-18T23:34:50.290914+00:00,"Jun 22, 1996",1996-06-22,Peru,"5'11"" / 180.34 cm",180.34,147 lbs / 66.68 kg,66.68,Pitbull Martial Arts Center,full/0f36cafc12d8145b34d2e7bf8895284cb520e92f.jpg,200,300,13.5
23437,Alan Omer,https://www.sherdog.com/fighter/Alan-Omer-23437,2026-08-18T23:34:50.295801+00:00,"Sep 14, 1988",1988-09-14,Iraq,"5'9"" / 175.26 cm",175.26,163 lbs / 73.94 kg,73.94,Stallion Cage,full/11c227e8960ebada3fe2b86c9d909e0fa3630fc7.jpg,200,300,15.1
114125,Marco Polo Reyes,https://www.sherdog.com/fighter/Marco-Polo-Reyes-114125,2026-08-18T23:34:50.301638+00:00,"Nov 7, 1984",1984-11-07,Mexico,"5'10"" / 177.8 cm",177.8,155 lbs / 70.31 kg,70.31,Entram Gym,full/61f309043a8e49f9c577e02e67699d5f93fdad06.jpg,200,300,17.1
55443,Marcel Mohamed Grabinski,https://www.sherdog.com/fighter/Marcel-Mohamed-Grabinski-55443,2026-08-18T23:34:50.305658+00:00,"Sep 9, 1991",1991-09-09,Germany,"6'0"" / 182.88 cm",182.88,174 lbs / 78.93 kg,78.93,Pride Gym Dusseldorf,full/b6e564eb1a85ea07c8ed8123c97ad95892b1173e.jpg,200,300,10.9
108007,Thanh Le,https://www.sherdog.com/fighter/Thanh-Le-108007,2026-08-18T23:34:50.308814+00:00,"Aug 28, 1985",1985-08-28,United States,"5'9"" / 175.26 cm",175.26,155 lbs / 70.31 kg,70.31,Moon College Taekwondo,full/276336cd734c10d132e380d762525057703e5eb5.jpg,200,300,13.8
40308,Erick Montano,https://www.sherdog.com/fighter/Erick-Montano-40308,2026-08-18T23:34:50.313796+00:00,"Nov 19, 1985",1985-11-19,Mexico,"6'0"" / 182.88 cm",182.88,169 lbs / 76.66 kg,76.66,Bonebreakers MMA,full/9211b0294285c5b6599906eb47964e84535973df.jpg,200,300,16.0
209939,Christian Leroy Duncan,https://www.sherdog.com/fighter/Christian-Leroy-Duncan-209939,2026-08-18T23:34:50.317046+00:00,"Jul 24, 1995",1995-07-24,England,"6'2"" / 187.96 cm",187.96,185 lbs / 83.91 kg,83.91,Range Martial Arts Academy,full/dddea89200fe897e1a2a87f028a83a0759f06e75.jpg,200,300,12.6
270893,Nick Klein,https://www.sherdog.com/fighter/Nick-Klein-270893,2026-08-18T23:34:50.321252+00:00,"Sep 8, 1995",1995-09-08,United States,"6'1"" / 185.42 cm",185.42,185 lbs / 83.91 kg,83.91,Pura Vida BJJ,full/b79ba84763686748f2d688113efe945675f93a39.jpg,200,300,16.7
380001,Baisangur Susurkaev,https://www.sherdog.com/fighter/Baisangur-Susurkaev-380001,2026-08-18T23:34:50.323734+00:00,"Jan 8, 2001",2001-01-08,Russia,"6'2"" / 187.96 cm",187.96,185 lbs / 83.91 kg,83.91,Kill Cliff FC,full/2c56a84af6941bdff0bcdde944bf50816024d48e.jpg,200,300,8.2
202763,Ikram Aliskerov,https://www.sherdog.com/fighter/Ikram-Aliskerov-202763,2026-08-18T23:34:50.326302+00:00,"Dec 7, 1992",1992-12-07,Russia,"6'0"" / 182.88 cm",182.88,185 lbs / 83.91 kg,83.91,KHK MMA,full/e01aee0c8caa17cdbb598f1af6864937f8766499.jpg,200,300,13.9
385318,Ryan Loder,https://www.sherdog.com/fighter/Ryan-Loder-385318,2026-08-18T23:34:50.331041+00:00,"Jun 5, 1991",1991-06-05,United States,"6'2"" / 187.96 cm",187.96,185 lbs / 83.91 kg,83.91,Apex Wrestling Academy,full/c4cc04480335e974f5bd80bce0fa90cff632c581.jpg,200,300,16.6
380449,Yousri Belgaroui,https://www.sherdog.com/fighter/Yousri-Belgaroui-380449,2026-08-18T23:34:50.333612+00:00,"Jun 2, 1992",1992-06-02,Netherlands,"6'5"" / 195.58 cm",195.58,185 lbs / 83.91 kg,83.91,Teixeira MMA & Fitness,full/4256df9a114890d181eede17f54c6c7399358a47.jpg,200,300,17.4
386979,Ateba Abega Gautier,https://www.sherdog.com/fighter/Ateba-Abega-Gautier-386979,2026-08-18T23:34:50.336133+00:00,"Apr 10, 2002",2002-04-10,Cameroon,"6'4"" / 193.04 cm",193.04,185 lbs / 83.91 kg,83.91,Manchester Top Team,full/17aa1bdf77ff45ae69ffd562f6d505206ab04b1c.jpg,200,300,17.9
5615,Kajan Johnson,https://www.sherdog.com/fighter/Kajan-Johnson-5615,2026-08-18T23:34:50.338998+00:00,"Apr 21, 1984",1984-04-21,Canada,"5'11"" / 180.34 cm",180.34,155 lbs / 70.31 kg,70.31,Tristar Gym,full/fc5c5e6c80271d42603d1c8de8aea8566e1bcdbf.jpg,200,300,13.3
28185,Hernani Perpetuo,https://www.sherdog.com/fighter/Hernani-Perpetuo-28185,2026-08-18T23:34:50.347034+00:00,"May 24, 1985",1985-05-24,Brazil,"6'0"" / 182.88 cm",182.88,170 lbs / 77.11 kg,77.11,Nova Uniao,full/04eee8eba87fead926370f6bc7cf74506d867abb.jpg,200,300,15.6
32445,Besam Yousef,https://www.sherdog.com/fighter/Besam-Yousef-32445,2026-08-18T23:34:50.354585+00:00,"Mar 25, 1985",1985-03-25,Sweden,"5'11"" / 180.34 cm",180.34,170 lbs / 77.11 kg,77.11,Gladius MMA,full/f03d8c41017d091db67741cff13dd1d900744ba2.jpg,200,300,10.0
16830,David Mitchell,https://www.sherdog.com/fighter/David-Mitchell-16830,2026-08-18T23:34:50.356997+00:00,"Oct 24, 1979",1979-10-24,United States,"6'0"" / 182.88 cm",182.88,185 lbs / 83.91 kg,83.91,Team Alpha Male,full/a18d702e031fe3d9ebcaeb7067550f060b2a1bd7.jpg,200,300,16.2
47069,Yuri Villefort,https://www.sherdog.com/fighter/Yuri-Villefort-47069,2026-08-18T23:34:50.360307+00:00,"Mar 23, 1991",1991-03-23,Brazil,"6'0"" / 182.88 cm",182.88,170 lbs / 77.11 kg,77.11,Blackzilians,full/0ef19ec3796e09977d55a894011a08a26bc9d68b.jpg,200,300,22.5
31074,Len Bentley,https://www.sherdog.com/fighter/Len-Bentley-31074,2026-08-18T23:34:50.362926+00:00,"Nov 30, 1982",1982-11-30,United States,"5'9"" / 175.26 cm",175.26,170 lbs / 77.11 kg,77.11,Victory Athletics,full/100e4644e04dfa5c1c72014dda2b7df5e64989a7.jpg,200,300,14.1
12913,DaMarques Johnson,https://www.sherdog.com/fighter/DaMarques-Johnson-12913,2026-08-18T23:34:50.365484+00:00,"Jun 28, 1982",1982-06-28,United States,"6'0"" / 182.88 cm",182.88,170 lbs / 77.11 kg,77.11,Elite Performance,full/f289f5934710be9cee83140db0a7721496c489c2.jpg,200,300,11.8
50416,Lipeng Zhang,https://www.sherdog.com/fighter/Lipeng-Zhang-50416,2026-08-18T23:34:50.369991+00:00,"Mar 10, 1990",1990-03-10,China,"5'11"" / 180.34 cm",180.34,170 lbs / 77.11 kg,77.11,Phuket Top Team,full/45b5d7c5290778bfe342f7a82a5cacab3590b3cb.jpg,200,300,11.1
21673,Dong Hyun Ma,https://www.sherdog.com/fighter/Dong-Hyun-Ma-21673,2026-08-18T23:34:50.373874+00:00,"Sep 9, 1988",1988-09-09,South Korea,"5'11"" / 180.34 cm",180.34,155 lbs / 70.31 kg,70.31,Busan Team MAD,full/51cca6923fb3baca1657736fea9c200b225129d5.jpg,200,300,16.6
2095,Keith Wisniewski,https://www.sherdog.com/fighter/Keith-Wisniewski-2095,2026-08-18T23:34:50.377642+00:00,"Oct 25, 1981",1981-10-25,United States,"5'11"" / 180.34 cm",180.34,170 lbs / 77.11 kg,77.11,Duneland Vale Tudo,full/795b963a53d73225a8922b815d87052e27f920c5.jpg,200,300,15.3
122281,Oliver Enkamp,https://www.sherdog.com/fighter/Oliver-Enkamp-122281,2026-08-18T23:34:50.381405+00:00,"Aug 10, 1991",1991-08-10,Sweden,"6'0"" / 182.88 cm",182.88,170 lbs / 77.11 kg,77.11,Pancrase Gym Sweden,full/34329cd852be5c93dcaaba6a6fd19dfca391e77f.jpg,200,300,9.7
80613,Kyle Prepolec,https://www.sherdog.com/fighter/Kyle-Prepolec-80613,2026-08-18T23:34:50.384868+00:00,"Aug 30, 1989",1989-08-30,Canada,"5'10"" / 177.8 cm",177.8,155 lbs / 70.31 kg,70.31,Maximum Training Centre,full/318598db75f8232495f9827a99a4afbc3dc6860e.jpg,200,300,8.6
43439,Pascal Krauss,https://www.sherdog.com/fighter/Pascal-Krauss-43439,2026-08-18T23:34:50.388148+00:00,"Apr 19, 1987",1987-04-19,Germany,"6'1"" / 185.42 cm",185.42,170 lbs / 77.11 kg,77.11,Peak MMA,full/bf2e9f7cc492615567fd7e7c271aba3efab13fcf.jpg,200,300,15.4
21912,Tarec Saffiedine,https://www.sherdog.com/fighter/Tarec-Saffiedine-21912,2026-08-18T23:34:50.390792+00:00,"Sep 6, 1986",1986-09-06,Belgium,"5'9"" / 175.26 cm",175.26,169 lbs / 76.66 kg,76.66,Tristar Gym,full/f9542ffe2faa211c96026a5a45d5e7a77b903d29.jpg,200,300,18.2
12196,Takenori Sato,https://www.sherdog.com/fighter/Takenori-Sato-12196,2026-08-18T23:34:50.394047+00:00,"Jun 8, 1985",1985-06-08,Japan,"5'10"" / 177.8 cm",177.8,170 lbs / 77.11 kg,77.11,Battle Box,full/36d3038dc877905031511ea7f8b12f4492017159.jpg,200,300,13.2
102401,Marco Olano,https://www.sherdog.com/fighter/Marco-Olano-102401,2026-08-18T23:36:21.330545+00:00,"May 20, 1993",1993-05-20,Peru,"5'11"" / 180.34 cm",180.34,170 lbs / 77.11 kg,77.11,Kamikaze MMA,full/06750042ca3546753bbb0eb81887e4093da8ed0e.jpg,200,300,11.3
156471,Kwan Ho Kwak,https://www.sherdog.com/fighter/Kwan-Ho-Kwak-156471,2026-08-18T23:36:21.361284+00:00,"Jun 18, 1989",1989-06-18,South Korea,"5'7"" / 170.18 cm",170.18,135 lbs / 61.23 kg,61.23,Korean Top Team,full/06750042ca3546753bbb0eb81887e4093da8ed0e.jpg,200,300,11.3
176179,Mike Perry,https://www.sherdog.com/fighter/Mike-Perry-176179,2026-08-18T23:34:50.397332+00:00,"Sep 15, 1991",1991-09-15,United States,"5'10"" / 177.8 cm",177.8,170 lbs / 77.11 kg,77.11,Independent,full/c8ca5e68a04332295b3e87621710a0e43cec38a3.jpg,200,300,13.8
24199,Alex Reyes,https://www.sherdog.com/fighter/Alex-Reyes-24199,2026-08-18T23:36:21.086723+00:00,"Oct 2, 1986",1986-10-02,United States,"5'11"" / 180.34 cm",180.34,155 lbs / 70.31 kg,70.31,Cage Combat Academy,full/163185f51dd098d689a3ef092e5716e2a8e474d1.jpg,200,300,16.6
18253,Mark Scanlon,https://www.sherdog.com/fighter/Mark-Scanlon-18253,2026-08-18T23:36:21.093339+00:00,,,England,"5'9"" / 175.26 cm",175.26,170 lbs / 77.11 kg,77.11,Team Kaobon,full/1e90fc43667672475ec367f43a83b046b8d68102.jpg,200,300,19.5
16704,John Hathaway,https://www.sherdog.com/fighter/John-Hathaway-16704,2026-08-18T23:36:21.096104+00:00,"Jul 1, 1987",1987-07-01,England,"6'2"" / 187.96 cm",187.96,170 lbs / 77.11 kg,77.11,London Shootfighters,full/b2e02433dac750027b6ffdd71307f3d9d43cf2cb.jpg,200,300,13.8
20967,Mike Stumpf,https://www.sherdog.com/fighter/Mike-Stumpf-20967,2026-08-18T23:36:21.100159+00:00,"Aug 1, 1986",1986-08-01,United States,"5'10"" / 177.8 cm",177.8,170 lbs / 77.11 kg,77.11,Team Curran,full/910b95e841aa53deed08a46274a088500a140c13.jpg,200,300,20.8
191483,Austin Hubbard,https://www.sherdog.com/fighter/Austin-Hubbard-191483,2026-08-18T23:36:21.103023+00:00,"Dec 22, 1991",1991-12-22,United States,"5'10"" / 177.8 cm",177.8,156 lbs / 70.76 kg,70.76,Valle Flow Striking,full/c7c6b8fce18f2f794ecf7f24f1c2f8ad7bb222a8.jpg,200,300,13.0
7124,Nick Thompson,https://www.sherdog.com/fighter/Nick-Thompson-7124,2026-08-18T23:36:21.109253+00:00,"Jun 23, 1981",1981-06-23,United States,"6'1"" / 185.42 cm",185.42,170 lbs / 77.11 kg,77.11,The Academy MN,full/b947a553782cbd98e78742f7da7226732c1e58a6.jpg,200,300,13.6
62243,Damien Brown,https://www.sherdog.com/fighter/Damien-Brown-62243,2026-08-18T23:36:21.114400+00:00,"Dec 25, 1984",1984-12-25,Australia,"5'10"" / 177.8 cm",177.8,155 lbs / 70.31 kg,70.31,Base Training Centre,full/94425671f5d7548b949c134f77c4ea861eb6e44a.jpg,200,300,17.4
78210,Scott Holtzman,https://www.sherdog.com/fighter/Scott-Holtzman-78210,2026-08-18T23:36:21.119468+00:00,"Sep 30, 1983",1983-09-30,United States,"5'9"" / 175.26 cm",175.26,155 lbs / 70.31 kg,70.31,Shield Systems,full/3f73c9c7dc9a7c80303fc5f4eab1079c5a84d302.jpg,200,300,15.5
5911,Ray Elbe,https://www.sherdog.com/fighter/Ray-Elbe-5911,2026-08-18T23:36:21.124022+00:00,"Dec 9, 1982",1982-12-09,United States,"6'2"" / 187.96 cm",187.96,169 lbs / 76.66 kg,76.66,,full/8b4d2b6de8121c579f258f440467c8ebe087c429.jpg,200,300,14.8
20524,Dean Amasinger,https://www.sherdog.com/fighter/Dean-Amasinger-20524,2026-08-18T23:36:21.127148+00:00,"Mar 9, 1984",1984-03-09,England,"5'9"" / 175.26 cm",175.26,185 lbs / 83.91 kg,83.91,Team Rough House,full/27cf92704842c7e8807e5e9881b4110845283597.jpg,200,300,9.6
2920,Brad Blackburn,https://www.sherdog.com/fighter/Brad-Blackburn-2920,2026-08-18T23:36:21.130293+00:00,"May 25, 1977",1977-05-25,United States,"5'10"" / 177.8 cm",177.8,169 lbs / 76.66 kg,76.66,Victory Athletics,full/15dd7c6beafa3ba71128da81cd7939e6e8c5e979.jpg,200,300,11.8
53596,Nah-Shon Burrell,https://www.sherdog.com/fighter/NahShon-Burrell-53596,2026-08-18T23:36:21.134373+00:00,"Feb 5, 1990",1990-02-05,United States,"5'11"" / 180.34 cm",180.34,185 lbs / 83.91 kg,83.91,Renzo Gracie Philly,full/9b2a7a2f8738223d540bf7a9b0521d41b9c890bd.jpg,200,300,14.9
20812,Papy Abedi,https://www.sherdog.com/fighter/Papy-Abedi-20812,2026-08-18T23:36:21.137605+00:00,"Jun 30, 1978",1978-06-30,Sweden,"5'11"" / 180.34 cm",180.34,185 lbs / 83.91 kg,83.91,Allstars Training Center,full/e69860a1083be9b8389e4ca1faa79bcaafaa7431.jpg,200,300,15.7
23167,Tae Hyun Bang,https://www.sherdog.com/fighter/Tae-Hyun-Bang-23167,2026-08-18T23:36:21.141505+00:00,"Apr 15, 1983",1983-04-15,South Korea,"5'9"" / 175.26 cm",175.26,155 lbs / 70.31 kg,70.31,Korean Top Team,full/3a3cec2135892a5945ac815518a97480497cd628.jpg,200,300,10.7
9907,Adriano Martins,https://www.sherdog.com/fighter/Adriano-Martins-9907,2026-08-18T23:36:21.146215+00:00,"Dec 16, 1982",1982-12-16,Brazil,"5'10"" / 177.8 cm",177.8,154 lbs / 69.85 kg,69.85,Top Life Amazonas,full/1d3955f0c4e091c3cfc2ff38fedfd5c0b8f2f236.jpg,200,300,11.7
209133,Treston Vines,https://www.sherdog.com/fighter/Treston-Vines-209133,2026-08-18T23:36:21.150379+00:00,"Jun 18, 1996",1996-06-18,United States,"6'0"" / 182.88 cm",182.88,185 lbs / 83.91 kg,83.91,Kage Fit Academy,full/229304bc2a9eb931cd42493dff8a5ec6df063210.jpg,200,300,10.6
156965,Osman Diaz,https://www.sherdog.com/fighter/Osman-Diaz-156965,2026-08-18T23:36:21.153183+00:00,"Nov 22, 1990",1990-11-22,United States,"6'4"" / 193.04 cm",193.04,185 lbs / 83.91 kg,83.91,California Mixed Martial Arts,full/3cd738572e9cd7e07219c4e725f7db0a15ea7ddd.jpg,200,300,10.7
241133,Robert Valentin,https://www.sherdog.com/fighter/Robert-Valentin-241133,2026-08-18T23:36:21.157676+00:00,"Mar 31, 1995",1995-03-31,Switzerland,"6'2"" / 187.96 cm",187.96,185 lbs / 83.91 kg,83.91,Fight Move Academy,full/489816440bb097521f5a17fbc571cfb3a99e9c57.jpg,200,300,17.8
346419,Eric Nolan,https://www.sherdog.com/fighter/Eric-Nolan-346419,2026-08-18T23:36:21.316390+00:00,"Sep 13, 1997",1997-09-13,United States,"5'11"" / 180.34 cm",180.34,170 lbs / 77.11 kg,77.11,Lionheart Mixed Martial Arts,full/b1eecf427bc500f6600c050e183f2d652e24ba68.jpg,200,300,15.5
164321,Djorden Santos,https://www.sherdog.com/fighter/Djorden-Santos-164321,2026-08-18T23:36:21.319317+00:00,"Aug 1, 1997",1997-08-01,Brazil,"6'2"" / 187.96 cm",187.96,185 lbs / 83.91 kg,83.91,American Top Team,full/d7906bd52d1cf3411ab96d455d2acae3060d80ca.jpg,200,300,9.3
393926,Mansur Abdul-Malik,https://www.sherdog.com/fighter/Mansur-AbdulMalik-393926,2026-08-18T23:36:21.322068+00:00,"Oct 7, 1997",1997-10-07,United States,"6'2"" / 187.96 cm",187.96,186 lbs / 84.37 kg,84.37,Xtreme Couture,full/b21d377dffd205c6446c77fee44ab1ee06f20744.jpg,200,300,18.0
249103,Claudio Ribeiro,https://www.sherdog.com/fighter/Claudio-Ribeiro-249103,2026-08-18T23:36:21.324933+00:00,"Jul 17, 1992",1992-07-17,Brazil,"5'10"" / 177.8 cm",177.8,185 lbs / 83.91 kg,83.91,Revira Black Team,full/53922e22b4db49d82b13ae621d5905ba83faff92.jpg,200,300,10.6
263543,Marco Tulio,https://www.sherdog.com/fighter/Marco-Tulio-263543,2026-08-18T23:36:21.327785+00:00,"Aug 30, 1994",1994-08-30,Brazil,"6'0"" / 182.88 cm",182.88,185 lbs / 83.91 kg,83.91,Chute Boxe Diego Lima,full/6488f8615c87195d895a53a6d9f739b4a71ae510.jpg,200,300,16.9
76492,Andres Quintana,https://www.sherdog.com/fighter/Andres-Quintana-76492,2026-08-18T23:36:21.332568+00:00,"Jul 15, 1991",1991-07-15,United States,"6'0"" / 182.88 cm",182.88,145 lbs / 65.77 kg,65.77,Luttrell-Yee MMA,full/2d9365935a5fbac4009951e376732c8069d9b93b.jpg,200,300,13.0
95625,Cristian Soto Sevilla,https://www.sherdog.com/fighter/Cristian-Soto-Sevilla-95625,2026-08-18T23:36:21.337864+00:00,"Apr 10, 1983",1983-04-10,Nicaragua,"5'8"" / 172.72 cm",172.72,170 lbs / 77.11 kg,77.11,Escola da Luta,full/3bf708fcc668c57d19f188cfbe271c60d8fdd089.jpg,200,300,13.1
172941,Horacio Gutierrez,https://www.sherdog.com/fighter/Horacio-Gutierrez-172941,2026-08-18T23:36:21.340120+00:00,"Sep 15, 1990",1990-09-15,Mexico,"5'10"" / 177.8 cm",177.8,145 lbs / 65.77 kg,65.77,Chicago Fight Team,full/2615812fb0cfa22b2224cc2544358e44efc3cd69.jpg,200,300,16.2
87012,Cesar Arzamendia,https://www.sherdog.com/fighter/Cesar-Arzamendia-87012,2026-08-18T23:36:21.343592+00:00,"Jan 31, 1991",1991-01-31,Paraguay,"5'11"" / 180.34 cm",180.34,155 lbs / 70.31 kg,70.31,Paraguay Combat Team,full/50b3da5f1408161e0ec7df72be8009d6876c05bc.jpg,200,300,15.0
44311,John Teixeira,https://www.sherdog.com/fighter/John-Teixeira-44311,2026-08-18T23:36:21.346646+00:00,"Nov 18, 1986",1986-11-18,Brazil,"5'7"" / 170.18 cm",170.18,155 lbs / 70.31 kg,70.31,Nova Uniao,full/81daf9925addb40c47a65f0329a68ef2ec398670.jpg,200,300,21.5
26602,Reuben Duran,https://www.sherdog.com/fighter/Reuben-Duran-26602,2026-08-18T23:36:21.349951+00:00,"Jul 2, 1983",1983-07-02,United States,"5'7"" / 170.18 cm",170.18,135 lbs / 61.23 kg,61.23,C-Quence Jiu-Jitsu,full/cf69f43734e1a5467b8fb22d034969a901e7063c.jpg,200,300,18.4
62507,T.J. Dillashaw,https://www.sherdog.com/fighter/TJ-Dillashaw-62507,2026-08-18T23:36:21.352882+00:00,"Feb 7, 1986",1986-02-07,United States,"5'6"" / 167.64 cm",167.64,135 lbs / 61.23 kg,61.23,The Treigning Lab,full/a03b53ba4d4e5f619a2e144389740a434c8d2358.jpg,200,300,16.2
19521,Leandro Issa,https://www.sherdog.com/fighter/Leandro-Issa-19521,2026-08-18T23:36:21.358090+00:00,"Sep 19, 1983",1983-09-19,Brazil,"5'6"" / 167.64 cm",167.64,136 lbs / 61.69 kg,61.69,Evolve MMA,full/d6b35df2858ff2440994c781684cd7a59cf1aca9.jpg,200,300,15.4
21618,Marcus Brimage,https://www.sherdog.com/fighter/Marcus-Brimage-21618,2026-08-18T23:36:21.363547+00:00,"Apr 6, 1985",1985-04-06,United States,"5'4"" / 162.56 cm",162.56,135 lbs / 61.23 kg,61.23,,full/7ce6dfe1ede30a85f14e01c5fe77411dc706abd8.jpg,200,300,16.8
54620,Niklas Backstrom,https://www.sherdog.com/fighter/Niklas-Backstrom-54620,2026-08-18T23:36:21.367211+00:00,"Aug 22, 1989",1989-08-22,Sweden,"6'0"" / 182.88 cm",182.88,145 lbs / 65.77 kg,65.77,Allstars Training Center,full/89feca5e578deaa4cc0cbdd32c3c61f77fa9b97c.jpg,200,300,12.9
81835,Diego Rivas,https://www.sherdog.com/fighter/Diego-Rivas-81835,2026-08-18T23:36:21.369825+00:00,"Nov 11, 1991",1991-11-11,Chile,"5'9"" / 175.26 cm",175.26,145 lbs / 65.77 kg,65.77,Elemental Dojo,full/6d9893b1e8357debf47f810828e4f5c823c90a91.jpg,200,300,10.6
1693,Yves Jabouin,https://www.sherdog.com/fighter/Yves-Jabouin-1693,2026-08-18T23:36:21.372592+00:00,"May 30, 1979",1979-05-30,Canada,"5'6"" / 167.64 cm",167.64,135 lbs / 61.23 kg,61.23,Tristar Gym,full/f8be8e7f8c57ce933f1d1280fae58d6e92a404a6.jpg,200,300,14.3
35509,Erik Perez,https://www.sherdog.com/fighter/Erik-Perez-35509,2026-08-18T23:36:21.376601+00:00,"Nov 19, 1989",1989-11-19,Mexico,"5'7"" / 170.18 cm",170.18,145 lbs / 65.77 kg,65.77,Alliance MMA,full/faafe25969ccd45802dcf6597a3fa0f2d3dc70c2.jpg,200,300,17.5
122153,Marcus McGhee,https://www.sherdog.com/fighter/Marcus-McGhee-122153,2026-08-18T23:36:21.383675+00:00,"May 7, 1990",1990-05-07,United States,"5'8"" / 172.72 cm",172.72,135 lbs / 61.23 kg,61.23,MMA Lab,full/848eadd5d40577bac2640eaa6ff97e4130d927f0.jpg,200,300,12.4
206845,Cortavious Romious,https://www.sherdog.com/fighter/Cortavious-Romious-206845,2026-08-18T23:36:21.386772+00:00,"Jan 6, 1994",1994-01-06,United States,"5'4"" / 162.56 cm",162.56,140 lbs / 63.5 kg,63.5,St. Charles MMA,full/2caf43350c8b16dcc2784bab93359c135507c7c7.jpg,200,300,14.6
223785,Quang Le,https://www.sherdog.com/fighter/Quang-Le-223785,2026-08-18T23:36:21.389244+00:00,"Oct 18, 1991",1991-10-18,Vietnam,"5'7"" / 170.18 cm",170.18,135 lbs / 61.23 kg,61.23,The Academy MN,full/54373ae4c9a647bb396a11c0fa3f234bc2cd2ffc.jpg,200,300,10.9
286497,Michael Aswell,https://www.sherdog.com/fighter/Michael-Aswell-286497,2026-08-18T23:36:21.391991+00:00,"Sep 27, 2000",2000-09-27,United States,"5'8"" / 172.72 cm",172.72,145 lbs / 65.77 kg,65.77,4oz. Fight Club,full/06dc36e7d2f95399e296617a1fa2b3048fd360fa.jpg,200,300,20.8
50987,Sergio Pettis,https://www.sherdog.com/fighter/Sergio-Pettis-50987,2026-08-18T23:36:21.394933+00:00,"Aug 18, 1993",1993-08-18,United States,"5'6"" / 167.64 cm",167.64,134 lbs / 60.78 kg,60.78,Roufusport,full/1a18a9ee0e573248cfdbd8dc44cdced604a8f153.jpg,200,300,14.4
22789,Jesse Newell,https://www.sherdog.com/fighter/Jesse-Newell-22789,2026-08-18T23:36:21.399627+00:00,"Oct 1, 1986",1986-10-01,United States,,,145 lbs / 65.77 kg,65.77,,full/dae10f8933e94f3e6727fb7bb2757debc30aa048.jpg,200,300,15.5
13791,Bryan Caraway,https://www.sherdog.com/fighter/Bryan-Caraway-13791,2026-08-18T23:36:21.401835+00:00,"Aug 4, 1984",1984-08-04,United States,"5'9"" / 175.26 cm",175.26,135 lbs / 61.23 kg,61.23,Xtreme Couture,full/040b9e29b268275456cb7a9b5a33dc82b651080c.jpg,200,300,16.2
55503,Joey Gambino,https://www.sherdog.com/fighter/Joey-Gambino-55503,2026-08-18T23:36:21.406399+00:00,"Oct 26, 1988",1988-10-26,United States,"5'7"" / 170.18 cm",170.18,145 lbs / 65.77 kg,65.77,Team Raging Warriors,full/ecbd3a401d0dc1e4416443eb92c9f0365be8aa36.jpg,200,300,16.0
35448,Pablo Garza,https://www.sherdog.com/fighter/Pablo-Garza-35448,2026-08-18T23:36:21.408698+00:00,"Sep 16, 1983",1983-09-16,United States,"6'1"" / 185.42 cm",185.42,145 lbs / 65.77 kg,65.77,Academy of Combat Arts,full/7fd9460c0973422bbd272beab5ec5eda3b4cc354.jpg,200,300,12.5
75370,Mark Eddiva,https://www.sherdog.com/fighter/Mark-Eddiva-75370,2026-08-18T23:36:21.411924+00:00,"Feb 16, 1986",1986-02-16,Philippines,"5'8"" / 172.72 cm",172.72,145 lbs / 65.77 kg,65.77,Lakay MMA,full/d585d7e1559e7bca3667573373ffe700b78f1176.jpg,200,300,18.1
1227,Genki Sudo,https://www.sherdog.com/fighter/Genki-Sudo-1227,2026-08-18T23:36:21.414387+00:00,"Mar 8, 1978",1978-03-08,Japan,"5'9"" / 175.26 cm",175.26,155 lbs / 70.31 kg,70.31,Beverly Hills Jiu-Jitsu Club,full/1ab63c454742d63e0ec9747d5144f237f3cd17f6.jpg,200,300,16.3
25981,Diego Nunes,https://www.sherdog.com/fighter/Diego-Nunes-25981,2026-08-18T23:36:21.417129+00:00,"Nov 30, 1982",1982-11-30,Brazil,"5'6"" / 167.64 cm",167.64,155 lbs / 70.31 kg,70.31,Evolucao Thai,full/498b49c561eb424537ceead8ba472357251b5ad1.jpg,200,300,18.0
5778,Nam Phan,https://www.sherdog.com/fighter/Nam-Phan-5778,2026-08-18T23:36:21.420728+00:00,"Mar 13, 1983",1983-03-13,United States,"5'6"" / 167.64 cm",167.64,141 lbs / 63.96 kg,63.96,Nam Phan MMA Academy,full/052b48a14457de4160b960376fc8b3b257839245.jpg,200,300,16.2
24003,Mike Budnik,https://www.sherdog.com/fighter/Mike-Budnik-24003,2026-08-18T23:38:15.049729+00:00,"Aug 8, 1974",1974-08-08,United States,"5'9"" / 175.26 cm",175.26,155 lbs / 70.31 kg,70.31,Triton Fight Center,full/1d5cd49988b7bcbc2f6973a48dd33d7572ed20c4.jpg,200,300,17.8
19111,Spencer Paige,https://www.sherdog.com/fighter/Spencer-Paige-19111,2026-08-18T23:38:15.060192+00:00,"Nov 7, 1985",1985-11-07,United States,"5'9"" / 175.26 cm",175.26,145 lbs / 65.77 kg,65.77,Team Bombsquad,full/9ea7884158bc4b6037af730bae3509919f087715.jpg,200,300,9.8
2815,Leonard Garcia,https://www.sherdog.com/fighter/Leonard-Garcia-2815,2026-08-18T23:38:15.063363+00:00,"Jul 14, 1979",1979-07-14,United States,"5'9"" / 175.26 cm",175.26,145 lbs / 65.77 kg,65.77,Jackson-Wink MMA,full/6ef8ad58e3b5b7af909a8bb1109883294c610a2c.jpg,200,300,18.2
3071,Leigh Remedios,https://www.sherdog.com/fighter/Leigh-Remedios-3071,2026-08-18T23:38:15.068009+00:00,"Jan 13, 1976",1976-01-13,England,"5'7"" / 170.18 cm",170.18,145 lbs / 65.77 kg,65.77,Team Quannum,full/1b7812bd66ad8c446924f6b429edaa63fc350249.jpg,200,300,13.7
126881,Levan Makashvili,https://www.sherdog.com/fighter/Levan-Makashvili-126881,2026-08-18T23:38:15.071226+00:00,"Jan 7, 1989",1989-01-07,United States,"5'8"" / 172.72 cm",172.72,155 lbs / 70.31 kg,70.31,Mutant MMA,full/c98e85428d3107abbc888dee8ac7ac572ec11b54.jpg,200,300,18.3
10432,Fredson Paixao,https://www.sherdog.com/fighter/Fredson-Paixao-10432,2026-08-18T23:38:15.075098+00:00,"May 13, 1979",1979-05-13,United States,"5'6"" / 167.64 cm",167.64,145 lbs / 65.77 kg,65.77,Syndicate MMA,full/f6e8181888327d2f754b52cb85dce86deb382f93.jpg,200,300,15.2
4728,Mark Hominick,https://www.sherdog.com/fighter/Mark-Hominick-4728,2026-08-18T23:38:15.080673+00:00,"Jul 22, 1982",1982-07-22,Canada,"5'8"" / 172.72 cm",172.72,145 lbs / 65.77 kg,65.77,Team Tompkins,full/695219471cd168d85f78045f508eca376f8c1e96.jpg,200,300,11.7
31767,Eric Marriott,https://www.sherdog.com/fighter/Eric-Marriott-31767,2026-08-18T23:38:15.085109+00:00,"Feb 20, 1986",1986-02-20,United States,"5'7"" / 170.18 cm",170.18,151 lbs / 68.49 kg,68.49,K2L Grindhouse,full/40344634eed5a64c38c7150dda78f12894afd499.jpg,200,300,13.1
13599,Dustin Neace,https://www.sherdog.com/fighter/Dustin-Neace-13599,2026-08-18T23:38:15.088544+00:00,"Sep 12, 1986",1986-09-12,United States,"5'9"" / 175.26 cm",175.26,146 lbs / 66.22 kg,66.22,Damage Incorporated,full/a4c55c9f32e063efeb1ff7330121b9e24868a50c.jpg,200,300,18.6
37404,Mitch Gagnon,https://www.sherdog.com/fighter/Mitch-Gagnon-37404,2026-08-18T23:38:15.093148+00:00,"Oct 10, 1984",1984-10-10,Canada,"5'6"" / 167.64 cm",167.64,135 lbs / 61.23 kg,61.23,Troop MMA,full/e17e3da9f84027c92264bcbbbf4967d0c11a80f8.jpg,200,300,13.5
19717,Johnny Bedford,https://www.sherdog.com/fighter/Johnny-Bedford-19717,2026-08-18T23:38:15.096704+00:00,"Jan 6, 1983",1983-01-06,United States,"5'9"" / 175.26 cm",175.26,135 lbs / 61.23 kg,61.23,Fitness Fight Factory,full/2753d13e2800091b287ff6333e6d2f59737055a8.jpg,200,300,15.2
35521,Will Campuzano,https://www.sherdog.com/fighter/Will-Campuzano-35521,2026-08-18T23:38:15.101686+00:00,"May 27, 1986",1986-05-27,United States,"5'9"" / 175.26 cm",175.26,125 lbs / 56.7 kg,56.7,Campuzano MMA,full/c53506c157444910ce6304d1b23a4ee936909539.jpg,200,300,10.0
48566,Ryan Benoit,https://www.sherdog.com/fighter/Ryan-Benoit-48566,2026-08-18T23:38:15.105146+00:00,"Aug 25, 1989",1989-08-25,United States,"5'5"" / 165.1 cm",165.1,125 lbs / 56.7 kg,56.7,Janjira Muay Thai,full/ab4a424c0d516ab6e9a3072c6b3fe372049569bf.jpg,200,300,14.7
16467,Chris Cariaso,https://www.sherdog.com/fighter/Chris-Cariaso-16467,2026-08-18T23:38:15.109161+00:00,"May 27, 1981",1981-05-27,United States,"5'3"" / 160.02 cm",160.02,125 lbs / 56.7 kg,56.7,Fight and Fitness,full/6b7ce7d2578617ded706b2e225df16be7bff55c0.jpg,200,300,19.6
51576,Chris Kelades,https://www.sherdog.com/fighter/Chris-Kelades-51576,2026-08-18T23:38:15.113703+00:00,"Feb 21, 1981",1981-02-21,Canada,"5'7"" / 170.18 cm",170.18,125 lbs / 56.7 kg,56.7,Fit Plus,full/9b78722363bc8644107e7573cbcb60cee07c278f.jpg,200,300,11.8
55159,John Moraga,https://www.sherdog.com/fighter/John-Moraga-55159,2026-08-18T23:38:15.117506+00:00,"Mar 20, 1984",1984-03-20,United States,"5'6"" / 167.64 cm",167.64,125 lbs / 56.7 kg,56.7,Arizona Combat Sports,full/5895a12cb651701b36f926ebf7bd3924393b5428.jpg,200,300,15.6
15008,Joseph Benavidez,https://www.sherdog.com/fighter/Joseph-Benavidez-15008,2026-08-18T23:38:15.123014+00:00,"Jul 31, 1984",1984-07-31,United States,"5'4"" / 162.56 cm",162.56,125 lbs / 56.7 kg,56.7,Xtreme Couture,full/9bcef49e78a798cd2bb2a484fd2eaa0f62bcca1a.jpg,200,300,13.4
36939,Jussier Formiga,https://www.sherdog.com/fighter/Jussier-Formiga-36939,2026-08-18T23:38:15.133983+00:00,"Apr 14, 1985",1985-04-14,Brazil,"5'5"" / 165.1 cm",165.1,125 lbs / 56.7 kg,56.7,American Top Team,full/bc032dba45a63284c40bb16cae7d053281319360.jpg,200,300,11.6
276669,Bolaji Oki,https://www.sherdog.com/fighter/Bolaji-Oki-276669,2026-08-18T23:38:15.139079+00:00,"Nov 15, 1995",1995-11-15,Belgium,"5'10"" / 177.8 cm",177.8,155 lbs / 70.31 kg,70.31,Da Vinci Fighting,full/49ca43d5e0bfa80dc52e2bc33ddfe7ddd704cd45.jpg,200,300,13.4
354035,Luke Riley,https://www.sherdog.com/fighter/Luke-Riley-354035,2026-08-18T23:38:15.142237+00:00,"Jun 30, 1999",1999-06-30,England,"5'9"" / 175.26 cm",175.26,145 lbs / 65.77 kg,65.77,Next Generation MMA Liverpool,full/4501a26cd0d98cd9e73095c8d1f1a70c8878a8c2.jpg,200,300,14.3
233007,Long Xiao,https://www.sherdog.com/fighter/Long-Xiao-233007,2026-08-18T23:38:15.145117+00:00,"Apr 13, 1998",1998-04-13,China,"5'8"" / 172.72 cm",172.72,136 lbs / 61.69 kg,61.69,Xin-Du Martial Arts Club,full/4dd6acd4e6f7f43927c7cb12e2be0b1a3f440429.jpg,200,300,10.4
411838,Santiago Luna,https://www.sherdog.com/fighter/Santiago-Luna-411838,2026-08-18T23:38:15.149073+00:00,"Aug 6, 2004",2004-08-06,Mexico,"5'8"" / 172.72 cm",172.72,135 lbs / 61.23 kg,61.23,Entram Gym,full/d4e1696f36f2ffc59ce4be995c475e4b7b82a13a.jpg,200,300,10.4
258443,Chang Ho Lee,https://www.sherdog.com/fighter/Chang-Ho-Lee-258443,2026-08-18T23:38:15.151643+00:00,"May 9, 1994",1994-05-09,South Korea,"5'8"" / 172.72 cm",172.72,136 lbs / 61.69 kg,61.69,Monster House,full/0aca4ca23ae37df8326551169065528dea53f7ae.jpg,200,300,10.6
249443,John Yannis,https://www.sherdog.com/fighter/John-Yannis-249443,2026-08-18T23:38:15.154467+00:00,"Jul 7, 1994",1994-07-07,United States,"5'7"" / 170.18 cm",170.18,136 lbs / 61.69 kg,61.69,Ambush Muay Thai,full/2d688cee97e178b37faa501a63761e9b00c60412.jpg,200,300,14.2
43796,John Albert,https://www.sherdog.com/fighter/John-Albert-43796,2026-08-18T23:38:15.157455+00:00,"Oct 13, 1986",1986-10-13,United States,"5'9"" / 175.26 cm",175.26,135 lbs / 61.23 kg,61.23,Victory Athletics,full/509d22bfc0148819e28698d06acd57d0b081c96a.jpg,200,300,15.4
24913,Ken Stone,https://www.sherdog.com/fighter/Ken-Stone-24913,2026-08-18T23:38:15.160839+00:00,"Oct 8, 1982",1982-10-08,United States,"5'8"" / 172.72 cm",172.72,135 lbs / 61.23 kg,61.23,American Top Team,full/b2f643641a2f50fdcf5d830d2f0208c6b2e73b3c.jpg,200,300,15.0
17355,Byron Bloodworth,https://www.sherdog.com/fighter/Byron-Bloodworth-17355,2026-08-18T23:38:15.163622+00:00,"Aug 16, 1983",1983-08-16,United States,"5'9"" / 175.26 cm",175.26,135 lbs / 61.23 kg,61.23,Iron Clutch Fitness,full/6fd62b22a2e46d7ed72b82f93201052e18cc1719.jpg,200,300,12.7
22490,Edwin Figueroa,https://www.sherdog.com/fighter/Edwin-Figueroa-22490,2026-08-18T23:38:15.165986+00:00,"Jul 31, 1984",1984-07-31,United States,"5'7"" / 170.18 cm",170.18,135 lbs / 61.23 kg,61.23,Mohler MMA,full/e04130a878152b8a4bb0cf08aee8c6f9b3f15bb8.jpg,200,300,15.1
13793,Ian Loveland,https://www.sherdog.com/fighter/Ian-Loveland-13793,2026-08-18T23:38:15.168967+00:00,"Sep 7, 1983",1983-09-07,United States,"5'8"" / 172.72 cm",172.72,135 lbs / 61.23 kg,61.23,Sports Lab,full/d5cba98639bd5a144009ec11474542cd06c28060.jpg,200,300,12.2
4870,Jeff Hougland,https://www.sherdog.com/fighter/Jeff-Hougland-4870,2026-08-18T23:38:15.172158+00:00,"Aug 2, 1978",1978-08-02,United States,"5'9"" / 175.26 cm",175.26,135 lbs / 61.23 kg,61.23,Combat Sport and Fitness,full/42070ca071188d3b517bb0498caa9b331aaeb720.jpg,200,300,12.9
87865,Thomas Almeida,https://www.sherdog.com/fighter/Thomas-Almeida-87865,2026-08-18T23:38:15.175648+00:00,"Jul 31, 1991",1991-07-31,Brazil,"5'7"" / 170.18 cm",170.18,135 lbs / 61.23 kg,61.23,Chute Boxe Diego Lima,full/d888e5cc87077edebf665ce4624ea3867606c745.jpg,200,300,16.8
31897,Rodolfo Rubio,https://www.sherdog.com/fighter/Rodolfo-Rubio-31897,2026-08-18T23:38:15.179632+00:00,"Jan 29, 1987",1987-01-29,Mexico,"5'5"" / 165.1 cm",165.1,135 lbs / 61.23 kg,61.23,Entram Gym,full/d78f915e147cb4fac08134d0c38adac8073b86e6.jpg,200,300,18.6
152627,Jose Quinonez,https://www.sherdog.com/fighter/Jose-Quinonez-152627,2026-08-18T23:38:15.182984+00:00,"Jul 28, 1990",1990-07-28,Mexico,"5'8"" / 172.72 cm",172.72,144 lbs / 65.32 kg,65.32,La Malilla,full/43fd275c8236ba7c061e22679b9390fa81e8d0f9.jpg,200,300,14.4
5639,Tom Niinimaki,https://www.sherdog.com/fighter/Tom-Niinimaki-5639,2026-08-18T23:38:15.186952+00:00,"Jul 25, 1982",1982-07-25,Finland,"5'9"" / 175.26 cm",175.26,145 lbs / 65.77 kg,65.77,Finnfighters' Gym,full/278eb1676da2bd3d537c25fc56aa062f6f0b8ffb.jpg,200,300,16.9
50586,Mike Wilkinson,https://www.sherdog.com/fighter/Mike-Wilkinson-50586,2026-08-18T23:38:15.190520+00:00,"Sep 15, 1987",1987-09-15,England,"5'8"" / 172.72 cm",172.72,145 lbs / 65.77 kg,65.77,Atherton Submission Wrestling,full/f7be0d040b8371f3a01f6708ef35b591c983fc2e.jpg,200,300,14.5
27031,Bryson Hansen,https://www.sherdog.com/fighter/Bryson-Hansen-27031,2026-08-18T23:38:15.193279+00:00,"Apr 19, 1986",1986-04-19,United States,,,135 lbs / 61.23 kg,61.23,Xtreme Couture,full/5c4a215221479ec57445ec0d5c35e42b2322fdc1.jpg,200,300,17.7
28788,Stephen Bass,https://www.sherdog.com/fighter/Stephen-Bass-28788,2026-08-18T23:38:15.195560+00:00,"Nov 14, 1982",1982-11-14,United States,"5'9"" / 175.26 cm",175.26,145 lbs / 65.77 kg,65.77,Mad House Gym,full/57f0b7347c8383f8c312219d043f4866219b8d82.jpg,200,300,12.8
83505,Jumabieke Tuerxun,https://www.sherdog.com/fighter/Jumabieke-Tuerxun-83505,2026-08-18T23:38:15.198274+00:00,"Apr 17, 1986",1986-04-17,China,"5'7"" / 170.18 cm",170.18,135 lbs / 61.23 kg,61.23,Xian Sports University,full/c8f31eb909a03468fc25cceaf78b0119253ee377.jpg,200,300,14.9
63070,Yuta Sasaki,https://www.sherdog.com/fighter/Yuta-Sasaki-63070,2026-08-18T23:38:15.201684+00:00,"Oct 7, 1989",1989-10-07,Japan,"5'10"" / 177.8 cm",177.8,145 lbs / 65.77 kg,65.77,Serra-Longo Fight Team,full/3913f24477699517ff63553e4dfb20d36619ca4f.jpg,200,300,12.1
97337,Taylor Lapilus,https://www.sherdog.com/fighter/Taylor-Lapilus-97337,2026-08-18T23:38:15.205787+00:00,"Apr 8, 1992",1992-04-08,France,"5'6"" / 167.64 cm",167.64,135 lbs / 61.23 kg,61.23,MMA Factory,full/60a37ca6f8492be26c2eace31b11753efb814c3f.jpg,200,300,11.1
17406,Matt Jaggers,https://www.sherdog.com/fighter/Matt-Jaggers-17406,2026-08-18T23:38:15.209572+00:00,"Mar 27, 1985",1985-03-27,United States,"5'9"" / 175.26 cm",175.26,139 lbs / 63.05 kg,63.05,Team Wolfpack,full/151b7f35f5a44e5c498106a697efea966e1c27cf.jpg,200,300,11.8
37351,Roland Delorme,https://www.sherdog.com/fighter/Roland-Delorme-37351,2026-08-18T23:38:15.212443+00:00,"Dec 18, 1983",1983-12-18,Canada,"5'9"" / 175.26 cm",175.26,135 lbs / 61.23 kg,61.23,Winnipeg Academy of MMA,full/a464df8e3f19e982e6f680ceeeeb841d67fa4b49.jpg,200,300,17.9
39781,Dustin Pague,https://www.sherdog.com/fighter/Dustin-Pague-39781,2026-08-18T23:38:15.217804+00:00,"Aug 5, 1987",1987-08-05,United States,"5'9"" / 175.26 cm",175.26,152 lbs / 68.95 kg,68.95,Disciple MMA,full/dd4b9c7b6a1bbe557e58244acca2f66d75ef33c8.jpg,200,300,16.1
11660,John Dodson,https://www.sherdog.com/fighter/John-Dodson-11660,2026-08-18T23:38:15.221731+00:00,"Sep 26, 1984",1984-09-26,United States,"5'3"" / 160.02 cm",160.02,126 lbs / 57.15 kg,57.15,Jackson-Wink MMA,full/0807b70d4ceb39778152083d45fc1bcb729d4ee0.jpg,200,300,19.1
36403,Walel Watson,https://www.sherdog.com/fighter/Walel-Watson-36403,2026-08-18T23:38:15.227809+00:00,"Jul 16, 1984",1984-07-16,United States,"5'11"" / 180.34 cm",180.34,134 lbs / 60.78 kg,60.78,Team Bodyshop,full/fe4f671169d4e9ee7fa9b2d938ebe6b2ca1b11c6.jpg,200,300,18.3
6946,Vaughan Lee,https://www.sherdog.com/fighter/Vaughan-Lee-6946,2026-08-18T23:38:15.231686+00:00,"Oct 15, 1982",1982-10-15,England,"5'5"" / 165.1 cm",165.1,135 lbs / 61.23 kg,61.23,UTC Birmingham,full/36363f75cea973a5c6443737cf5ba7c34c0bc81c.jpg,200,300,14.6
34371,Issei Tamura,https://www.sherdog.com/fighter/Issei-Tamura-34371,2026-08-18T23:38:15.235403+00:00,"Mar 12, 1984",1984-03-12,Japan,"5'5"" / 165.1 cm",165.1,145 lbs / 65.77 kg,65.77,IJC,full/8bb827e9aa0ad1893003c392c6d085c62d60d4d5.jpg,200,300,17.5
9626,Mike Easton,https://www.sherdog.com/fighter/Mike-Easton-9626,2026-08-18T23:38:15.238346+00:00,"Jan 25, 1984",1984-01-25,United States,"5'6"" / 167.64 cm",167.64,135 lbs / 61.23 kg,61.23,Alliance MMA,full/68ad7a2717603c1acd43aea2141e6de824220a3d.jpg,200,300,18.0
17004,Joe Soto,https://www.sherdog.com/fighter/Joe-Soto-17004,2026-08-18T23:38:15.241762+00:00,"Mar 22, 1987",1987-03-22,United States,"5'6"" / 167.64 cm",167.64,135 lbs / 61.23 kg,61.23,Central Valley Combat Academy,full/06a7be7da9768fc9542672448825fc31a9d4433b.jpg,200,300,19.8
16689,Orville Smith,https://www.sherdog.com/fighter/Orville-Smith-16689,2026-08-18T23:40:00.669413+00:00,"Sep 16, 1980",1980-09-16,United States,"5'10"" / 177.8 cm",177.8,135 lbs / 61.23 kg,61.23,Indy Boxing & Grappling,full/06750042ca3546753bbb0eb81887e4093da8ed0e.jpg,200,300,11.3
41906,John Lineker,https://www.sherdog.com/fighter/John-Lineker-41906,2026-08-18T23:38:15.246500+00:00,"Jun 12, 1990",1990-06-12,Brazil,"5'3"" / 160.02 cm",160.02,145 lbs / 65.77 kg,65.77,OCS Jiu-Jitsu,full/9e6a373a01a3d311bec7ad0c897ba3ce6dfd6400.jpg,200,300,19.6
71175,Azamat Gashimov,https://www.sherdog.com/fighter/Azamat-Gashimov-71175,2026-08-18T23:40:00.401243+00:00,"Apr 7, 1990",1990-04-07,Russia,"5'9"" / 175.26 cm",175.26,135 lbs / 61.23 kg,61.23,Jackson-Wink MMA,full/9d671f08690fe2dc7a986b712939dfd4d2c17251.jpg,200,300,15.5
37681,Jose Maria Tome,https://www.sherdog.com/fighter/Jose-Maria-Tome-37681,2026-08-18T23:40:00.429227+00:00,"Jan 4, 1982",1982-01-04,Brazil,"5'4"" / 162.56 cm",162.56,135 lbs / 61.23 kg,61.23,Team Nogueira,full/8fdec51db9f38624914736afe9b8c1539c6537c4.jpg,200,300,13.0
8753,Phil Harris,https://www.sherdog.com/fighter/Phil-Harris-8753,2026-08-18T23:40:00.438082+00:00,"Apr 9, 1983",1983-04-09,England,"5'5"" / 165.1 cm",165.1,125 lbs / 56.7 kg,56.7,Gym01,full/719a158bbd421b92d5a446bb936c5aab7c94800d.jpg,200,300,14.4
73826,Alptekin Ozkilic,https://www.sherdog.com/fighter/Alptekin-Ozkilic-73826,2026-08-18T23:40:00.443780+00:00,"Mar 27, 1986",1986-03-27,United States,"5'5"" / 165.1 cm",165.1,125 lbs / 56.7 kg,56.7,Bellmore Kickboxing Academy,full/d7d6dfd4c2ea70312a647e9a1b0c15b49ea0b174.jpg,200,300,16.9
16984,Tiequan Zhang,https://www.sherdog.com/fighter/Tiequan-Zhang-16984,2026-08-18T23:40:00.446946+00:00,"Jul 25, 1978",1978-07-25,China,"5'9"" / 175.26 cm",175.26,145 lbs / 65.77 kg,65.77,China Top Team,full/8d5fcb92e5a29d59a0b654d3d6db37967a10c629.jpg,200,300,12.1
1354,Norifumi Yamamoto,https://www.sherdog.com/fighter/Norifumi-Yamamoto-1354,2026-08-18T23:40:00.452611+00:00,"Mar 15, 1977",1977-03-15,Japan,"5'4"" / 162.56 cm",162.56,135 lbs / 61.23 kg,61.23,Krazy Bee,full/b3f1608521ee0006a7019a137ba257e97626d0c8.jpg,200,300,17.4
19390,Motonobu Tezuka,https://www.sherdog.com/fighter/Motonobu-Tezuka-19390,2026-08-18T23:40:00.457606+00:00,"Aug 29, 1987",1987-08-29,Japan,"5'7"" / 170.18 cm",170.18,145 lbs / 65.77 kg,65.77,Secret Base Dominate,full/1444731ff9bd033f64b687b04032377503570de0.jpg,200,300,11.1
63897,Joseph Sandoval,https://www.sherdog.com/fighter/Joseph-Sandoval-63897,2026-08-18T23:40:00.462166+00:00,"May 11, 1986",1986-05-11,United States,"5'6"" / 167.64 cm",167.64,135 lbs / 61.23 kg,61.23,Bighead MMA,full/59b6ff2cc626846f3707b1ebd8ee7b3bda4fbb95.jpg,200,300,17.9
23546,Brandon Merkt,https://www.sherdog.com/fighter/Brandon-Merkt-23546,2026-08-18T23:40:00.465067+00:00,"Jun 24, 1984",1984-06-24,United States,"5'6"" / 167.64 cm",167.64,130 lbs / 58.97 kg,58.97,Team Adrenaline,full/075702487fe49f98106a748936a370ac785e8722.jpg,200,300,12.8
34214,Darrell Montague,https://www.sherdog.com/fighter/Darrell-Montague-34214,2026-08-18T23:40:00.467750+00:00,"Nov 3, 1987",1987-11-03,United States,"5'6"" / 167.64 cm",167.64,125 lbs / 56.7 kg,56.7,Millennia MMA,full/8e03e2d71c84a3ed7d8b16df34cfdad3d9c89488.jpg,200,300,8.9
45607,Tateki Matsuda,https://www.sherdog.com/fighter/Tateki-Matsuda-45607,2026-08-18T23:40:00.470843+00:00,"Feb 27, 1986",1986-02-27,Japan,"5'7"" / 170.18 cm",170.18,125 lbs / 56.7 kg,56.7,Team Sityodtong,full/41e5f0ee8157188abe6bea6ea00774c1ebeb5491.jpg,200,300,15.1
33531,Jared Papazian,https://www.sherdog.com/fighter/Jared-Papazian-33531,2026-08-18T23:40:00.477279+00:00,"Feb 1, 1988",1988-02-01,United States,"5'8"" / 172.72 cm",172.72,135 lbs / 61.23 kg,61.23,Team Hayastan,full/818758af7ada9f882fe0c183b745aa4ca7a8e5ff.jpg,200,300,20.9
42850,Chico Camus,https://www.sherdog.com/fighter/Chico-Camus-42850,2026-08-18T23:40:00.481072+00:00,"Jan 26, 1985",1985-01-26,United States,"5'6"" / 167.64 cm",167.64,135 lbs / 61.23 kg,61.23,Roufusport,full/04e6e3a1e4e88a2428c766ddc390873b9b69fc87.jpg,200,300,15.8
64413,Kyoji Horiguchi,https://www.sherdog.com/fighter/Kyoji-Horiguchi-64413,2026-08-18T23:40:00.485756+00:00,"Oct 12, 1990",1990-10-12,Japan,"5'5"" / 165.1 cm",165.1,126 lbs / 57.15 kg,57.15,American Top Team,full/26f88f655ddfb282289478865efd6eab562a4f55.jpg,200,300,11.2
31949,B.J. Ferguson,https://www.sherdog.com/fighter/BJ-Ferguson-31949,2026-08-18T23:40:00.491213+00:00,"May 28, 1981",1981-05-28,United States,"5'8"" / 172.72 cm",172.72,140 lbs / 63.5 kg,63.5,All American MMA,full/8754b200b0cfc2cd195c808d7db87dfed3b81b38.jpg,200,300,14.0
19128,Nick Denis,https://www.sherdog.com/fighter/Nick-Denis-19128,2026-08-18T23:40:00.493870+00:00,"Oct 11, 1983",1983-10-11,Canada,"5'6"" / 167.64 cm",167.64,135 lbs / 61.23 kg,61.23,Ronin MMA,full/86003958a45329fc43eb73a178773e83d470bac7.jpg,200,300,11.0
71942,Michinori Tanaka,https://www.sherdog.com/fighter/Michinori-Tanaka-71942,2026-08-18T23:40:00.613497+00:00,"Oct 4, 1990",1990-10-04,Japan,"5'5"" / 165.1 cm",165.1,135 lbs / 61.23 kg,61.23,Team Alpha Male Japan,full/74a16437ee43b94b1cca28b354e009699f0800fe.jpg,200,300,13.1
84854,Rocky Lee,https://www.sherdog.com/fighter/Rocky-Lee-84854,2026-08-18T23:40:00.617594+00:00,"Apr 8, 1987",1987-04-08,Taiwan,"5'9"" / 175.26 cm",175.26,145 lbs / 65.77 kg,65.77,Bali MMA,full/6172eba5ba983b2d251c0758941383854da5ae8e.jpg,200,300,13.8
250567,Caolan Loughran,https://www.sherdog.com/fighter/Caolan-Loughran-250567,2026-08-18T23:40:00.620432+00:00,"May 18, 1996",1996-05-18,Ireland,"5'6"" / 167.64 cm",167.64,145 lbs / 65.77 kg,65.77,Team Kaobon,full/cbb16666db733abd5cb83dbf28a6f26a90867665.jpg,200,300,16.5
222641,Farid Basharat,https://www.sherdog.com/fighter/Farid-Basharat-222641,2026-08-18T23:40:00.624790+00:00,"Aug 2, 1997",1997-08-02,England,"5'6"" / 167.64 cm",167.64,135 lbs / 61.23 kg,61.23,American Top Team,full/8c5835513143ccf28e5d1da5f1ae9fa2eaf60103.jpg,200,300,20.0
86123,Jenel Lausa,https://www.sherdog.com/fighter/Jenel-Lausa-86123,2026-08-18T23:40:00.628707+00:00,"Aug 1, 1988",1988-08-01,Philippines,"5'5"" / 165.1 cm",165.1,125 lbs / 56.7 kg,56.7,Team Capanay,full/17e9c93b54e2a879c6a6f66443c3a9a98de64651.jpg,200,300,15.0
26732,Karsten Lenjoint,https://www.sherdog.com/fighter/Karsten-Lenjoint-26732,2026-08-18T23:40:00.634190+00:00,"Feb 19, 1981",1981-02-19,England,"5'9"" / 175.26 cm",175.26,145 lbs / 65.77 kg,65.77,Archer MMA,full/9a305962eda60c0858232cdd436e5d82322cac81.jpg,200,300,17.1
44417,Brendan Loughnane,https://www.sherdog.com/fighter/Brendan-Loughnane-44417,2026-08-18T23:40:00.636975+00:00,"Dec 5, 1989",1989-12-05,England,"5'10"" / 177.8 cm",177.8,146 lbs / 66.22 kg,66.22,All Powers Gym,full/b13cd006ae3110d45fa3672800fef9e4f3a932f6.jpg,200,300,12.9
123973,Bentley Syler,https://www.sherdog.com/fighter/Bentley-Syler-123973,2026-08-18T23:40:00.640478+00:00,"Dec 22, 1982",1982-12-22,Bolivia,"5'4"" / 162.56 cm",162.56,125 lbs / 56.7 kg,56.7,American Top Team,full/19d4b79f40fb604f0a6cc87e24098a3e62301966.jpg,200,300,14.7
40285,Marco Beltran,https://www.sherdog.com/fighter/Marco-Beltran-40285,2026-08-18T23:40:00.642934+00:00,"May 18, 1986",1986-05-18,Mexico,"5'8"" / 172.72 cm",172.72,125 lbs / 56.7 kg,56.7,Aranha Barcelona BJJ,full/2687b427e84555ec8ffde86659fbfb86b5f9834e.jpg,200,300,20.0
111777,Leonardo Morales,https://www.sherdog.com/fighter/Leonardo-Morales-111777,2026-08-18T23:40:00.647100+00:00,"Dec 22, 1992",1992-12-22,Nicaragua,"5'9"" / 175.26 cm",175.26,155 lbs / 70.31 kg,70.31,Gladiadores MMA,full/3aa8ef2b166dcce2cd85ed2a9d6a45d3521980cc.jpg,200,300,14.5
64975,Joey Gomez,https://www.sherdog.com/fighter/Joey-Gomez-64975,2026-08-18T23:40:00.651155+00:00,"Jul 21, 1986",1986-07-21,United States,"5'10"" / 177.8 cm",177.8,135 lbs / 61.23 kg,61.23,Team Quest,full/eecdee9d6836c3188081e61d01eff3e1e6dddecb.jpg,200,300,14.8
177353,Carlos Huachin,https://www.sherdog.com/fighter/Carlos-Huachin-177353,2026-08-18T23:40:00.654129+00:00,"Apr 6, 1996",1996-04-06,Peru,"5'5"" / 165.1 cm",165.1,125 lbs / 56.7 kg,56.7,El Templo,full/5f20c55dcee5203c813c448bbb18f146ca4ad7f8.jpg,200,300,17.3
172645,Alex Torres,https://www.sherdog.com/fighter/Alex-Torres-172645,2026-08-18T23:40:00.657026+00:00,"May 29, 1988",1988-05-29,Colombia,"5'10"" / 177.8 cm",177.8,145 lbs / 65.77 kg,65.77,Octagon MMA,full/0564e383865080df26c3360238f51dba2c7b4911.jpg,200,300,15.9
161099,Albert Morales,https://www.sherdog.com/fighter/Albert-Morales-161099,2026-08-18T23:40:00.659723+00:00,"May 25, 1991",1991-05-25,United States,"5'9"" / 175.26 cm",175.26,144 lbs / 65.32 kg,65.32,Systems Training Center,full/8c60e5eb32eb2b03c95c5c08b93402cbae9793bd.jpg,200,300,20.2
13539,Tyler Toner,https://www.sherdog.com/fighter/Tyler-Toner-13539,2026-08-18T23:40:00.663539+00:00,"Mar 31, 1983",1983-03-31,United States,"5'9"" / 175.26 cm",175.26,145 lbs / 65.77 kg,65.77,Elevation Fight Team,full/c87ffd51996cb524e9ec0112c0ecc5850a6877e2.jpg,200,300,14.6
11486,Donny Walker,https://www.sherdog.com/fighter/Donny-Walker-11486,2026-08-18T23:40:00.666487+00:00,"Jan 4, 1980",1980-01-04,United States,"5'9"" / 175.26 cm",175.26,145 lbs / 65.77 kg,65.77,GriffonRawl Thaiboxing & MMA Academy,full/daa8b2c05d421a5bdfdb53855f862ec9a76920d8.jpg,200,300,17.7
362871,Austin Bashi,https://www.sherdog.com/fighter/Austin-Bashi-362871,2026-08-18T23:40:00.672139+00:00,"Sep 29, 2001",2001-09-29,United States,"5'6"" / 167.64 cm",167.64,145 lbs / 65.77 kg,65.77,Warrior Way Martial Arts,full/bf9b2a0c1234d97bd9b7d2d3f2ef2611b005cfb9.jpg,200,300,12.8
65930,Jamie Siraj,https://www.sherdog.com/fighter/Jamie-Siraj-65930,2026-08-18T23:40:00.675265+00:00,"Jun 28, 1994",1994-06-28,Canada,"5'7"" / 170.18 cm",170.18,136 lbs / 61.69 kg,61.69,Pinnacle Combat Martial Arts Academy,full/9c7af2de9eaaec66471e828fa0973e50637b8e95.jpg,200,300,10.4
300179,Rana Rudra Pratap Singh,https://www.sherdog.com/fighter/Rana-Rudra-Pratap-Singh-300179,2026-08-18T23:40:00.679458+00:00,"May 9, 1997",1997-05-09,India,"5'10"" / 177.8 cm",177.8,155 lbs / 70.31 kg,70.31,Yogya MMA,full/49a80a729936ebabd617af77238321dc5bf814dc.jpg,200,300,9.2
382380,Zhawupasi Daermisi,https://www.sherdog.com/fighter/Zhawupasi-Daermisi-382380,2026-08-18T23:40:00.682109+00:00,"Mar 13, 2000",2000-03-13,China,"5'8"" / 172.72 cm",172.72,141 lbs / 63.96 kg,63.96,Black Tiger Fight Club,full/6abc502637e4ffb477582d60a33c21d088872c23.jpg,200,300,12.5
90675,Angel Pacheco,https://www.sherdog.com/fighter/Angel-Pacheco-90675,2026-08-18T23:40:00.687725+00:00,"Jan 13, 1992",1992-01-13,United States,"5'8"" / 172.72 cm",172.72,135 lbs / 61.23 kg,61.23,Start BJJ,full/300bfea3e7a2b6ed4592a48123d68a5086392e6a.jpg,200,300,17.8
176663,Shuya Kamikubo,https://www.sherdog.com/fighter/Shuya-Kamikubo-176663,2026-08-18T23:40:00.690446+00:00,"Apr 12, 1993",1993-04-12,Japan,"5'5"" / 165.1 cm",165.1,135 lbs / 61.23 kg,61.23,Tri.H Studio,full/541823c9da9d54dadd3ae5f2c54b701f1f104a5f.jpg,200,300,13.9
179453,Su Young You,https://www.sherdog.com/fighter/Su-Young-You-179453,2026-08-18T23:40:00.693576+00:00,"Dec 11, 1995",1995-12-11,South Korea,"5'6"" / 167.64 cm",167.64,136 lbs / 61.69 kg,61.69,Bon Jiu Jitsu,full/da5b11070a120635489d353071583216bc5f707a.jpg,200,300,18.5
156707,Bogdan Grad,https://www.sherdog.com/fighter/Bogdan-Grad-156707,2026-08-18T23:40:00.696973+00:00,"Sep 18, 1995",1995-09-18,Austria,"5'8"" / 172.72 cm",172.72,145 lbs / 65.77 kg,65.77,ETTL Bros. MMA,full/8634bc70ac5d1537e126aed0d21ca9793025a713.jpg,200,300,13.2
117585,Kai Kamaka III,https://www.sherdog.com/fighter/Kai-Kamaka-III-117585,2026-08-18T23:40:00.700699+00:00,"Jan 5, 1995",1995-01-05,United States,"5'7"" / 170.18 cm",170.18,145 lbs / 65.77 kg,65.77,Xtreme Couture,full/af2fc9af72daa59bcf576609dfeff63732074c31.jpg,200,300,11.1
316223,Timothy Cuamba,https://www.sherdog.com/fighter/Timothy-Cuamba-316223,2026-08-18T23:40:00.704404+00:00,"Feb 8, 1999",1999-02-08,United States,"5'8"" / 172.72 cm",172.72,135 lbs / 61.23 kg,61.23,Xtreme Couture,full/840c97ff901db09e4eeb8fcd24c20a2c915a5a10.jpg,200,300,14.2
74346,Chris Duncan,https://www.sherdog.com/fighter/Chris-Duncan-74346,2026-08-18T23:40:00.707470+00:00,"May 10, 1993",1993-05-10,Scotland,"6'0"" / 182.88 cm",182.88,155 lbs / 70.31 kg,70.31,American Top Team,full/d1c3b1252e21a9b7f25384703e01ce90b0e95f87.jpg,200,300,15.4
319559,Manoel Sousa,https://www.sherdog.com/fighter/Manoel-Sousa-319559,2026-08-18T23:40:00.711087+00:00,"Jun 4, 1997",1997-06-04,Brazil,"5'9"" / 175.26 cm",175.26,156 lbs / 70.76 kg,70.76,Academia Octogono,full/0cf672850ff685bb26bae894f5ecd9d193c191ad.jpg,200,300,16.7
1349,Yasuhiro Urushitani,https://www.sherdog.com/fighter/Yasuhiro-Urushitani-1349,2026-08-18T23:40:00.713801+00:00,"Sep 8, 1976",1976-09-08,Japan,"5'5"" / 165.1 cm",165.1,125 lbs / 56.7 kg,56.7,Tribe Tokyo MMA,full/67a1d1c28437ff7059db19c98b7ee89e66321163.jpg,200,300,15.9
5001,Ian McCall,https://www.sherdog.com/fighter/Ian-McCall-5001,2026-08-18T23:40:00.717100+00:00,"Jul 5, 1984",1984-07-05,United States,"5'5"" / 165.1 cm",165.1,125 lbs / 56.7 kg,56.7,Team Oyama,full/7d00dc71d0cb63525cce1a8cf0fcdb6d733f3cbe.jpg,200,300,10.6
4679,Darren Uyenoyama,https://www.sherdog.com/fighter/Darren-Uyenoyama-4679,2026-08-18T23:40:00.720992+00:00,"Oct 15, 1979",1979-10-15,United States,"5'6"" / 167.64 cm",167.64,125 lbs / 56.7 kg,56.7,Faito Tamashii Combat Club,full/f5eba6be0d1111d73cd5269aac5e78000e7ce3ca.jpg,200,300,19.0
81198,Ali Bagautinov,https://www.sherdog.com/fighter/Ali-Bagautinov-81198,2026-08-18T23:40:00.724210+00:00,"Jun 12, 1985",1985-06-12,Russia,"5'4"" / 162.56 cm",162.56,125 lbs / 56.7 kg,56.7,Fight Club Krepost,full/af8cfaa7021d4666543eff238fb0b8c1c6cb2f21.jpg,200,300,12.9
122383,Zhikui Yao,https://www.sherdog.com/fighter/Zhikui-Yao-122383,2026-08-18T23:41:37.517661+00:00,"Feb 7, 1991",1991-02-07,China,"5'7"" / 170.18 cm",170.18,125 lbs / 56.7 kg,56.7,,full/06750042ca3546753bbb0eb81887e4093da8ed0e.jpg,200,300,11.3
50239,Joby Sanchez,https://www.sherdog.com/fighter/Joby-Sanchez-50239,2026-08-18T23:40:00.731749+00:00,"Jun 24, 1991",1991-06-24,United States,"5'6"" / 167.64 cm",167.64,135 lbs / 61.23 kg,61.23,Jackson-Wink MMA,full/362435a64433c8ca465c3d9f072bfe74b43389bd.jpg,200,300,13.6
83282,Roberto Sanchez,https://www.sherdog.com/fighter/Roberto-Sanchez-83282,2026-08-18T23:41:37.436218+00:00,"Mar 5, 1986",1986-03-05,United States,"5'6"" / 167.64 cm",167.64,125 lbs / 56.7 kg,56.7,Gracie Barra Texas,full/c604ca0a0fd256714de53bd480202dd8ae468be2.jpg,200,300,18.9
151745,Mark De La Rosa,https://www.sherdog.com/fighter/Mark-De-La-Rosa-151745,2026-08-18T23:41:37.447312+00:00,"Aug 31, 1994",1994-08-31,United States,"5'6"" / 167.64 cm",167.64,135 lbs / 61.23 kg,61.23,Factory X,full/80e6ee360251ebc65ef6470d12c156c440eea361.jpg,200,300,14.1
79290,Geane Herrera,https://www.sherdog.com/fighter/Geane-Herrera-79290,2026-08-18T23:41:37.452208+00:00,"May 27, 1990",1990-05-27,United States,"5'5"" / 165.1 cm",165.1,125 lbs / 56.7 kg,56.7,Banks MMA,full/de3c4aa852b9e576a6f5fe7c1a5addb1c57866e8.jpg,200,300,12.9
280549,Richie Miranda,https://www.sherdog.com/fighter/Richie-Miranda-280549,2026-08-18T23:41:37.455164+00:00,"Aug 12, 1994",1994-08-12,United States,"5'9"" / 175.26 cm",175.26,156 lbs / 70.76 kg,70.76,CSW Training Center,full/83f74b6aaa75c92faf0a97818cb4e9e49cecb220.jpg,200,300,15.6
252115,Yanal Ashmouz,https://www.sherdog.com/fighter/Yanal-Ashmouz-252115,2026-08-18T23:41:37.457959+00:00,"Mar 31, 1995",1995-03-31,Israel,"5'9"" / 175.26 cm",175.26,155 lbs / 70.31 kg,70.31,K Dojo Warrior Tribe,full/26e2972c0c97e28b4c8011128ba662cc2b3a7855.jpg,200,300,10.6
236825,Jordan Vucenic,https://www.sherdog.com/fighter/Jordan-Vucenic-236825,2026-08-18T23:41:37.460755+00:00,"Mar 2, 1996",1996-03-02,England,"5'9"" / 175.26 cm",175.26,160 lbs / 72.57 kg,72.57,Blood Sweat and Tears,full/279cb0da27f8ba829f0a62a73bc3a889101d4004.jpg,200,300,17.8
306595,Roberto Romero,https://www.sherdog.com/fighter/Roberto-Romero-306595,2026-08-18T23:41:37.466372+00:00,"Jan 30, 2000",2000-01-30,Mexico,"5'7"" / 170.18 cm",170.18,145 lbs / 65.77 kg,65.77,Team Oyama,full/1093dc6df42654cc059721688b76a40a716cf003.jpg,200,300,8.5
226661,Bernardo Sopai,https://www.sherdog.com/fighter/Bernardo-Sopai-226661,2026-08-18T23:41:37.469213+00:00,"Sep 25, 2000",2000-09-25,Albania,"5'6"" / 167.64 cm",167.64,135 lbs / 61.23 kg,61.23,Allstars Training Center,full/578504ded468274223e112d130f14da2896d7d3f.jpg,200,300,10.4
293145,Dakota Hope,https://www.sherdog.com/fighter/Dakota-Hope-293145,2026-08-18T23:41:37.472727+00:00,"Jan 29, 1997",1997-01-29,United States,"5'6"" / 167.64 cm",167.64,155 lbs / 70.31 kg,70.31,4oz. Fight Club,full/c3aca6cad3d79d3f0f486e726f39d9827ceddcc9.jpg,200,300,10.4
227745,Lucas Alexander,https://www.sherdog.com/fighter/Lucas-Alexander-227745,2026-08-18T23:41:37.475307+00:00,"Jul 28, 1995",1995-07-28,Brazil,"5'11"" / 180.34 cm",180.34,151 lbs / 68.49 kg,68.49,Fusion X-Cel Performance,full/0ec20afb2b794765a2bcb4e92b1dd07aa01100e4.jpg,200,300,19.1
228381,Muhammadjon Naimov,https://www.sherdog.com/fighter/Muhammadjon-Naimov-228381,2026-08-18T23:41:37.478254+00:00,"Aug 7, 1994",1994-08-07,Tajikistan,"5'9"" / 175.26 cm",175.26,146 lbs / 66.22 kg,66.22,Elevation Fight Team,full/75a9c1b0fbefcb85f461ebaea380704e93e21892.jpg,200,300,15.8
228033,A.J. Cunningham,https://www.sherdog.com/fighter/AJ-Cunningham-228033,2026-08-18T23:41:37.481818+00:00,"Sep 7, 1994",1994-09-07,United States,"5'10"" / 177.8 cm",177.8,135 lbs / 61.23 kg,61.23,Without Limits MMA,full/281b6e480da3f88da37e999018f1d80bda9e041d.jpg,200,300,12.9
385324,Elijah Smith,https://www.sherdog.com/fighter/Elijah-Smith-385324,2026-08-18T23:41:37.484587+00:00,"Sep 5, 2002",2002-09-05,United States,"5'9"" / 175.26 cm",175.26,135 lbs / 61.23 kg,61.23,Team Victory,full/660261c5c09b89ac817a00d55f9133274afde14c.jpg,200,300,12.3
284119,Jieleyisi Baergeng,https://www.sherdog.com/fighter/Jieleyisi-Baergeng-284119,2026-08-18T23:41:37.487383+00:00,"Nov 24, 1995",1995-11-24,China,"5'9"" / 175.26 cm",175.26,146 lbs / 66.22 kg,66.22,Wanshi Fight Gym,full/a673169220caccd6ba0037add9eeefe13486887e.jpg,200,300,9.9
302541,Eperaim Ginting,https://www.sherdog.com/fighter/Eperaim-Ginting-302541,2026-08-18T23:41:37.490833+00:00,"Nov 30, 1995",1995-11-30,Indonesia,"5'4"" / 162.56 cm",162.56,135 lbs / 61.23 kg,61.23,Bali MMA,full/76057d9cf7d66180df512451eb955322222879ab.jpg,200,300,10.6
398391,Ren Ozaki,https://www.sherdog.com/fighter/Ren-Ozaki-398391,2026-08-18T23:41:37.492826+00:00,"Dec 15, 2001",2001-12-15,Japan,"5'7"" / 170.18 cm",170.18,136 lbs / 61.69 kg,61.69,Reversal Gym Kuki Wings,full/8948475b4f874323a64bef3a223e17e7a895bc7d.jpg,200,300,13.5
307733,Jose Delgado,https://www.sherdog.com/fighter/Jose-Delgado-307733,2026-08-18T23:41:37.495759+00:00,"Apr 21, 1998",1998-04-21,United States,"5'11"" / 180.34 cm",180.34,145 lbs / 65.77 kg,65.77,MMA Lab,full/673fa9b49bfd993342e66bc4f545db36576cd9d2.jpg,200,300,18.1
122711,Benito Lopez,https://www.sherdog.com/fighter/Benito-Lopez-122711,2026-08-18T23:41:37.498930+00:00,"Apr 6, 1994",1994-04-06,United States,"5'10"" / 177.8 cm",177.8,139 lbs / 63.05 kg,63.05,Team Alpha Male,full/2d20f84851d47378e4c6cfe196a8ae4e1a02f3cb.jpg,200,300,10.2
112009,Manny Bermudez,https://www.sherdog.com/fighter/Manny-Bermudez-112009,2026-08-18T23:41:37.504918+00:00,"Jul 19, 1994",1994-07-19,United States,"5'6"" / 167.64 cm",167.64,145 lbs / 65.77 kg,65.77,South Shore Sportfighting,full/59855ebd7120a91aed7e3c3d5cec300504edca1b.jpg,200,300,9.7
40356,Masio Fullen,https://www.sherdog.com/fighter/Masio-Fullen-40356,2026-08-18T23:41:37.508003+00:00,"Oct 6, 1987",1987-10-06,Mexico,"5'10"" / 177.8 cm",177.8,145 lbs / 65.77 kg,65.77,Alliance MMA,full/d3376f215c990096f11d715ccd0e2db39e5a11d5.jpg,200,300,16.7
26389,Guangyou Ning,https://www.sherdog.com/fighter/Guangyou-Ning-26389,2026-08-18T23:41:37.511219+00:00,"Dec 15, 1981",1981-12-15,China,"5'5"" / 165.1 cm",165.1,145 lbs / 65.77 kg,65.77,Tiger Muay Thai,full/4739f3883bc6de0ada1c4294def994bea4d42836.jpg,200,300,10.4
52454,Reginaldo Vieira,https://www.sherdog.com/fighter/Reginaldo-Vieira-52454,2026-08-18T23:41:37.513863+00:00,"Nov 26, 1982",1982-11-26,Brazil,"5'6"" / 167.64 cm",167.64,135 lbs / 61.23 kg,61.23,Amazon School,full/77acb31b51c05a3bf2f5979e83719092f5165c2d.jpg,200,300,12.9
86414,Eric Shelton,https://www.sherdog.com/fighter/Eric-Shelton-86414,2026-08-18T23:41:37.520245+00:00,"Feb 2, 1991",1991-02-02,United States,"5'6"" / 167.64 cm",167.64,136 lbs / 61.69 kg,61.69,Take The Fight Academy,full/1305b0cc07a1edc7b551e8c36cd6d04ec1068580.jpg,200,300,14.4
123631,Victor Hugo,https://www.sherdog.com/fighter/Victor-Hugo-123631,2026-08-18T23:41:37.524375+00:00,"Nov 22, 1992",1992-11-22,Brazil,"5'7"" / 170.18 cm",170.18,151 lbs / 68.49 kg,68.49,Astra Fight Team,full/e10f2aed87b66bf6f6797bc9887e6f9ecdefba8b.jpg,200,300,18.3
263061,Jean Matsumoto,https://www.sherdog.com/fighter/Jean-Matsumoto-263061,2026-08-18T23:41:37.527607+00:00,"Sep 9, 1999",1999-09-09,Brazil,"5'6"" / 167.64 cm",167.64,135 lbs / 61.23 kg,61.23,Inside MMA,full/a65b335073e2b563ce84ef476d5c2fc221050e00.jpg,200,300,15.7
386901,John Garza,https://www.sherdog.com/fighter/John-Garza-386901,2026-08-18T23:41:37.530824+00:00,"Oct 30, 2002",2002-10-30,United States,"5'8"" / 172.72 cm",172.72,136 lbs / 61.69 kg,61.69,AzTex MMA,full/0d2d014f9a5fae1d4661fb990ca6be22707472ed.jpg,200,300,8.4
275293,Nathan Fletcher,https://www.sherdog.com/fighter/Nathan-Fletcher-275293,2026-08-18T23:41:37.533144+00:00,"Jan 3, 1998",1998-01-03,England,"5'8"" / 172.72 cm",172.72,135 lbs / 61.23 kg,61.23,Next Generation MMA Liverpool,full/da16cc33df2641cc474173eb792e98c7c805a7d7.jpg,200,300,12.2
58594,Jon delos Reyes,https://www.sherdog.com/fighter/Jon-delos-Reyes-58594,2026-08-18T23:41:37.535908+00:00,"Aug 19, 1987",1987-08-19,United States,"5'5"" / 165.1 cm",165.1,125 lbs / 56.7 kg,56.7,Countershot MMA,full/84d13b8104382e31413d996d55aadcc63ab27984.jpg,200,300,14.9
51225,Chris Holdsworth,https://www.sherdog.com/fighter/Chris-Holdsworth-51225,2026-08-18T23:41:37.538618+00:00,"Oct 24, 1987",1987-10-24,United States,"5'11"" / 180.34 cm",180.34,135 lbs / 61.23 kg,61.23,Team Alpha Male,full/4a69c746b3a3eabe5cf75020806c5f9a2bdf71a5.jpg,200,300,14.5
14062,Neil Seery,https://www.sherdog.com/fighter/Neil-Seery-14062,2026-08-18T23:41:37.541442+00:00,"Aug 30, 1979",1979-08-30,Ireland,"5'6"" / 167.64 cm",167.64,125 lbs / 56.7 kg,56.7,Team Ryano,full/17ccebd777a3bf2cb935cecbcf8ffe3a05f77158.jpg,200,300,13.1
20522,Zach Makovsky,https://www.sherdog.com/fighter/Zach-Makovsky-20522,2026-08-18T23:41:37.545063+00:00,"Apr 19, 1983",1983-04-19,United States,"5'4"" / 162.56 cm",162.56,125 lbs / 56.7 kg,56.7,Tristar Gym,full/9929afe93298d6535222481e4d632e4bd2433bcd.jpg,200,300,17.6
30396,Ulysses Gomez,https://www.sherdog.com/fighter/Ulysses-Gomez-30396,2026-08-18T23:41:37.548816+00:00,"May 25, 1983",1983-05-25,United States,"5'5"" / 165.1 cm",165.1,125 lbs / 56.7 kg,56.7,Marc Laimon's Cobra Kai,full/1af6fddfdbafd02b8a53d59ce25b81c2753ed9ea.jpg,200,300,12.6
58097,Dustin Ortiz,https://www.sherdog.com/fighter/Dustin-Ortiz-58097,2026-08-18T23:41:37.552554+00:00,"Dec 25, 1988",1988-12-25,United States,"5'5"" / 165.1 cm",165.1,125 lbs / 56.7 kg,56.7,Combat Sports Academy,full/f7e1d8b883f653321f87a3be8496ed8b1a8d3de0.jpg,200,300,20.0
40436,Willie Gates,https://www.sherdog.com/fighter/Willie-Gates-40436,2026-08-18T23:41:37.557104+00:00,"Jan 21, 1987",1987-01-21,United States,"5'8"" / 172.72 cm",172.72,135 lbs / 61.23 kg,61.23,Pinnacle MMA,full/cd65666d43757b231244734b39db05dfb0fb72c8.jpg,200,300,19.4
141553,Magomed Bibulatov,https://www.sherdog.com/fighter/Magomed-Bibulatov-141553,2026-08-18T23:41:37.560138+00:00,"Aug 22, 1988",1988-08-22,Russia,"5'5"" / 165.1 cm",165.1,135 lbs / 61.23 kg,61.23,Fight Club Akhmat,full/4426f2bcee938dc866dc3d48ff94354005ce31b2.jpg,200,300,11.5
23401,Wilson Reis,https://www.sherdog.com/fighter/Wilson-Reis-23401,2026-08-18T23:41:37.563085+00:00,"Jan 6, 1985",1985-01-06,Brazil,"5'4"" / 162.56 cm",162.56,145 lbs / 65.77 kg,65.77,Brazilian Jiu-Jitsu United,full/595a88cdab183e7736c2d0c7c309996b16c3a8d7.jpg,200,300,14.0
63616,Patrick Holohan,https://www.sherdog.com/fighter/Patrick-Holohan-63616,2026-08-18T23:41:37.568820+00:00,"May 3, 1988",1988-05-03,Ireland,"5'9"" / 175.26 cm",175.26,125 lbs / 56.7 kg,56.7,SBG Ireland,full/6c376b6c0a207134fc0884f64962e36b3e1182d7.jpg,200,300,12.7
84752,Ray Borg,https://www.sherdog.com/fighter/Ray-Borg-84752,2026-08-18T23:41:37.572949+00:00,"Aug 4, 1993",1993-08-04,United States,"5'4"" / 162.56 cm",162.56,135 lbs / 61.23 kg,61.23,Jackson's MMA Acoma,full/37ceb0796fb72751563c1894b40b6be3e5554cbe.jpg,200,300,12.5
53369,Christopher Mario Beal,https://www.sherdog.com/fighter/Christopher-Mario-Beal-53369,2026-08-18T23:41:37.577112+00:00,"Aug 6, 1985",1985-08-06,United States,"5'7"" / 170.18 cm",170.18,135 lbs / 61.23 kg,61.23,KnuckleHeadz Boxing,full/ad413fd0ddcf6a8faf47a05644f0850f57d557c4.jpg,200,300,16.8
39391,Iliarde Santos,https://www.sherdog.com/fighter/Iliarde-Santos-39391,2026-08-18T23:41:37.580446+00:00,"Sep 25, 1980",1980-09-25,Brazil,"5'3"" / 160.02 cm",160.02,135 lbs / 61.23 kg,61.23,American Top Team,full/806a24aadbad798ed511fc986e7f5cb57ce7aea4.jpg,200,300,9.5
16777,Danny Martinez,https://www.sherdog.com/fighter/Danny-Martinez-16777,2026-08-18T23:41:37.584235+00:00,"Jun 14, 1985",1985-06-14,United States,"5'5"" / 165.1 cm",165.1,125 lbs / 56.7 kg,56.7,Alliance MMA,full/f23d7494940f567a4bb61abb25885c4ce9db1e03.jpg,200,300,20.7
45452,Demetrious Johnson,https://www.sherdog.com/fighter/Demetrious-Johnson-45452,2026-08-18T23:41:37.587665+00:00,"Aug 13, 1986",1986-08-13,United States,"5'3"" / 160.02 cm",160.02,135 lbs / 61.23 kg,61.23,AMC Pankration,full/e5f52477ce94cb7f2c4469fe9202f3db67520c7f.jpg,200,300,14.4
66883,Josh Sampo,https://www.sherdog.com/fighter/Josh-Sampo-66883,2026-08-18T23:41:37.593007+00:00,"Jul 24, 1984",1984-07-24,United States,"5'4"" / 162.56 cm",162.56,125 lbs / 56.7 kg,56.7,Team Oyama,full/955ad18666d645a489805384a2be7271f6c7d21e.jpg,200,300,13.6
8183,Ben Nguyen,https://www.sherdog.com/fighter/Ben-Nguyen-8183,2026-08-18T23:41:37.597686+00:00,"Aug 3, 1988",1988-08-03,United States,"5'5"" / 165.1 cm",165.1,125 lbs / 56.7 kg,56.7,Integrated MMA,full/1a53a81520106d7232714d0acd8b87f6fabc5e1a.jpg,200,300,14.9
112413,Fredy Serrano,https://www.sherdog.com/fighter/Fredy-Serrano-112413,2026-08-18T23:41:37.601294+00:00,"Sep 22, 1979",1979-09-22,Colombia,"5'2"" / 157.48 cm",157.48,125 lbs / 56.7 kg,56.7,MMA Colombia,full/35369a603266851346736f76580fa8ce5f58a09a.jpg,200,300,14.4
144015,Ashkan Mokhtarian,https://www.sherdog.com/fighter/Ashkan-Mokhtarian-144015,2026-08-18T23:41:37.604002+00:00,"Sep 18, 1985",1985-09-18,Australia,"5'6"" / 167.64 cm",167.64,125 lbs / 56.7 kg,56.7,Australian Top Team,full/e8fc68e54c4e9bfd9c24b15ad8435a8a913a92c3.jpg,200,300,16.2
40956,Nick Pace,https://www.sherdog.com/fighter/Nick-Pace-40956,2026-08-18T23:41:37.606510+00:00,"Apr 17, 1987",1987-04-17,United States,"5'7"" / 170.18 cm",170.18,135 lbs / 61.23 kg,61.23,Team Tiger Schulmann,full/baf26709babe43b4e9099990d51364ab1a0bbf00.jpg,200,300,11.8
71120,Justin Scoggins,https://www.sherdog.com/fighter/Justin-Scoggins-71120,2026-08-18T23:41:37.609065+00:00,"May 2, 1992",1992-05-02,United States,"5'7"" / 170.18 cm",170.18,125 lbs / 56.7 kg,56.7,Revolution Mixed Martial Arts,full/9b7fced443e45cd1ba14eeed850fa7428bc622c0.jpg,200,300,12.7
47305,Carson Beebe,https://www.sherdog.com/fighter/Carson-Beebe-47305,2026-08-18T23:41:37.612834+00:00,"Jun 13, 1988",1988-06-13,United States,"5'7"" / 170.18 cm",170.18,135 lbs / 61.23 kg,61.23,Gilbert Grappling,full/b2c08510a6fedac74529bbf86e1d3b9e0f49587e.jpg,200,300,14.3
44045,Casey Dyer,https://www.sherdog.com/fighter/Casey-Dyer-44045,2026-08-18T23:43:23.983006+00:00,"Jul 29, 1989",1989-07-29,United States,"6'1"" / 185.42 cm",185.42,125 lbs / 56.7 kg,56.7,Area 52 MMA,full/06750042ca3546753bbb0eb81887e4093da8ed0e.jpg,200,300,11.3
20906,Shane Howell,https://www.sherdog.com/fighter/Shane-Howell-20906,2026-08-18T23:43:24.019124+00:00,"Nov 28, 1983",1983-11-28,United States,"5'8"" / 172.72 cm",172.72,125 lbs / 56.7 kg,56.7,R-1 MMA,full/06750042ca3546753bbb0eb81887e4093da8ed0e.jpg,200,300,11.3
26649,Josh Ferguson,https://www.sherdog.com/fighter/Josh-Ferguson-26649,2026-08-18T23:41:37.615500+00:00,"May 13, 1988",1988-05-13,United States,"5'5"" / 165.1 cm",165.1,125 lbs / 56.7 kg,56.7,All American MMA,full/6e97836474193549dfdddb27ecfbf944aabf4fd7.jpg,200,300,16.3
3006,Miguel Torres,https://www.sherdog.com/fighter/Miguel-Torres-3006,2026-08-18T23:43:23.998258+00:00,"Jan 18, 1981",1981-01-18,United States,"5'9"" / 175.26 cm",175.26,145 lbs / 65.77 kg,65.77,Tristar Gym,full/d96761291df8baf84bbdeffdcd147f4d876c5974.jpg,200,300,14.4
21798,Richie Vaculik,https://www.sherdog.com/fighter/Richie-Vaculik-21798,2026-08-18T23:43:24.002705+00:00,"Jun 19, 1983",1983-06-19,Australia,"5'6"" / 167.64 cm",167.64,125 lbs / 56.7 kg,56.7,TP Fight Team,full/33db74449537d48e45eacdd7ff72c956d80486ff.jpg,200,300,15.5
21446,Sirwan Kakai,https://www.sherdog.com/fighter/Sirwan-Kakai-21446,2026-08-18T23:43:24.005649+00:00,"Oct 3, 1989",1989-10-03,Sweden,"5'6"" / 167.64 cm",167.64,135 lbs / 61.23 kg,61.23,GBG MMA,full/6142e1c73a8d50bb08570654fc218f6fabac790b.jpg,200,300,17.2
69607,Patrick Williams,https://www.sherdog.com/fighter/Patrick-Williams-69607,2026-08-18T23:43:24.008493+00:00,"Sep 7, 1981",1981-09-07,United States,"5'8"" / 172.72 cm",172.72,135 lbs / 61.23 kg,61.23,Independent,full/405a53cfe27fc22fc5f1fe76a06e389e7af47b2d.jpg,200,300,14.5
128611,Gabriel Silva,https://www.sherdog.com/fighter/Gabriel-Silva-128611,2026-08-18T23:43:24.011756+00:00,"Aug 26, 1994",1994-08-26,Brazil,"5'6"" / 167.64 cm",167.64,145 lbs / 65.77 kg,65.77,Team Nogueira,full/761693d2a4d46736faed93ec9ff25e1cc2ed19ed.jpg,200,300,15.8
53662,Josh Hill,https://www.sherdog.com/fighter/Josh-Hill-53662,2026-08-18T23:43:24.015881+00:00,"Nov 24, 1986",1986-11-24,Canada,"5'6"" / 167.64 cm",167.64,136 lbs / 61.69 kg,61.69,Vision Quest MMA & Fitness,full/9f85986b7c62739f5df8369e8302ab8ec3ec6089.jpg,200,300,18.3
35409,Hector Sandoval,https://www.sherdog.com/fighter/Hector-Sandoval-35409,2026-08-18T23:43:24.022101+00:00,"Jul 19, 1986",1986-07-19,United States,"5'2"" / 157.48 cm",157.48,125 lbs / 56.7 kg,56.7,Team Alpha Male,full/0bbf99791561cdf3f365e82fd9d130cb10567e99.jpg,200,300,16.1
66520,Louis Fisette,https://www.sherdog.com/fighter/Louis-Fisette-66520,2026-08-18T23:43:24.025440+00:00,"Apr 2, 1990",1990-04-02,Canada,"5'7"" / 170.18 cm",170.18,135 lbs / 61.23 kg,61.23,Winnipeg Academy of MMA,full/7a762334d546dc40dd43b5b8176a5d72900cd2ba.jpg,200,300,12.6
66261,Mike Wootten,https://www.sherdog.com/fighter/Mike-Wootten-66261,2026-08-18T23:43:24.028263+00:00,"Jul 26, 1989",1989-07-26,England,"5'10"" / 177.8 cm",177.8,135 lbs / 61.23 kg,61.23,The MMA Academy Liverpool,full/85dbced83f7297b8662bd0987a22295b97056570.jpg,200,300,10.9
103497,Roldan Sangcha-an,https://www.sherdog.com/fighter/Roldan-Sangchaan-103497,2026-08-18T23:43:24.031342+00:00,"Dec 4, 1990",1990-12-04,Philippines,"5'4"" / 162.56 cm",162.56,125 lbs / 56.7 kg,56.7,Lakay MMA,full/a544a87c1454c10d4fd1e6a1a7e62e80d2c705eb.jpg,200,300,16.9
251447,Zygimantas Ramaska,https://www.sherdog.com/fighter/Zygimantas-Ramaska-251447,2026-08-18T23:43:24.033668+00:00,"Dec 27, 1996",1996-12-27,Lithuania,"5'11"" / 180.34 cm",180.34,145 lbs / 65.77 kg,65.77,Ukmerge Judo Club,full/e11543f402f4c5a64d4a1eca58eaa0365cb93a00.jpg,200,300,9.9
66518,Brad Katona,https://www.sherdog.com/fighter/Brad-Katona-66518,2026-08-18T23:43:24.036205+00:00,"Dec 19, 1991",1991-12-19,Canada,"5'6"" / 167.64 cm",167.64,135 lbs / 61.23 kg,61.23,SBG Ireland,full/c5938490345c83868a4e74bfa13c418f0a04bb7b.jpg,200,300,13.1
294895,Bekzat Almakhan,https://www.sherdog.com/fighter/Bekzat-Almakhan-294895,2026-08-18T23:43:24.040827+00:00,"Oct 8, 1997",1997-10-08,Kazakhstan,"5'7"" / 170.18 cm",170.18,135 lbs / 61.23 kg,61.23,Triumph Fights,full/cfe28022440c47da633af12da9eae482b9c1b5ee.jpg,200,300,8.7
150185,Pedro Falcao,https://www.sherdog.com/fighter/Pedro-Falcao-150185,2026-08-18T23:43:24.046755+00:00,"Jul 30, 1992",1992-07-30,Brazil,"5'6"" / 167.64 cm",167.64,135 lbs / 61.23 kg,61.23,Nova Uniao,full/86d9aef9e64c358cbe0e60e04433256e52d109f7.jpg,200,300,14.0
166839,Yoni Sherbatov,https://www.sherdog.com/fighter/Yoni-Sherbatov-166839,2026-08-18T23:43:24.049471+00:00,"May 24, 1988",1988-05-24,Canada,"5'2"" / 157.48 cm",157.48,125 lbs / 56.7 kg,56.7,Sherbatov MMA,full/9e7a6e4b468ef3731cb88a9548a99fe23b58f5a4.jpg,200,300,8.7
128351,Ronaldo Candido de Oliveira,https://www.sherdog.com/fighter/Ronaldo-Candido-de-Oliveira-128351,2026-08-18T23:43:24.051846+00:00,"Apr 24, 1989",1989-04-24,Brazil,"5'6"" / 167.64 cm",167.64,125 lbs / 56.7 kg,56.7,Nova Uniao,full/62d3969879653e13952c6790c32540a3f1e1d576.jpg,200,300,20.2
72084,Nolan Ticman,https://www.sherdog.com/fighter/Nolan-Ticman-72084,2026-08-18T23:43:24.054141+00:00,"May 17, 1988",1988-05-17,United States,"5'6"" / 167.64 cm",167.64,125 lbs / 56.7 kg,56.7,Kings MMA,full/aba735056abff108d513840fafbb91c72e03ce9e.jpg,200,300,11.5
114757,Peter Montibeller,https://www.sherdog.com/fighter/Peter-Montibeller-114757,2026-08-18T23:43:24.056461+00:00,"Dec 3, 1987",1987-12-03,Brazil,"5'7"" / 170.18 cm",170.18,135 lbs / 61.23 kg,61.23,Team Tavares,full/6b2f0b1956dd14909d291d4102b71669ba16b4ef.jpg,200,300,16.2
70757,Matheus Mattos,https://www.sherdog.com/fighter/Matheus-Mattos-70757,2026-08-18T23:43:24.058484+00:00,"Jun 6, 1992",1992-06-06,Brazil,"5'5"" / 165.1 cm",165.1,135 lbs / 61.23 kg,61.23,Amazon School,full/2481fbb4ea698258641e521fd8ac4c75bf2cc0dd.jpg,200,300,16.3
57480,Bruno Mesquita,https://www.sherdog.com/fighter/Bruno-Mesquita-57480,2026-08-18T23:43:24.061327+00:00,"Jun 28, 1991",1991-06-28,Brazil,"5'7"" / 170.18 cm",170.18,125 lbs / 56.7 kg,56.7,Tata Fight Team,full/46a5793112a33d9e25ea81be7ba7166f2068c728.jpg,200,300,13.6
29635,Dileno Lopes,https://www.sherdog.com/fighter/Dileno-Lopes-29635,2026-08-18T23:43:24.064315+00:00,"Sep 26, 1984",1984-09-26,Brazil,"5'5"" / 165.1 cm",165.1,135 lbs / 61.23 kg,61.23,Nova Uniao Manaus,full/0018ad607f63a71454620948af34f65c7a79c083.jpg,200,300,22.5
26365,Jianping Yang,https://www.sherdog.com/fighter/Jianping-Yang-26365,2026-08-18T23:43:24.068086+00:00,"Jan 7, 1986",1986-01-07,China,"5'8"" / 172.72 cm",172.72,140 lbs / 63.5 kg,63.5,Fight Emperor,full/22e7b1c4bf8963ff7730456d69056b496bdcef70.jpg,200,300,9.8
88793,Royston Wee,https://www.sherdog.com/fighter/Royston-Wee-88793,2026-08-18T23:43:24.071477+00:00,"Nov 15, 1986",1986-11-15,Singapore,"5'7"" / 170.18 cm",170.18,137 lbs / 62.14 kg,62.14,Impact MMA Singapore,full/f0099ca28c23bc933ac11273e65040f58b146d92.jpg,200,300,9.9
211031,Casey Kenney,https://www.sherdog.com/fighter/Casey-Kenney-211031,2026-08-18T23:43:24.073861+00:00,"Mar 20, 1991",1991-03-20,United States,"5'7"" / 170.18 cm",170.18,135 lbs / 61.23 kg,61.23,Rise Combat Sports,full/172ee106c15fa71c39ed3559ac931019550c617c.jpg,200,300,21.0
84660,Connor Matthews,https://www.sherdog.com/fighter/Connor-Matthews-84660,2026-08-18T23:43:24.077564+00:00,"May 31, 1992",1992-05-31,United States,"5'8"" / 172.72 cm",172.72,145 lbs / 65.77 kg,65.77,Lakeville MMA & Fitness,full/b2b7877c64c1f7f147b785b04a86aa93bafb6c39.jpg,200,300,10.9
326095,Yunfeng Li,https://www.sherdog.com/fighter/Yunfeng-Li-326095,2026-08-18T23:43:24.080375+00:00,"Mar 8, 1999",1999-03-08,China,"5'10"" / 177.8 cm",177.8,137 lbs / 62.14 kg,62.14,Enbo Fight Club,full/05a71c245ff59f9b5f5a06a9a735dfc9f2cdebd8.jpg,200,300,13.6
373060,Tokitaka Nakanishi,https://www.sherdog.com/fighter/Tokitaka-Nakanishi-373060,2026-08-18T23:43:24.082841+00:00,"Jul 28, 1996",1996-07-28,Japan,"5'6"" / 167.64 cm",167.64,154 lbs / 69.85 kg,69.85,Ishitsuna MMA Gym,full/a8f97d062d33c4e87bd8d8fd529a3e0fab4a0624.jpg,200,300,18.1
317671,Sebastian Szalay,https://www.sherdog.com/fighter/Sebastian-Szalay-317671,2026-08-18T23:43:24.085383+00:00,"Feb 3, 1994",1994-02-03,Australia,"5'7"" / 170.18 cm",170.18,145 lbs / 65.77 kg,65.77,Freestyle MMA,full/5d2235b14efea4243e4bf637878d8afe15075251.jpg,200,300,12.1
220027,Erik Silva,https://www.sherdog.com/fighter/Erik-Silva-220027,2026-08-18T23:43:24.089203+00:00,"Mar 16, 1987",1987-03-16,Venezuela,"5'10"" / 177.8 cm",177.8,145 lbs / 65.77 kg,65.77,Antonio Silva Martial Arts,full/06d390f548ce4a9699fabb36d12a606e34d8dd3c.jpg,200,300,14.4
205627,Felipe Lima,https://www.sherdog.com/fighter/Felipe-Lima-205627,2026-08-18T23:43:24.091815+00:00,"May 7, 1998",1998-05-07,Brazil,"5'6"" / 167.64 cm",167.64,135 lbs / 61.23 kg,61.23,Allstars Training Center,full/b661da4d60f1bb12282d048930955b7a064b82e5.jpg,200,300,13.8
189203,Kaan Ofli,https://www.sherdog.com/fighter/Kaan-Ofli-189203,2026-08-18T23:43:24.095922+00:00,"Jun 19, 1993",1993-06-19,Australia,"5'8"" / 172.72 cm",172.72,145 lbs / 65.77 kg,65.77,XFC Narre Warren,full/a741e8e53b4b2ecd9d9a0583bbeaf49225f8f483.jpg,200,300,12.0
297155,Mairon Santos,https://www.sherdog.com/fighter/Mairon-Santos-297155,2026-08-18T23:43:24.099850+00:00,"Jun 10, 2000",2000-06-10,Brazil,"5'9"" / 175.26 cm",175.26,148 lbs / 67.13 kg,67.13,Xtreme Couture,full/c5c055abae0b850854f06cd2b44269b1e685b135.jpg,200,300,14.8
139517,Vinicius Oliveira,https://www.sherdog.com/fighter/Vinicius-Oliveira-139517,2026-08-18T23:43:24.103014+00:00,"Nov 30, 1995",1995-11-30,Brazil,"5'9"" / 175.26 cm",175.26,135 lbs / 61.23 kg,61.23,Sombra Team,full/ce30037216036aa14564e64b3e712bc999ed726c.jpg,200,300,12.2
141735,Sam Patterson,https://www.sherdog.com/fighter/Sam-Patterson-141735,2026-08-18T23:43:24.106777+00:00,"Apr 30, 1996",1996-04-30,England,"6'4"" / 193.04 cm",193.04,170 lbs / 77.11 kg,77.11,Team Crossface,full/3fb6ee12ae78ec76eaf8261607eb92a49f0cbb18.jpg,200,300,12.3
280187,Trevor Peek,https://www.sherdog.com/fighter/Trevor-Peek-280187,2026-08-18T23:43:24.110477+00:00,"Jan 9, 1995",1995-01-09,United States,"5'9"" / 175.26 cm",175.26,155 lbs / 70.31 kg,70.31,Agoge Combatives,full/4872776f168eba958c4b91cd347a9b5c4a738b7a.jpg,200,300,10.5
300317,Quillan Salkilld,https://www.sherdog.com/fighter/Quillan-Salkilld-300317,2026-08-18T23:43:24.199812+00:00,"Dec 28, 1999",1999-12-28,Australia,"6'0"" / 182.88 cm",182.88,156 lbs / 70.76 kg,70.76,Luistro Combat Academy,full/a0974d1460a40dc17127fdc5b0818f1e7b21f5e8.jpg,200,300,14.0
71080,Elias Garcia,https://www.sherdog.com/fighter/Elias-Garcia-71080,2026-08-18T23:43:24.203472+00:00,"Sep 13, 1992",1992-09-13,United States,"5'5"" / 165.1 cm",165.1,126 lbs / 57.15 kg,57.15,Roufusport,full/5be71f7abd5dcb6254b9074fc0a01b717ffe8ec1.jpg,200,300,14.0
64942,Jordan Espinosa,https://www.sherdog.com/fighter/Jordan-Espinosa-64942,2026-08-18T23:43:24.206107+00:00,"Nov 8, 1989",1989-11-08,United States,"5'7"" / 170.18 cm",170.18,125 lbs / 56.7 kg,56.7,Luttrell-Yee MMA,full/4c8209a4a42f99648a12a2e42631dfa8b9c21502.jpg,200,300,11.9
123553,Joseph Morales,https://www.sherdog.com/fighter/Joseph-Morales-123553,2026-08-18T23:43:24.209596+00:00,"Aug 22, 1994",1994-08-22,United States,"5'6"" / 167.64 cm",167.64,125 lbs / 56.7 kg,56.7,Team Alpha Male,full/187a4896616538c0c94d49507d29823ba0ed766e.jpg,200,300,15.6
174665,Jarred Brooks,https://www.sherdog.com/fighter/Jarred-Brooks-174665,2026-08-18T23:43:24.212707+00:00,"May 2, 1993",1993-05-02,United States,"5'3"" / 160.02 cm",160.02,125 lbs / 56.7 kg,56.7,Mash Fight Team,full/6e5a09599cd4e4823fb4f60a003d0622c51c086b.jpg,200,300,15.9
45230,Louis Gaudinot,https://www.sherdog.com/fighter/Louis-Gaudinot-45230,2026-08-18T23:43:24.216028+00:00,"Aug 28, 1984",1984-08-28,United States,"5'3"" / 160.02 cm",160.02,125 lbs / 56.7 kg,56.7,Team Tiger Schulmann,full/ce47a4870e326f3e8ae5a0e3494b18c53743681c.jpg,200,300,19.2
51728,Marcos Vinicius Borges,https://www.sherdog.com/fighter/Marcos-Vinicius-Borges-51728,2026-08-18T23:43:24.219334+00:00,"Dec 5, 1979",1979-12-05,Brazil,"5'9"" / 175.26 cm",175.26,145 lbs / 65.77 kg,65.77,Team Bronx,full/ae7362f5162ef29a7807a09c2f5dc4b887b6d6e8.jpg,200,300,18.7
38903,Cody Gibson,https://www.sherdog.com/fighter/Cody-Gibson-38903,2026-08-18T23:43:24.222720+00:00,"Sep 11, 1987",1987-09-11,United States,"5'10"" / 177.8 cm",177.8,135 lbs / 61.23 kg,61.23,Elite Team,full/7cc3980525b525f06f330e9a5b84bf4ec4db5706.jpg,200,300,10.9
41247,Dustin Kimura,https://www.sherdog.com/fighter/Dustin-Kimura-41247,2026-08-18T23:43:24.227034+00:00,"May 21, 1989",1989-05-21,United States,"5'6"" / 167.64 cm",167.64,136 lbs / 61.69 kg,61.69,Gracie Technics,full/2bafb63d6b7d9139d9aa74a3eaec46e37cce597a.jpg,200,300,13.8
17717,Tim Gorman,https://www.sherdog.com/fighter/Tim-Gorman-17717,2026-08-18T23:43:24.230010+00:00,"Apr 29, 1983",1983-04-29,United States,"5'4"" / 162.56 cm",162.56,135 lbs / 61.23 kg,61.23,Des Moines MMA Academy,full/c0ab8ffe0d148a26493037192b298bb56492d017.jpg,200,300,10.0
24790,Roman Salazar,https://www.sherdog.com/fighter/Roman-Salazar-24790,2026-08-18T23:43:24.232698+00:00,"Feb 21, 1988",1988-02-21,United States,"5'7"" / 170.18 cm",170.18,135 lbs / 61.23 kg,61.23,Fight Ready,full/9a9b818d4ca96a60f3609464fc2e860522c73816.jpg,200,300,16.1
153345,Cole Smith,https://www.sherdog.com/fighter/Cole-Smith-153345,2026-08-18T23:43:24.235856+00:00,"Apr 5, 1989",1989-04-05,Canada,"5'11"" / 180.34 cm",180.34,135 lbs / 61.23 kg,61.23,Team Quest Thailand,full/a5054f13f72fe1af8db2221429061d6a65626158.jpg,200,300,12.6
22105,Josh Clopton,https://www.sherdog.com/fighter/Josh-Clopton-22105,2026-08-18T23:43:24.238522+00:00,"Jul 11, 1981",1981-07-11,United States,"5'7"" / 170.18 cm",170.18,145 lbs / 65.77 kg,65.77,Skrap Pack,full/698563f46690e226618f1ec7c5e18fb254126aa7.jpg,200,300,14.1
4025,Jorge Gurgel,https://www.sherdog.com/fighter/Jorge-Gurgel-4025,2026-08-18T23:43:24.241198+00:00,"Jan 25, 1977",1977-01-25,United States,"5'9"" / 175.26 cm",175.26,154 lbs / 69.85 kg,69.85,Team Jorge Gurgel,full/6ec683babded94df4531840c0ba5242bfe645abd.jpg,200,300,18.3
93863,Dave Galera,https://www.sherdog.com/fighter/Dave-Galera-93863,2026-08-18T23:45:28.610368+00:00,,,Philippines,"5'11"" / 180.34 cm",180.34,135 lbs / 61.23 kg,61.23,Lakay MMA,full/06750042ca3546753bbb0eb81887e4093da8ed0e.jpg,200,300,11.3
139887,Jaime Alvarez,https://www.sherdog.com/fighter/Jaime-Alvarez-139887,2026-08-18T23:45:28.627204+00:00,"Mar 8, 1988",1988-03-08,United States,"5'8"" / 172.72 cm",172.72,125 lbs / 56.7 kg,56.7,American Top Team,full/06750042ca3546753bbb0eb81887e4093da8ed0e.jpg,200,300,11.3
2825,Eddie Yagin,https://www.sherdog.com/fighter/Eddie-Yagin-2825,2026-08-18T23:43:24.244864+00:00,"Mar 23, 1979",1979-03-23,United States,"5'6"" / 167.64 cm",167.64,145 lbs / 65.77 kg,65.77,Kong Submission Academy,full/6034a3442fbe5ec6b44909072552f89445af9afd.jpg,200,300,12.0
549,Jason Von Flue,https://www.sherdog.com/fighter/Jason-Von-Flue-549,2026-08-18T23:45:28.530574+00:00,"Aug 1, 1975",1975-08-01,United States,"6'0"" / 182.88 cm",182.88,170 lbs / 77.11 kg,77.11,Team Live Wire,full/12a1d397c66c7d8a979621fa4cdae2d66c65e8d6.jpg,200,300,15.4
16696,Danny Abbadi,https://www.sherdog.com/fighter/Danny-Abbadi-16696,2026-08-18T23:45:28.535958+00:00,"Jul 3, 1983",1983-07-03,United States,"5'11"" / 180.34 cm",180.34,185 lbs / 83.91 kg,83.91,,full/38978b8f39dbca253ac689e1d26bfee5f4132158.jpg,200,300,12.4
7407,John Halverson,https://www.sherdog.com/fighter/John-Halverson-7407,2026-08-18T23:45:28.539116+00:00,"Sep 8, 1972",1972-09-08,United States,"5'9"" / 175.26 cm",175.26,155 lbs / 70.31 kg,70.31,,full/7acddb3e814a1696a025527e9deb79b6e48766bc.jpg,200,300,18.0
58271,Lee Sandmeier,https://www.sherdog.com/fighter/Lee-Sandmeier-58271,2026-08-18T23:45:28.542498+00:00,"Aug 30, 1982",1982-08-30,United States,"5'8"" / 172.72 cm",172.72,145 lbs / 65.77 kg,65.77,Knoxville Boxing Club,full/38ffaca1b61892c837bbee0e72e79b2d308406b2.jpg,200,300,12.9
212403,Abdul Hussein,https://www.sherdog.com/fighter/Abdul-Hussein-212403,2026-08-18T23:45:28.544772+00:00,"Aug 2, 1997",1997-08-02,Finland,"5'5"" / 165.1 cm",165.1,135 lbs / 61.23 kg,61.23,Espoon Kehahait,full/b4ebcbc6fe3c8a7435722bcbc64b238bfd61687c.jpg,200,300,12.6
22197,Wagner Campos,https://www.sherdog.com/fighter/Wagner-Campos-22197,2026-08-18T23:45:28.547844+00:00,"Jul 31, 1981",1981-07-31,Brazil,"5'6"" / 167.64 cm",167.64,145 lbs / 65.77 kg,65.77,Fight Only,full/0a7b343292ba506af0bff1898ec7894f986516c7.jpg,200,300,12.9
6923,Paul McVeigh,https://www.sherdog.com/fighter/Paul-McVeigh-6923,2026-08-18T23:45:28.551601+00:00,"Apr 15, 1982",1982-04-15,Northern Ireland,"5'8"" / 172.72 cm",172.72,135 lbs / 61.23 kg,61.23,Dinky Ninjas,full/6b063f9e8e470fd53f9fab49c1eead0a9b8f9b49.jpg,200,300,16.1
171605,Jose Torres,https://www.sherdog.com/fighter/Jose-Torres-171605,2026-08-18T23:45:28.558005+00:00,"Aug 2, 1992",1992-08-02,United States,"5'4"" / 162.56 cm",162.56,134 lbs / 60.78 kg,60.78,KHK MMA,full/d7c310d51411622c007f018da9ea783e9ec140c9.jpg,200,300,16.2
350069,Alibi Idiris,https://www.sherdog.com/fighter/Alibi-Idiris-350069,2026-08-18T23:45:28.561082+00:00,"Oct 22, 1994",1994-10-22,Kazakhstan,"5'6"" / 167.64 cm",167.64,125 lbs / 56.7 kg,56.7,Erkin Kush,full/67a8aa6be1d56df0ba6b66837e69b5338ee9b608.jpg,200,300,15.4
365299,Anshul Jubli,https://www.sherdog.com/fighter/Anshul-Jubli-365299,2026-08-18T23:45:28.563608+00:00,"Jan 13, 1995",1995-01-13,India,"6'0"" / 182.88 cm",182.88,156 lbs / 70.76 kg,70.76,Tiger Muay Thai,full/77bd5a814e6dc09730b1001ac5ebad1c0ab9f5cc.jpg,200,300,9.8
171651,Jose Mariscal,https://www.sherdog.com/fighter/Jose-Mariscal-171651,2026-08-18T23:45:28.566315+00:00,"Oct 27, 1992",1992-10-27,United States,"5'6"" / 167.64 cm",167.64,145 lbs / 65.77 kg,65.77,Elevation Fight Team,full/d637257799d6b6ad11cfaed89f3a054cfe0b8f31.jpg,200,300,14.4
104821,Mohammad Yahya,https://www.sherdog.com/fighter/Mohammad-Yahya-104821,2026-08-18T23:45:28.571208+00:00,"May 23, 1994",1994-05-23,United Arab Emirates,"5'9"" / 175.26 cm",175.26,145 lbs / 65.77 kg,65.77,TK MMA & Fitness,full/40a57dee7b78ed2d0cf6efdf2b50f76e10a7202b.jpg,200,300,12.0
61160,Kiefer Crosbie,https://www.sherdog.com/fighter/Kiefer-Crosbie-61160,2026-08-18T23:45:28.576621+00:00,"Apr 5, 1990",1990-04-05,Ireland,"6'0"" / 182.88 cm",182.88,171 lbs / 77.56 kg,77.56,SBG Ireland,full/4a7b393adb40cc739160b8ced693bad786338521.jpg,200,300,13.2
319103,Trey Waters,https://www.sherdog.com/fighter/Trey-Waters-319103,2026-08-18T23:45:28.579709+00:00,"Feb 21, 1995",1995-02-21,United States,"6'5"" / 195.58 cm",195.58,170 lbs / 77.11 kg,77.11,Ludus MMA,full/81336482a36e16ff70359d4522266c1add26475f.jpg,200,300,10.9
91937,Michael Page,https://www.sherdog.com/fighter/Michael-Page-91937,2026-08-18T23:45:28.582462+00:00,"Apr 7, 1987",1987-04-07,England,"6'3"" / 190.5 cm",190.5,185 lbs / 83.91 kg,83.91,London Shootfighters,full/51b9a6663403f47eb6e9d9959f4bce431c5301cd.jpg,200,300,14.2
182691,Javier Reyes,https://www.sherdog.com/fighter/Javier-Reyes-182691,2026-08-18T23:45:28.585960+00:00,"Oct 10, 1993",1993-10-10,Colombia,"5'10"" / 177.8 cm",177.8,146 lbs / 66.22 kg,66.22,Xtreme Couture,full/f98f8332b968ae1d532c997d98e80b871e161cea.jpg,200,300,10.4
296553,Payton Talbott,https://www.sherdog.com/fighter/Payton-Talbott-296553,2026-08-18T23:45:28.588997+00:00,"Sep 9, 1998",1998-09-09,United States,"5'10"" / 177.8 cm",177.8,135 lbs / 61.23 kg,61.23,Reno Academy of Combat,full/2e43f123c9e85ebba72b9fff982168f8f85e8f85.jpg,200,300,17.4
282887,Francis Marshall,https://www.sherdog.com/fighter/Francis-Marshall-282887,2026-08-18T23:45:28.592309+00:00,"Mar 9, 1999",1999-03-09,United States,"5'9"" / 175.26 cm",175.26,155 lbs / 70.31 kg,70.31,American Top Team,full/5ecd4145387f29b534e5bba1f22e7ac83775dbc9.jpg,200,300,14.9
321345,Chang Min Yoon,https://www.sherdog.com/fighter/Chang-Min-Yoon-321345,2026-08-18T23:45:28.595967+00:00,"May 10, 1994",1994-05-10,South Korea,"5'8"" / 172.72 cm",172.72,146 lbs / 66.22 kg,66.22,Havas MMA,full/62f5e01d182700e9f138036e655a94ff82b230da.jpg,200,300,8.0
403670,Keiichiro Nakamura,https://www.sherdog.com/fighter/Keiichiro-Nakamura-403670,2026-08-18T23:45:28.599304+00:00,"Dec 2, 1998",1998-12-02,Japan,"5'10"" / 177.8 cm",177.8,146 lbs / 66.22 kg,66.22,EXFIGHT,full/0b13478a6ae815d7ae930f5ac7064fe5e4df3363.jpg,200,300,10.1
171131,Kyu Sung Kim,https://www.sherdog.com/fighter/Kyu-Sung-Kim-171131,2026-08-18T23:45:28.602239+00:00,"Nov 5, 1992",1992-11-05,South Korea,"5'11"" / 180.34 cm",180.34,136 lbs / 61.69 kg,61.69,Jeonju First Gym,full/33ef310a3607d03d4a0a012d4640b6b501c35526.jpg,200,300,7.8
293141,Yadier Del Valle,https://www.sherdog.com/fighter/Yadier-Del-Valle-293141,2026-08-18T23:45:28.607530+00:00,"Jul 29, 1996",1996-07-29,Cuba,"5'9"" / 175.26 cm",175.26,146 lbs / 66.22 kg,66.22,Gracie Barra Westchase,full/23318bc1c2c6633d9d83e6a210a0fd5776c22ddc.jpg,200,300,10.8
88579,Renato Monaco Tosato,https://www.sherdog.com/fighter/Renato-Monaco-Tosato-88579,2026-08-18T23:45:28.612441+00:00,"May 1, 1992",1992-05-01,Brazil,"5'11"" / 180.34 cm",180.34,135 lbs / 61.23 kg,61.23,Parana Vale Tudo Londrina,full/71a93b4d50ea042825205b092e4c3dc2709124bf.jpg,200,300,10.4
118601,Bruno Silva,https://www.sherdog.com/fighter/Bruno-Silva-118601,2026-08-18T23:45:28.614996+00:00,"Mar 16, 1990",1990-03-16,Brazil,"5'4"" / 162.56 cm",162.56,125 lbs / 56.7 kg,56.7,American Top Team,full/cc9c6522ad6237ebea3aa18b293c1066e412b1e4.jpg,200,300,14.1
111559,Franklyn Souza Santos,https://www.sherdog.com/fighter/Franklyn-Souza-Santos-111559,2026-08-18T23:45:28.619617+00:00,"Sep 4, 1986",1986-09-04,Brazil,"5'7"" / 170.18 cm",170.18,135 lbs / 61.23 kg,61.23,Astra Fight Team,full/785574a7ea4706b5f7a87e0c17cf99b587471a2b.jpg,200,300,11.8
65185,Leandro Higo,https://www.sherdog.com/fighter/Leandro-Higo-65185,2026-08-18T23:45:28.621514+00:00,"Jan 19, 1989",1989-01-19,Brazil,"5'8"" / 172.72 cm",172.72,135 lbs / 61.23 kg,61.23,Pitbull Brothers,full/23e5513ac30728eb92d98bc4da0a6bba652f96fb.jpg,200,300,24.4
38528,Jose Marcos Lima Santiago Jr.,https://www.sherdog.com/fighter/Jose-Marcos-Lima-Santiago-Jr-38528,2026-08-18T23:45:28.624627+00:00,"Apr 19, 1988",1988-04-19,Brazil,"5'8"" / 172.72 cm",172.72,145 lbs / 65.77 kg,65.77,Dragon Fight,full/6af976c6c19fd2bb936d83109710b0393ef55d98.jpg,200,300,13.2
199421,Aleksandre Topuria,https://www.sherdog.com/fighter/Aleksandre-Topuria-199421,2026-08-18T23:45:28.629547+00:00,"Jan 28, 1996",1996-01-28,Georgia,"5'7"" / 170.18 cm",170.18,135 lbs / 61.23 kg,61.23,Topuria Team,full/5277004bb642a1af07e1cbecb6e66074c66a0b76.jpg,200,300,20.4
61607,Jay Cucciniello,https://www.sherdog.com/fighter/Jay-Cucciniello-61607,2026-08-18T23:45:28.631946+00:00,"Jul 23, 1986",1986-07-23,Ireland,"5'7"" / 170.18 cm",170.18,145 lbs / 65.77 kg,65.77,Lilius Barnatt Martial Arts,full/73fa9bd6c6edc9b88d4133714eae35132225acce.jpg,200,300,15.3
251727,Hunter Azure,https://www.sherdog.com/fighter/Hunter-Azure-251727,2026-08-18T23:45:28.635181+00:00,"Mar 2, 1992",1992-03-02,United States,"5'8"" / 172.72 cm",172.72,145 lbs / 65.77 kg,65.77,Fight Ready,full/729562a72810ff4a545f9cba845eb22d77d562d5.jpg,200,300,12.5
217941,Jesse Butler,https://www.sherdog.com/fighter/Jesse-Butler-217941,2026-08-18T23:45:28.638701+00:00,"May 24, 1992",1992-05-24,United States,"5'10"" / 177.8 cm",177.8,146 lbs / 66.22 kg,66.22,Fortis MMA,full/e8f6615916e38912e9f9fffb73eee599e53be785.jpg,200,300,18.4
94575,Emil Hartsner,https://www.sherdog.com/fighter/Emil-Hartsner-94575,2026-08-18T23:45:28.641914+00:00,"Dec 16, 1989",1989-12-16,Sweden,"6'0"" / 182.88 cm",182.88,135 lbs / 61.23 kg,61.23,Allstars Training Center,full/50cb8c1084204a01f38e03552e3d153612ba37c7.jpg,200,300,19.6
92239,Tom Duquesnoy,https://www.sherdog.com/fighter/Tom-Duquesnoy-92239,2026-08-18T23:45:28.644430+00:00,"Jun 21, 1993",1993-06-21,France,"5'7"" / 170.18 cm",170.18,135 lbs / 61.23 kg,61.23,Jackson-Wink MMA,full/edaaa3104405d45d059a8e1e494e696999f797d3.jpg,200,300,22.8
74975,Luke Sanders,https://www.sherdog.com/fighter/Luke-Sanders-74975,2026-08-18T23:45:28.647833+00:00,"Dec 12, 1985",1985-12-12,United States,"5'7"" / 170.18 cm",170.18,145 lbs / 65.77 kg,65.77,Nashville MMA,full/7c1c9dd8d60255544d2f884f5ec7cdc727561b81.jpg,200,300,20.0
2580,Antonio Banuelos,https://www.sherdog.com/fighter/Antonio-Banuelos-2580,2026-08-18T23:45:28.654046+00:00,"Sep 23, 1979",1979-09-23,United States,"5'3"" / 160.02 cm",160.02,125 lbs / 56.7 kg,56.7,The Pit,full/49ddc2c0005f5208bab864142f6e222c0af3e763.jpg,200,300,19.2
19789,Hacran Dias,https://www.sherdog.com/fighter/Hacran-Dias-19789,2026-08-18T23:45:28.658219+00:00,"May 16, 1984",1984-05-16,Brazil,"5'8"" / 172.72 cm",172.72,156 lbs / 70.76 kg,70.76,Nova Uniao,full/c084c81a967e4d68246241f1c0f33ce81689aa74.jpg,200,300,12.0
16459,Allen Berube,https://www.sherdog.com/fighter/Allen-Berube-16459,2026-08-18T23:45:28.666734+00:00,"Aug 25, 1974",1974-08-25,United States,"5'8"" / 172.72 cm",172.72,155 lbs / 70.31 kg,70.31,Gracie Tampa,full/03180823228d48f2f4641eeae76aa33a2d7cdb27.jpg,200,300,17.9
6132,Steve Magdaleno,https://www.sherdog.com/fighter/Steve-Magdaleno-6132,2026-08-18T23:45:28.670052+00:00,"Dec 20, 1981",1981-12-20,United States,"5'9"" / 175.26 cm",175.26,150 lbs / 68.04 kg,68.04,PKG,full/1e6b2f2ef6971530895bcea147656858d8f04639.jpg,200,300,15.1
125297,Henry Cejudo,https://www.sherdog.com/fighter/Henry-Cejudo-125297,2026-08-18T23:45:28.672896+00:00,"Feb 9, 1987",1987-02-09,United States,"5'4"" / 162.56 cm",162.56,135 lbs / 61.23 kg,61.23,Fight Ready,full/e1940f3f31d05dea9520c0f6a4a1f58e5b029775.jpg,200,300,15.1
12074,Takeya Mizugaki,https://www.sherdog.com/fighter/Takeya-Mizugaki-12074,2026-08-18T23:45:28.678445+00:00,"Dec 16, 1983",1983-12-16,Japan,"5'7"" / 170.18 cm",170.18,135 lbs / 61.23 kg,61.23,Hakkei Gym,full/350f9af7071d52b967809ace2831de64f307193a.jpg,200,300,18.7
16415,George Roop,https://www.sherdog.com/fighter/George-Roop-16415,2026-08-18T23:45:28.687653+00:00,"Nov 10, 1981",1981-11-10,United States,"6'1"" / 185.42 cm",185.42,135 lbs / 61.23 kg,61.23,Apex MMA,full/5da1ee0be3f140cef307094ef860619744a7b1d5.jpg,200,300,13.9
105013,Oliver Meza Paniagua,https://www.sherdog.com/fighter/Oliver-Meza-Paniagua-105013,2026-08-18T23:45:28.694163+00:00,"Oct 23, 1986",1986-10-23,Panama,"5'7"" / 170.18 cm",170.18,155 lbs / 70.31 kg,70.31,Fight Shape,full/877dd8b0e24db8aa9830ed86722c35cbba26fd80.jpg,200,300,11.6
22366,Daniel Salas,https://www.sherdog.com/fighter/Daniel-Salas-22366,2026-08-18T23:45:28.697524+00:00,"Jun 8, 1988",1988-06-08,Mexico,"5'8"" / 172.72 cm",172.72,157 lbs / 71.21 kg,71.21,Bonebreakers MMA,full/fe8932766658d3d466784ee4c3767203ad7ac401.jpg,200,300,15.2
123109,Antonio Trocoli,https://www.sherdog.com/fighter/Antonio-Trocoli-123109,2026-08-18T23:45:28.700932+00:00,"Dec 6, 1990",1990-12-06,Brazil,"6'5"" / 195.58 cm",195.58,186 lbs / 84.37 kg,84.37,LG System,full/6c77ee719d87bc6fc06fbb938b725db3fc8d8d99.jpg,200,300,9.1
336147,Danny Barlow,https://www.sherdog.com/fighter/Danny-Barlow-336147,2026-08-18T23:45:28.705035+00:00,"Aug 2, 1995",1995-08-02,United States,"6'2"" / 187.96 cm",187.96,185 lbs / 83.91 kg,83.91,Law School MMA,full/2252951d343a5f87ed6e85cb99e3e773f00e8570.jpg,200,300,15.3
410721,Farman Hasanov,https://www.sherdog.com/fighter/Farman-Hasanov-410721,2026-08-18T23:45:28.708366+00:00,"Aug 1, 1995",1995-08-01,Azerbaijan,"6'0"" / 182.88 cm",182.88,171 lbs / 77.56 kg,77.56,Renzo Gracie Academy,full/80aa714ff0ded1fb3a1bc57d6b2c2ec3e20250a3.jpg,200,300,15.2
379262,Torrez Finney,https://www.sherdog.com/fighter/Torrez-Finney-379262,2026-08-18T23:45:28.711382+00:00,"Oct 24, 1998",1998-10-24,United States,"5'7"" / 170.18 cm",170.18,185 lbs / 83.91 kg,83.91,Agoge Combatives,full/52185c822c69a731eecd15b3bddab9d25b385a6c.jpg,200,300,14.3
161413,Julien Leblanc,https://www.sherdog.com/fighter/Julien-Leblanc-161413,2026-08-18T23:45:28.714457+00:00,"Jan 21, 1992",1992-01-21,Canada,"6'2"" / 187.96 cm",187.96,185 lbs / 83.91 kg,83.91,Patenaude Martial Arts,full/8a874c3ad604eb74299119ef90979becb2cbbe21.jpg,200,300,11.8
44638,Juan Manuel Puig,https://www.sherdog.com/fighter/Juan-Manuel-Puig-44638,2026-08-18T23:45:28.717159+00:00,"Apr 23, 1989",1989-04-23,Mexico,"5'9"" / 175.26 cm",175.26,145 lbs / 65.77 kg,65.77,American Kickboxing Academy,full/f69fcce72525c5e64f91c79bcd14199d8e607f71.jpg,200,300,15.6
14266,James Giboo,https://www.sherdog.com/fighter/James-Giboo-14266,2026-08-18T23:47:23.312794+00:00,"Jun 1, 1978",1978-06-01,United States,"5'11"" / 180.34 cm",180.34,170 lbs / 77.11 kg,77.11,,full/06750042ca3546753bbb0eb81887e4093da8ed0e.jpg,200,300,11.3
29690,Tom Egan,https://www.sherdog.com/fighter/Tom-Egan-29690,2026-08-18T23:47:23.328843+00:00,,,Ireland,"5'11"" / 180.34 cm",180.34,181 lbs / 82.1 kg,82.1,SBG Ireland,full/06750042ca3546753bbb0eb81887e4093da8ed0e.jpg,200,300,11.3
44602,Leo Kuntz,https://www.sherdog.com/fighter/Leo-Kuntz-44602,2026-08-18T23:45:28.720299+00:00,"Oct 3, 1983",1983-10-03,United States,"5'10"" / 177.8 cm",177.8,155 lbs / 70.31 kg,70.31,Daru Strong Performance Center,full/813c4e7942a694780d6043eca29cb5a5e9d33afe.jpg,200,300,14.2
310159,Mantas Kondratavicius,https://www.sherdog.com/fighter/Mantas-Kondratavicius-310159,2026-08-18T23:47:23.196352+00:00,"Jul 17, 1999",1999-07-17,Lithuania,"6'2"" / 187.96 cm",187.96,185 lbs / 83.91 kg,83.91,Fighter House,full/027df3fafb8942c5fcffcddd463a5d106a5a92e4.jpg,200,300,14.2
3669,Roli Delgado,https://www.sherdog.com/fighter/Roli-Delgado-3669,2026-08-18T23:47:23.209066+00:00,"Nov 22, 1981",1981-11-22,United States,"6'3"" / 190.5 cm",190.5,145 lbs / 65.77 kg,65.77,Westside Fight Team,full/9a215f6c79c44b8685e1b11e2de4381d554526f0.jpg,200,300,16.7
9512,John Polakowski,https://www.sherdog.com/fighter/John-Polakowski-9512,2026-08-18T23:47:23.213760+00:00,"Jun 21, 1981",1981-06-21,United States,"5'9"" / 175.26 cm",175.26,155 lbs / 70.31 kg,70.31,The Pit,full/257fc0dcced95b767a9fab1525e01c0f2629ada4.jpg,200,300,17.7
11262,Shane Nelson,https://www.sherdog.com/fighter/Shane-Nelson-11262,2026-08-18T23:47:23.216358+00:00,"Nov 30, 1983",1983-11-30,United States,"5'9"" / 175.26 cm",175.26,145 lbs / 65.77 kg,65.77,BJ Penn's MMA,full/85b0456bff3525d4c32740f6deb5ba6a815c6f53.jpg,200,300,10.3
13848,David Kaplan,https://www.sherdog.com/fighter/David-Kaplan-13848,2026-08-18T23:47:23.220209+00:00,"Nov 16, 1979",1979-11-16,United States,"5'6"" / 167.64 cm",167.64,155 lbs / 70.31 kg,70.31,Team Tompkins,full/b7f3f8b7d3afb1ed24d01b3aaf83f1db1eaa31ce.jpg,200,300,21.8
5466,Hatsu Hioki,https://www.sherdog.com/fighter/Hatsu-Hioki-5466,2026-08-18T23:47:23.224644+00:00,"Jul 18, 1983",1983-07-18,Japan,"5'11"" / 180.34 cm",180.34,145 lbs / 65.77 kg,65.77,Alive,full/fe9497aebd97a1c0ff43e54d0d6a6fe29e07319b.jpg,200,300,15.1
2291,Cole Escovedo,https://www.sherdog.com/fighter/Cole-Escovedo-2291,2026-08-18T23:47:23.229410+00:00,"Aug 30, 1981",1981-08-30,United States,"5'7"" / 170.18 cm",170.18,135 lbs / 61.23 kg,61.23,Pacific Martial Arts,full/84bf2d33a3487821ccad12ee8b7422fa8894fad7.jpg,200,300,17.6
106755,Terrion Ware,https://www.sherdog.com/fighter/Terrion-Ware-106755,2026-08-18T23:47:23.232635+00:00,"Mar 31, 1986",1986-03-31,United States,"5'8"" / 172.72 cm",172.72,135 lbs / 61.23 kg,61.23,Fight Science,full/56c88b0aad180b84c3afa70ef955d2c29740e2e0.jpg,200,300,20.1
143121,Tyler Diamond,https://www.sherdog.com/fighter/Tyler-Diamond-143121,2026-08-18T23:47:23.236409+00:00,"Mar 18, 1991",1991-03-18,United States,"5'7"" / 170.18 cm",170.18,146 lbs / 66.22 kg,66.22,Team Alpha Male,full/f8c1746b41b4106d15c4a930716d6973023863de.jpg,200,300,10.4
285257,Colby Thicknesse,https://www.sherdog.com/fighter/Colby-Thicknesse-285257,2026-08-18T23:47:23.239364+00:00,"Jun 23, 1999",1999-06-23,Australia,"5'9"" / 175.26 cm",175.26,135 lbs / 61.23 kg,61.23,Freestyle Fighting Gym,full/8fed88d2f0bb5daad68b716a7f79deb56ae3cabb.jpg,200,300,16.3
104951,Maycon Silvan,https://www.sherdog.com/fighter/Maycon-Silvan-104951,2026-08-18T23:47:23.242270+00:00,"Jun 30, 1992",1992-06-30,Brazil,"5'6"" / 167.64 cm",167.64,136 lbs / 61.69 kg,61.69,Nova Uniao,full/e291cb369620124cf92c18af3fc505d6dffce7dd.jpg,200,300,15.3
93769,Gustavo Sedorio,https://www.sherdog.com/fighter/Gustavo-Sedorio-93769,2026-08-18T23:47:23.245725+00:00,"Oct 21, 1987",1987-10-21,Brazil,"5'4"" / 162.56 cm",162.56,125 lbs / 56.7 kg,56.7,Checkmat,full/6df46d3099c4150b103624abc58e56322c010798.jpg,200,300,8.6
177975,Victor Rodriguez,https://www.sherdog.com/fighter/Victor-Rodriguez-177975,2026-08-18T23:47:23.249550+00:00,"Sep 5, 1992",1992-09-05,United States,"5'5"" / 165.1 cm",165.1,125 lbs / 56.7 kg,56.7,AK-49 Martial Arts,full/cfcaf4b7b2ab0ea3b0b245ed3c95f58719b25ade.jpg,200,300,12.9
365973,Joshua Van,https://www.sherdog.com/fighter/Joshua-Van-365973,2026-08-18T23:47:23.251894+00:00,"Oct 10, 2001",2001-10-10,Myanmar,"5'5"" / 165.1 cm",165.1,125 lbs / 56.7 kg,56.7,4oz. Fight Club,full/7ee44775ef8b4ed3feeec1fd4aa361a3d69e17fa.jpg,200,300,18.8
244721,Edgar Chairez,https://www.sherdog.com/fighter/Edgar-Chairez-244721,2026-08-18T23:47:23.255919+00:00,"Jan 27, 1996",1996-01-27,Mexico,"5'7"" / 170.18 cm",170.18,125 lbs / 56.7 kg,56.7,Entram Gym,full/db146fd9e7c9d7169a8f792f232ca7083164d1d1.jpg,200,300,15.1
390120,Eo Jin Park,https://www.sherdog.com/fighter/Eo-Jin-Park-390120,2026-08-18T23:47:23.259411+00:00,"Dec 26, 2001",2001-12-26,South Korea,"6'0"" / 182.88 cm",182.88,146 lbs / 66.22 kg,66.22,Team Young,full/25f9f820de1589d38560a400b320d5cb52e08bcd.jpg,200,300,15.5
183217,Kaiwen Li,https://www.sherdog.com/fighter/Kaiwen-Li-183217,2026-08-18T23:47:23.261604+00:00,"Oct 16, 1995",1995-10-16,China,"5'9"" / 175.26 cm",175.26,145 lbs / 65.77 kg,65.77,Haosheng Fight Gym,full/effbcbc3c9d863fe8f150ce210b357c8ef137c70.jpg,200,300,15.9
167105,Jin Aoi,https://www.sherdog.com/fighter/Jin-Aoi-167105,2026-08-18T23:47:23.264807+00:00,"Jan 21, 1997",1997-01-21,Japan,"5'7"" / 170.18 cm",170.18,145 lbs / 65.77 kg,65.77,Shooto Gym Blows,full/1ec48a47d849bf6e862bde6069a15b2c6ff841e5.jpg,200,300,14.0
374778,Isaac Dulgarian,https://www.sherdog.com/fighter/Isaac-Dulgarian-374778,2026-08-18T23:47:23.267702+00:00,"Jul 4, 1996",1996-07-04,United States,"5'7"" / 170.18 cm",170.18,145 lbs / 65.77 kg,65.77,Factory X,full/7b629cb004e116c46b4206793eba89a13e84ec19.jpg,200,300,20.4
271789,Lucas Brennan,https://www.sherdog.com/fighter/Lucas-Brennan-271789,2026-08-18T23:47:23.270374+00:00,"Jun 3, 2000",2000-06-03,United States,"5'11"" / 180.34 cm",180.34,155 lbs / 70.31 kg,70.31,Next Generation MMA Frisco,full/2463c23550757aff47fc1cc43a03ef82a30ab73d.jpg,200,300,11.5
297869,Nick Aguirre,https://www.sherdog.com/fighter/Nick-Aguirre-297869,2026-08-18T23:47:23.272832+00:00,"Jan 15, 1996",1996-01-15,United States,"5'9"" / 175.26 cm",175.26,135 lbs / 61.23 kg,61.23,Valle Flow Striking,full/3501bd501ac84551ab5552efb3efe932732944e5.jpg,200,300,20.1
317055,Cameron Saaiman,https://www.sherdog.com/fighter/Cameron-Saaiman-317055,2026-08-18T23:47:23.275392+00:00,"Dec 20, 2000",2000-12-20,South Africa,"5'9"" / 175.26 cm",175.26,135 lbs / 61.23 kg,61.23,Team CIT,full/9723e6f35e9a0aa6f416c25973a9e6736da8c009.jpg,200,300,12.6
180745,Yanis Ghemmouri,https://www.sherdog.com/fighter/Yanis-Ghemmouri-180745,2026-08-18T23:47:23.278502+00:00,"Jan 24, 1995",1995-01-24,France,"5'9"" / 175.26 cm",175.26,145 lbs / 65.77 kg,65.77,Team Ezbiri,full/a258e672cde512f4699444ad2d8adc69805404bd.jpg,200,300,12.4
309711,Sharabutdin Magomedov,https://www.sherdog.com/fighter/Sharabutdin-Magomedov-309711,2026-08-18T23:47:23.281081+00:00,"May 16, 1994",1994-05-16,Russia,"6'2"" / 187.96 cm",187.96,186 lbs / 84.37 kg,84.37,GOR MMA,full/0fd5a3bc638f976cb26102d664027836f8b3e4fa.jpg,200,300,13.8
282365,Billy Goff,https://www.sherdog.com/fighter/Billy-Goff-282365,2026-08-18T23:47:23.285425+00:00,"Jun 18, 1998",1998-06-18,United States,"5'10"" / 177.8 cm",177.8,171 lbs / 77.56 kg,77.56,Dexter MMA,full/b1aed2e3ddf0eb6cd6c30b7e9f9a354e4688e06e.jpg,200,300,11.9
300519,Kevin Jousset,https://www.sherdog.com/fighter/Kevin-Jousset-300519,2026-08-18T23:47:23.288309+00:00,"May 2, 1993",1993-05-02,New Zealand,"6'2"" / 187.96 cm",187.96,170 lbs / 77.11 kg,77.11,City Kickboxing,full/a4175615755cb278fcef1cd13524e3976ef68c52.jpg,200,300,12.5
380968,Nueraji Taiyilake,https://www.sherdog.com/fighter/Nueraji-Taiyilake-380968,2026-08-18T23:47:23.294728+00:00,"Jan 12, 2001",2001-01-12,China,"6'2"" / 187.96 cm",187.96,170 lbs / 77.11 kg,77.11,Enbo Fight Club,full/99eb7a933951accd928575a657a317b4786b7c35.jpg,200,300,9.6
297051,Kaue Fernandes,https://www.sherdog.com/fighter/Kaue-Fernandes-297051,2026-08-18T23:47:23.297334+00:00,"Mar 17, 1995",1995-03-17,Brazil,"6'0"" / 182.88 cm",182.88,156 lbs / 70.76 kg,70.76,Nova Uniao,full/10cd88599bde01c051326e0d024d1cc21fdb7f3b.jpg,200,300,14.4
121057,Steven Nguyen,https://www.sherdog.com/fighter/Steven-Nguyen-121057,2026-08-18T23:47:23.300146+00:00,"May 19, 1993",1993-05-19,United States,"5'11"" / 180.34 cm",180.34,145 lbs / 65.77 kg,65.77,Fortis MMA,full/2c1dcdf270ed91ca81868c3709f2b9d7956cab12.jpg,200,300,13.6
186243,Morgan Charriere,https://www.sherdog.com/fighter/Morgan-Charriere-186243,2026-08-18T23:47:23.302569+00:00,"Oct 26, 1995",1995-10-26,France,"5'8"" / 172.72 cm",172.72,145 lbs / 65.77 kg,65.77,Team Chapa Quente,full/f55c23ae8f3c03d57d2ce06ddb8695ce29062570.jpg,200,300,17.2
11941,Alex Karalexis,https://www.sherdog.com/fighter/Alex-Karalexis-11941,2026-08-18T23:47:23.306453+00:00,"Sep 20, 1977",1977-09-20,United States,"5'8"" / 172.72 cm",172.72,170 lbs / 77.11 kg,77.11,Team Sityodtong,full/37231316106de61c8c8d7b929e6774671aa12423.jpg,200,300,14.8
50774,Nick Hein,https://www.sherdog.com/fighter/Nick-Hein-50774,2026-08-18T23:47:23.309351+00:00,"Apr 24, 1984",1984-04-24,Germany,"5'6"" / 167.64 cm",167.64,155 lbs / 70.31 kg,70.31,Tiger Muay Thai,full/0c5dc85407a8265cdacc7a26c24ce1b0917f6a48.jpg,200,300,17.0
1831,Ryo Chonan,https://www.sherdog.com/fighter/Ryo-Chonan-1831,2026-08-18T23:47:23.315301+00:00,"Oct 8, 1976",1976-10-08,Japan,"5'9"" / 175.26 cm",175.26,169 lbs / 76.66 kg,76.66,Tribe Tokyo MMA,full/702e86a91e680b9dda4360dede78d29d82d72cb8.jpg,200,300,15.0
53712,Anthony Christodoulou,https://www.sherdog.com/fighter/Anthony-Christodoulou-53712,2026-08-18T23:47:23.318702+00:00,"Jul 30, 1987",1987-07-30,Greece,"5'9"" / 175.26 cm",175.26,155 lbs / 70.31 kg,70.31,Renzo Gracie Fight Academy,full/1c008502dc4bd9d3dc5189014429be0b43f4720e.jpg,200,300,12.6
109357,Michael McBride,https://www.sherdog.com/fighter/Michael-McBride-109357,2026-08-18T23:47:23.321335+00:00,,,United States,"6'1"" / 185.42 cm",185.42,155 lbs / 70.31 kg,70.31,,full/4409a03f0212d72ce235db067b05e0f3e37fc924.jpg,200,300,23.4
264605,Max Rohskopf,https://www.sherdog.com/fighter/Max-Rohskopf-264605,2026-08-18T23:47:23.323704+00:00,"Sep 27, 1994",1994-09-27,United States,"6'1"" / 185.42 cm",185.42,155 lbs / 70.31 kg,70.31,Zenith MMA,full/e6c8fc8a07e797051c2fe2265116d129f0ace65d.jpg,200,300,13.4
302655,MarQuel Mederos,https://www.sherdog.com/fighter/MarQuel-Mederos-302655,2026-08-18T23:47:23.325852+00:00,"Nov 30, 1996",1996-11-30,United States,"5'10"" / 177.8 cm",177.8,155 lbs / 70.31 kg,70.31,MMA Lab,full/6a3939e5937625fb5b8a10840c5f1d090b333158.jpg,200,300,11.4
6326,Paul Taylor,https://www.sherdog.com/fighter/Paul-Taylor-6326,2026-08-18T23:47:23.331078+00:00,"Dec 15, 1979",1979-12-15,England,"6'0"" / 182.88 cm",182.88,155 lbs / 70.31 kg,70.31,Team Supreme,full/9c4660ea5fe5cb0ceb190c998078960aaadf128f.jpg,200,300,14.6
286213,Charlie Campbell,https://www.sherdog.com/fighter/Charlie-Campbell-286213,2026-08-18T23:47:23.334665+00:00,"Jun 3, 1995",1995-06-03,United States,"6'0"" / 182.88 cm",182.88,155 lbs / 70.31 kg,70.31,Longo-Weidman MMA,full/7b392458431506647781de4ab025a51e1f8cb5c3.jpg,200,300,12.1
244655,Tom Nolan,https://www.sherdog.com/fighter/Tom-Nolan-244655,2026-08-18T23:47:23.337339+00:00,"Mar 8, 2000",2000-03-08,Australia,"6'2"" / 187.96 cm",187.96,155 lbs / 70.31 kg,70.31,Team Compton Training Centre,full/fa70c45a1bb1e762cac6c8ca39e7d8aaddfb67fc.jpg,200,300,15.0
22537,Steven Siler,https://www.sherdog.com/fighter/Steven-Siler-22537,2026-08-18T23:47:23.340501+00:00,"Feb 15, 1987",1987-02-15,United States,"5'11"" / 180.34 cm",180.34,145 lbs / 65.77 kg,65.77,Factory X,full/bec70f6839b4a2cf138873c15f25a35df53ef660.jpg,200,300,18.9
21339,Robbie Peralta,https://www.sherdog.com/fighter/Robbie-Peralta-21339,2026-08-18T23:47:23.345689+00:00,"Mar 14, 1986",1986-03-14,United States,"5'8"" / 172.72 cm",172.72,145 lbs / 65.77 kg,65.77,Team Xplode MMA,full/9f04ebe6155920ed089b1a39d6b482c1555ef6a7.jpg,200,300,11.1
64,Chris Brennan,https://www.sherdog.com/fighter/Chris-Brennan-64,2026-08-18T23:47:23.349480+00:00,"Oct 12, 1971",1971-10-12,United States,"5'8"" / 172.72 cm",172.72,155 lbs / 70.31 kg,70.31,Next Generation,full/00482e299e182391dab8569885c7eaae661cccab.jpg,200,300,18.6
186,Mikey Burnett,https://www.sherdog.com/fighter/Mikey-Burnett-186,2026-08-18T23:47:23.352684+00:00,"Apr 12, 1974",1974-04-12,United States,"5'6"" / 167.64 cm",167.64,170 lbs / 77.11 kg,77.11,Lion's Den,full/667a58b90954cd351336d581643efe1a01bfde57.jpg,200,300,8.9
1015,Jorge Patino,https://www.sherdog.com/fighter/Jorge-Patino-1015,2026-08-18T23:47:23.355283+00:00,"May 8, 1973",1973-05-08,Brazil,"5'8"" / 172.72 cm",172.72,155 lbs / 70.31 kg,70.31,Chute Boxe,full/df1c34562a965a415e8bf9b7ba115ea1c35d0eeb.jpg,200,300,11.7
227,Andre Pederneiras,https://www.sherdog.com/fighter/Andre-Pederneiras-227,2026-08-18T23:47:23.359228+00:00,"Mar 22, 1967",1967-03-22,Brazil,"5'8"" / 172.72 cm",172.72,160 lbs / 72.57 kg,72.57,Nova Uniao,full/4468f5cfe6182ff8b7dbdd2f7fbb282265af7621.jpg,200,300,14.5
236,Kenichi Yamamoto,https://www.sherdog.com/fighter/Kenichi-Yamamoto-236,2026-08-18T23:47:23.361280+00:00,"Jul 11, 1976",1976-07-11,Japan,"5'11"" / 180.34 cm",180.34,185 lbs / 83.91 kg,83.91,Power of Dream,full/6d00d7328fa999cd35ee3419ee815bc8bd6762da.jpg,200,300,14.4
7,Carlos Newton,https://www.sherdog.com/fighter/Carlos-Newton-7,2026-08-18T23:47:23.364035+00:00,"Aug 17, 1976",1976-08-17,Canada,"5'9"" / 175.26 cm",175.26,174 lbs / 78.93 kg,78.93,Warrior MMA Fight Team,full/8bf8c910afdc87cc665af16522801bbde1e1f45e.jpg,200,300,10.5
285,Courtney Turner,https://www.sherdog.com/fighter/Courtney-Turner-285,2026-08-18T23:48:59.848063+00:00,,,United States,"6'2"" / 187.96 cm",187.96,170 lbs / 77.11 kg,77.11,,full/06750042ca3546753bbb0eb81887e4093da8ed0e.jpg,200,300,11.3
261,CJ Fernandes,https://www.sherdog.com/fighter/CJ-Fernandes-261,2026-08-18T23:49:00.018708+00:00,"Nov 13, 1977",1977-11-13,United States,"6'0"" / 182.88 cm",182.88,170 lbs / 77.11 kg,77.11,Finney's HIT Squad,full/06750042ca3546753bbb0eb81887e4093da8ed0e.jpg,200,300,11.3
239,Shonie Carter,https://www.sherdog.com/fighter/Shonie-Carter-239,2026-08-18T23:47:23.368796+00:00,"May 3, 1972",1972-05-03,United States,"5'9"" / 175.26 cm",175.26,176 lbs / 79.83 kg,79.83,Iron Academy,full/5893f137e7d373b4a0110f2abcd7277295cfa450.jpg,200,300,17.1
240,Brad Gumm,https://www.sherdog.com/fighter/Brad-Gumm-240,2026-08-18T23:48:59.823171+00:00,,,United States,"5'11"" / 180.34 cm",180.34,170 lbs / 77.11 kg,77.11,Gumm Mixed Martial Arts,full/d5159992add749d3f5551350d05cb7fa6a16e81d.jpg,200,300,11.7
254,Adrian Serrano,https://www.sherdog.com/fighter/Adrian-Serrano-254,2026-08-18T23:48:59.826110+00:00,"Dec 23, 1963",1963-12-23,United States,"5'8"" / 172.72 cm",172.72,175 lbs / 79.38 kg,79.38,Adrian Serrano Combat Sports Gym,full/a085da5fe1a4c8c6912b0bdb48df476277514c76.jpg,200,300,13.7
1305,Matt Serra,https://www.sherdog.com/fighter/Matt-Serra-1305,2026-08-18T23:48:59.830865+00:00,"Jun 2, 1974",1974-06-02,United States,"5'6"" / 167.64 cm",167.64,170 lbs / 77.11 kg,77.11,Serra-Longo Fight Team,full/5556647b7068699351cdbf7683c4b44fd3dc6b8f.jpg,200,300,19.4
197,Bob Gilstrap,https://www.sherdog.com/fighter/Bob-Gilstrap-197,2026-08-18T23:48:59.835320+00:00,"Jul 16, 1974",1974-07-16,United States,"6'3"" / 190.5 cm",190.5,210 lbs / 95.25 kg,95.25,,full/c484d49eb268e43ae9ac60a98e686cdae5c803c1.jpg,200,300,9.4
4095,Renato Verissimo,https://www.sherdog.com/fighter/Renato-Verissimo-4095,2026-08-18T23:48:59.837504+00:00,"Aug 3, 1973",1973-08-03,United States,"6'1"" / 185.42 cm",185.42,170 lbs / 77.11 kg,77.11,BJ Penn's MMA,full/38a4868d2d49e3f7ef3a0f8c08c03ce13dfac914.jpg,200,300,12.7
226,Daiju Takase,https://www.sherdog.com/fighter/Daiju-Takase-226,2026-08-18T23:48:59.840010+00:00,"Apr 20, 1978",1978-04-20,Japan,"6'0"" / 182.88 cm",182.88,194 lbs / 88 kg,88.0,IamI,full/71e91e03262c5a340f0826908cf232ebba612e60.jpg,200,300,21.1
234,Katsuhisa Fujii,https://www.sherdog.com/fighter/Katsuhisa-Fujii-234,2026-08-18T23:48:59.843080+00:00,"Aug 15, 1972",1972-08-15,Japan,"6'0"" / 182.88 cm",182.88,217 lbs / 98.43 kg,98.43,Core,full/d54ee40d0bcbf6bf6caacb7604c6edcb10b21bd7.jpg,200,300,12.8
187,Eugenio Tadeu,https://www.sherdog.com/fighter/Eugenio-Tadeu-187,2026-08-18T23:48:59.846066+00:00,"Aug 17, 1963",1963-08-17,Brazil,"5'8"" / 172.72 cm",172.72,170 lbs / 77.11 kg,77.11,,full/ffb870979114c22f31428062308f2192f17edcd6.jpg,200,300,13.8
553,Gil Castillo,https://www.sherdog.com/fighter/Gil-Castillo-553,2026-08-18T23:48:59.849790+00:00,"Oct 21, 1965",1965-10-21,United States,"5'9"" / 175.26 cm",175.26,170 lbs / 77.11 kg,77.11,Cesar Gracie Fight Team,full/d0a8d4098372643d5e60bb9a6782ccce6d7ebea0.jpg,200,300,15.3
36885,Mike Lullo,https://www.sherdog.com/fighter/Mike-Lullo-36885,2026-08-18T23:48:59.852260+00:00,"Jul 24, 1979",1979-07-24,United States,"5'8"" / 172.72 cm",172.72,145 lbs / 65.77 kg,65.77,,full/35ccbce9c0908b57110ae378e3dc96bf2ebd2931.jpg,200,300,19.7
17758,Jason Young,https://www.sherdog.com/fighter/Jason-Young-17758,2026-08-18T23:48:59.854653+00:00,"Jun 28, 1986",1986-06-28,England,"5'9"" / 175.26 cm",175.26,145 lbs / 65.77 kg,65.77,American Top Team,full/6135397a2f4fe785f539658d814bdc1795b33b99.jpg,200,300,11.2
15870,Micah Miller,https://www.sherdog.com/fighter/Micah-Miller-15870,2026-08-18T23:48:59.857409+00:00,"Feb 14, 1987",1987-02-14,United States,"6'1"" / 185.42 cm",185.42,145 lbs / 65.77 kg,65.77,American Top Team,full/77a40751977d9e59f2b57e66573dadac5eb9cb54.jpg,200,300,12.5
86938,Victor Martinez,https://www.sherdog.com/fighter/Victor-Martinez-86938,2026-08-18T23:48:59.860277+00:00,"Jul 17, 1991",1991-07-17,United States,"5'7"" / 170.18 cm",170.18,158 lbs / 71.67 kg,71.67,Fortis MMA,full/bdb0037e0f2a86964ecd32c8e3adf6cee8c7ad9c.jpg,200,300,14.6
11907,Edilberto de Oliveira,https://www.sherdog.com/fighter/Edilberto-de-Oliveira-11907,2026-08-18T23:48:59.863028+00:00,"Nov 22, 1982",1982-11-22,Brazil,"6'0"" / 182.88 cm",182.88,185 lbs / 83.91 kg,83.91,Champion Team,full/b701a5b0c07f34ccea279cf6771e0d56495fcd73.jpg,200,300,13.2
3368,Jess Liaudin,https://www.sherdog.com/fighter/Jess-Liaudin-3368,2026-08-18T23:48:59.866870+00:00,"Dec 21, 1973",1973-12-21,France,"5'9"" / 175.26 cm",175.26,170 lbs / 77.11 kg,77.11,Pancrase London,full/28003d96267b54ea53f35de20f048fa7829b3b37.jpg,200,300,10.1
277891,Landon Quinones,https://www.sherdog.com/fighter/Landon-Quinones-277891,2026-08-18T23:48:59.870250+00:00,"Nov 21, 1996",1996-11-21,United States,"5'9"" / 175.26 cm",175.26,155 lbs / 70.31 kg,70.31,Kill Cliff FC,full/0815940a0f18e0e24a7ae7ddb4924acd1218064b.jpg,200,300,14.6
375943,Mark Choinski,https://www.sherdog.com/fighter/Mark-Choinski-375943,2026-08-18T23:48:59.872688+00:00,"Oct 22, 1995",1995-10-22,United States,"5'8"" / 172.72 cm",172.72,155 lbs / 70.31 kg,70.31,Roufusport,full/7b966cb4ec76d67ca4fd53eb9ebfb2a171c7ebfe.jpg,200,300,20.2
124527,Chris Padilla,https://www.sherdog.com/fighter/Chris-Padilla-124527,2026-08-18T23:48:59.874819+00:00,"Sep 14, 1995",1995-09-14,United States,"5'9"" / 175.26 cm",175.26,158 lbs / 71.67 kg,71.67,California Mixed Martial Arts,full/9c03898a21ab5529b47a44c948b70a989199069d.jpg,200,300,23.1
31110,Lukasz Sajewski,https://www.sherdog.com/fighter/Lukasz-Sajewski-31110,2026-08-18T23:48:59.918747+00:00,"Nov 27, 1990",1990-11-27,Poland,"5'8"" / 172.72 cm",172.72,155 lbs / 70.31 kg,70.31,Mighty Bulls Gdynia,full/a73d7a128b05810def50d28cef34a73cc91737f0.jpg,200,300,19.8
63414,Yusuke Kasuya,https://www.sherdog.com/fighter/Yusuke-Kasuya-63414,2026-08-18T23:48:59.987260+00:00,"Nov 16, 1989",1989-11-16,Japan,"5'7"" / 170.18 cm",170.18,155 lbs / 70.31 kg,70.31,Crown Dojo,full/30f7f28bb767a37ad76a084f089c4601dbd072b7.jpg,200,300,15.3
191443,James Llontop,https://www.sherdog.com/fighter/James-Llontop-191443,2026-08-18T23:48:59.991959+00:00,"Aug 2, 1999",1999-08-02,Peru,"6'0"" / 182.88 cm",182.88,170 lbs / 77.11 kg,77.11,Team FFC,full/ca0cee6bf651b11937d6219c0dc63437c0cde9b5.jpg,200,300,28.5
84528,Ismael Bonfim,https://www.sherdog.com/fighter/Ismael-Bonfim-84528,2026-08-18T23:48:59.995982+00:00,"Dec 28, 1995",1995-12-28,Brazil,"5'9"" / 175.26 cm",175.26,155 lbs / 70.31 kg,70.31,Bonfim Brothers,full/d76f4109c5d948eb5fc4c29363c1db9e2c69b294.jpg,200,300,11.8
1884,Anthony Torres,https://www.sherdog.com/fighter/Anthony-Torres-1884,2026-08-18T23:49:00.000128+00:00,"Jul 31, 1978",1978-07-31,United States,"5'10"" / 177.8 cm",177.8,170 lbs / 77.11 kg,77.11,MMA Development,full/6a805f216ee8a064d2a897b99e24dff12f1e2ff3.jpg,200,300,12.2
25320,Eric Wisely,https://www.sherdog.com/fighter/Eric-Wisely-25320,2026-08-18T23:49:00.003439+00:00,"Jul 25, 1984",1984-07-25,United States,"5'8"" / 172.72 cm",172.72,155 lbs / 70.31 kg,70.31,Team Conquest,full/5a386d1f2276336d8b20c458f991ef4388bc2af0.jpg,200,300,14.7
235,Masutatsu Yano,https://www.sherdog.com/fighter/Masutatsu-Yano-235,2026-08-18T23:49:00.010483+00:00,"Jul 11, 1975",1975-07-11,Japan,"5'9"" / 175.26 cm",175.26,198 lbs / 89.81 kg,89.81,RJW Central,full/51c09f973b746a5b3b5b2db779ac35319d640fc9.jpg,200,300,12.5
218,Fabiano Iha,https://www.sherdog.com/fighter/Fabiano-Iha-218,2026-08-18T23:49:00.012915+00:00,"Jul 28, 1970",1970-07-28,United States,"5'8"" / 172.72 cm",172.72,155 lbs / 70.31 kg,70.31,,full/25efb0ce07f762c47776659702bd99ae28a2e8d5.jpg,200,300,8.9
354,Kelly Dullanty,https://www.sherdog.com/fighter/Kelly-Dullanty-354,2026-08-18T23:49:00.016568+00:00,"Jul 4, 1977",1977-07-04,United States,"5'8"" / 172.72 cm",172.72,155 lbs / 70.31 kg,70.31,,full/84c4f014fe1f4e55ec64396fa2c67854e1781ba2.jpg,200,300,13.2
2682,Josh Rafferty,https://www.sherdog.com/fighter/Josh-Rafferty-2682,2026-08-18T23:49:00.021491+00:00,"Jan 6, 1981",1981-01-06,United States,"6'0"" / 182.88 cm",182.88,169 lbs / 76.66 kg,76.66,Meat Truck Inc.,full/fd3212bc6a306e34e02b062c72cb205fde6566a4.jpg,200,300,13.9
168091,Manolo Zecchini,https://www.sherdog.com/fighter/Manolo-Zecchini-168091,2026-08-18T23:49:00.028171+00:00,"Oct 22, 1996",1996-10-22,Italy,"5'9"" / 175.26 cm",175.26,145 lbs / 65.77 kg,65.77,MMA Atletica Boxe Milano,full/f2b941b18aab00f7c918b0925100ec24e5d4dd54.jpg,200,300,9.2
168403,Melquizael Costa,https://www.sherdog.com/fighter/Melquizael-Costa-168403,2026-08-18T23:49:00.031500+00:00,"Sep 14, 1996",1996-09-14,Brazil,"5'10"" / 177.8 cm",177.8,145 lbs / 65.77 kg,65.77,Chute Boxe Joao Emilio,full/d67034b49a136f09d9284a98e42748464de94bd8.jpg,200,300,12.3
165375,Harry Hardwick,https://www.sherdog.com/fighter/Harry-Hardwick-165375,2026-08-18T23:49:00.036477+00:00,"Sep 29, 1994",1994-09-29,England,"5'10"" / 177.8 cm",177.8,145 lbs / 65.77 kg,65.77,Middlesbrough Fight Academy,full/7ac8365388ecfaa4bd6c19f53a7ff784b36c9d58.jpg,200,300,16.0
366859,Jonathan Micallef,https://www.sherdog.com/fighter/Jonathan-Micallef-366859,2026-08-18T23:49:00.039552+00:00,"Mar 5, 1999",1999-03-05,Australia,"6'0"" / 182.88 cm",182.88,170 lbs / 77.11 kg,77.11,Combat 1 MMA,full/920e10640b741ab757ff4b049c126082ef3b7ab2.jpg,200,300,10.5
382723,Yusaku Kinoshita,https://www.sherdog.com/fighter/Yusaku-Kinoshita-382723,2026-08-18T23:49:00.042345+00:00,"Aug 21, 2000",2000-08-21,Japan,"6'0"" / 182.88 cm",182.88,171 lbs / 77.56 kg,77.56,Kill Cliff FC,full/861e91beb8bff3e8421c1fea594fc24809e625a6.jpg,200,300,10.3
360875,Ty Cole Miller,https://www.sherdog.com/fighter/Ty-Cole-Miller-360875,2026-08-18T23:49:00.045171+00:00,"Jun 4, 2000",2000-06-04,United States,"6'2"" / 187.96 cm",187.96,171 lbs / 77.56 kg,77.56,Fit NHB,full/c635fc2726206e024993429d22022e9c7081b4f4.jpg,200,300,12.9
325213,Steven Koslow,https://www.sherdog.com/fighter/Steven-Koslow-325213,2026-08-18T23:49:00.047642+00:00,"Jan 22, 1997",1997-01-22,United States,"5'7"" / 170.18 cm",170.18,135 lbs / 61.23 kg,61.23,10th Planet Jiu Jitsu Jacksonville,full/805dec565d40b3216109d9f642e29f4fb7fc6bdd.jpg,200,300,14.1
43815,Terrence Mitchell,https://www.sherdog.com/fighter/Terrence-Mitchell-43815,2026-08-18T23:49:00.050035+00:00,"Dec 30, 1989",1989-12-30,United States,"5'10"" / 177.8 cm",177.8,135 lbs / 61.23 kg,61.23,Legacy Jiu-Jitsu,full/0498724ecfba53e99870ca721c12bf7800391f50.jpg,200,300,16.6
277031,Malcolm Wellmaker,https://www.sherdog.com/fighter/Malcolm-Wellmaker-277031,2026-08-18T23:49:00.053030+00:00,"Jun 4, 1994",1994-06-04,United States,"5'9"" / 175.26 cm",175.26,135 lbs / 61.23 kg,61.23,Faglier's Mixed Martial Arts,full/c8446317c90cbe52f736acb9d61083e4f33ab198.jpg,200,300,21.8
221671,Brendon Marotte,https://www.sherdog.com/fighter/Brendon-Marotte-221671,2026-08-18T23:49:00.056043+00:00,"Jan 13, 1997",1997-01-13,United States,"5'7"" / 170.18 cm",170.18,145 lbs / 65.77 kg,65.77,New England Cartel,full/25aa8076129c887978a4111f19809015f35925a5.jpg,200,300,14.8
155665,Young Jae Song,https://www.sherdog.com/fighter/Young-Jae-Song-155665,2026-08-18T23:49:00.058573+00:00,"Jan 3, 1996",1996-01-03,South Korea,"5'8"" / 172.72 cm",172.72,146 lbs / 66.22 kg,66.22,Havas MMA,full/a80d60b8d13dffda346269ded60c33b58f607a71.jpg,200,300,12.1
290771,Kouya Kanda,https://www.sherdog.com/fighter/Kouya-Kanda-290771,2026-08-18T23:49:00.062532+00:00,"Dec 20, 1995",1995-12-20,Japan,"5'11"" / 180.34 cm",180.34,155 lbs / 70.31 kg,70.31,The Blackbelt Japan,full/9cde2e3f8b135cf6d30891f33f2bff13cf5c4da2.jpg,200,300,8.0
277097,Dong Hyun Seo,https://www.sherdog.com/fighter/Dong-Hyun-Seo-277097,2026-08-18T23:49:00.065189+00:00,"Aug 22, 1990",1990-08-22,South Korea,"5'7"" / 170.18 cm",170.18,146 lbs / 66.22 kg,66.22,Pinnacle MMA Korea,full/73efbfcf00ab30a89b984150a73a47d0ca6b9488.jpg,200,300,15.7
245493,Kevin Borjas,https://www.sherdog.com/fighter/Kevin-Borjas-245493,2026-08-18T23:49:00.067374+00:00,"Dec 6, 1997",1997-12-06,Peru,"5'5"" / 165.1 cm",165.1,126 lbs / 57.15 kg,57.15,Pitbull Martial Arts Center,full/6d72357c522b553321a256161a1ae0e39dc92a0b.jpg,200,300,15.0
135973,Felipe Bunes,https://www.sherdog.com/fighter/Felipe-Bunes-135973,2026-08-18T23:49:00.070839+00:00,"Oct 26, 1989",1989-10-26,Brazil,"5'7"" / 170.18 cm",170.18,125 lbs / 56.7 kg,56.7,Pitbull Brothers,full/c70d866491e8451914623053fade76f63153ee34.jpg,200,300,11.5
380465,Rei Tsuruya,https://www.sherdog.com/fighter/Rei-Tsuruya-380465,2026-08-18T23:49:00.073864+00:00,"Jun 22, 2002",2002-06-22,Japan,"5'7"" / 170.18 cm",170.18,135 lbs / 61.23 kg,61.23,The Blackbelt Japan,full/63bdb26b8a1a13a8473f377dd1bb53ac193016ce.jpg,200,300,17.5
416801,Josias Musasa,https://www.sherdog.com/fighter/Josias-Musasa-416801,2026-08-18T23:49:00.076877+00:00,"Oct 10, 1998",1998-10-10,"Congo, The Democratic Republic of the","5'8"" / 172.72 cm",172.72,135 lbs / 61.23 kg,61.23,Elite Training Center - Lubumbashi,full/cdfe03cbfa760f360dba6cbaab93390508bc3f58.jpg,200,300,16.2
72742,Dulani Perry,https://www.sherdog.com/fighter/Dulani-Perry-72742,2026-08-18T23:49:00.079156+00:00,"Jan 31, 1986",1986-01-31,United States,"5'6"" / 167.64 cm",167.64,135 lbs / 61.23 kg,61.23,Paradigm Training Center,full/43fee89066a410201c1ae7a3949176073a30ef5d.jpg,200,300,13.4
40203,Fernando Bernstein,https://www.sherdog.com/fighter/Fernando-Bernstein-40203,2026-08-18T23:49:00.082543+00:00,"Jun 24, 1982",1982-06-24,United States,"5'11"" / 180.34 cm",180.34,145 lbs / 65.77 kg,65.77,Subfighter MMA,full/a05d1cf333937eb38cb47c72b6ba172db8b8300a.jpg,200,300,12.9
9377,Charles Diaz,https://www.sherdog.com/fighter/Charles-Diaz-9377,2026-08-18T23:49:00.084884+00:00,"Jan 1, 1978",1978-01-01,United States,"5'8"" / 172.72 cm",172.72,154 lbs / 69.85 kg,69.85,C-4 Fight Team,full/3b9f109fe47a62caf41687819d9f621864122711.jpg,200,300,17.2
10127,Wesley Murch,https://www.sherdog.com/fighter/Wesley-Murch-10127,2026-08-18T23:49:00.087422+00:00,"Mar 15, 1983",1983-03-15,England,"5'9"" / 175.26 cm",175.26,155 lbs / 70.31 kg,70.31,Olympians MMA,full/591c17a2ff3cb9cfddae237779bfec1f4db86d17.jpg,200,300,14.9
37696,Jose Aguilar,https://www.sherdog.com/fighter/Jose-Aguilar-37696,2026-08-18T23:50:44.611766+00:00,"Aug 8, 1982",1982-08-08,United States,,,155 lbs / 70.31 kg,70.31,Grapplers Edge,full/06750042ca3546753bbb0eb81887e4093da8ed0e.jpg,200,300,11.3
143,Dave Berry,https://www.sherdog.com/fighter/Dave-Berry-143,2026-08-18T23:50:44.739085+00:00,,,United States,"6'1"" / 185.42 cm",185.42,216 lbs / 97.98 kg,97.98,,full/06750042ca3546753bbb0eb81887e4093da8ed0e.jpg,200,300,11.3
28041,Junie Allen Browning,https://www.sherdog.com/fighter/Junie-Allen-Browning-28041,2026-08-18T23:49:00.090323+00:00,"May 12, 1985",1985-05-12,United States,"5'10"" / 177.8 cm",177.8,170 lbs / 77.11 kg,77.11,Legends MMA,full/71c050719150a407dba3f3ca49fc00e11ca1baca.jpg,200,300,16.1
127691,Carlos Vera,https://www.sherdog.com/fighter/Carlos-Vera-127691,2026-08-18T23:50:44.615101+00:00,"Nov 5, 1987",1987-11-05,Ecuador,"5'6"" / 167.64 cm",167.64,135 lbs / 61.23 kg,61.23,50-50 BJJ,full/6447c780af3048c02455e4cf8e8c397d74939f50.jpg,200,300,13.6
356923,Ronal Siahaan,https://www.sherdog.com/fighter/Ronal-Siahaan-356923,2026-08-18T23:50:44.618657+00:00,"May 5, 1996",1996-05-05,Indonesia,"5'7"" / 170.18 cm",170.18,126 lbs / 57.15 kg,57.15,BSA Martial Arts Center,full/ccb6714440c1054e7cc9f70d5b1f29980ab781ec.jpg,200,300,9.8
226573,Mark Climaco,https://www.sherdog.com/fighter/Mark-Climaco-226573,2026-08-18T23:50:44.621207+00:00,"Nov 6, 1997",1997-11-06,United States,"5'4"" / 162.56 cm",162.56,126 lbs / 57.15 kg,57.15,American Kickboxing Academy,full/d99ab9c64c7f3d1bda178e48df3cbddabfea7a2b.jpg,200,300,9.9
257563,Niushiyue Ji,https://www.sherdog.com/fighter/Niushiyue-Ji-257563,2026-08-18T23:50:44.624984+00:00,"Dec 9, 2000",2000-12-09,China,"5'8"" / 172.72 cm",172.72,126 lbs / 57.15 kg,57.15,Enbo Fight Club,full/a77af17e4a0ed769a82c4a9dfa22e2118ccafa42.jpg,200,300,12.4
390304,Luis Gurule,https://www.sherdog.com/fighter/Luis-Gurule-390304,2026-08-18T23:50:44.628322+00:00,"Nov 16, 1993",1993-11-16,United States,"5'5"" / 165.1 cm",165.1,135 lbs / 61.23 kg,61.23,Factory X,full/3acd4d6e5c86799a52aba98e615516bcb4ceb512.jpg,200,300,12.9
238733,Jose Johnson,https://www.sherdog.com/fighter/Jose-Johnson-238733,2026-08-18T23:50:44.631994+00:00,"May 20, 1995",1995-05-20,United States,"6'0"" / 182.88 cm",182.88,145 lbs / 65.77 kg,65.77,Twin Wolves MMA,full/9d0622dd461a289b75a9a70bcd3318aca69639d3.jpg,200,300,14.3
200851,Rafael Estevam,https://www.sherdog.com/fighter/Rafael-Estevam-200851,2026-08-18T23:50:44.635585+00:00,"Aug 10, 1996",1996-08-10,Brazil,"5'8"" / 172.72 cm",172.72,137 lbs / 62.14 kg,62.14,Nova Uniao,full/488a8855bdb87e039386d50f070316a11c6c74df.jpg,200,300,11.9
214613,Alessandro Costa,https://www.sherdog.com/fighter/Alessandro-Costa-214613,2026-08-18T23:50:44.638486+00:00,"Jan 28, 1996",1996-01-28,Brazil,"5'5"" / 165.1 cm",165.1,125 lbs / 56.7 kg,56.7,Lobo Gym MMA,full/54094283da5f776f85fc2c9af68f2fd95e2b5a81.jpg,200,300,13.5
266121,Ronaldo Rodriguez,https://www.sherdog.com/fighter/Ronaldo-Rodriguez-266121,2026-08-18T23:50:44.643156+00:00,"May 7, 1999",1999-05-07,Mexico,"5'7"" / 170.18 cm",170.18,127 lbs / 57.61 kg,57.61,Prime Combat Academy,full/9da19a2bcf8ffa8682e23a86287bd6e6092b00d4.jpg,200,300,9.0
418935,Imanol Rodriguez,https://www.sherdog.com/fighter/Imanol-Rodriguez-418935,2026-08-18T23:50:44.646044+00:00,"Nov 15, 1999",1999-11-15,Mexico,"5'4"" / 162.56 cm",162.56,125 lbs / 56.7 kg,56.7,Team Blackxicans,full/a6a676992be47eea351ee3b66ee29f1c364ea716.jpg,200,300,20.0
201199,Andre Lima,https://www.sherdog.com/fighter/Andre-Lima-201199,2026-08-18T23:50:44.648284+00:00,"Feb 4, 1999",1999-02-04,Brazil,"5'7"" / 170.18 cm",170.18,125 lbs / 56.7 kg,56.7,Team Lucas Mineiro,full/fe85b9c949a4685cb985ed874459d8e8b045d8ba.jpg,200,300,16.3
214343,Yibugele,https://www.sherdog.com/fighter/Yibugele-214343,2026-08-18T23:50:44.651405+00:00,"Nov 13, 1989",1989-11-13,China,"5'9"" / 175.26 cm",175.26,154 lbs / 69.85 kg,69.85,Haosheng Fight Gym,full/c1ff86ec477acf7c6fc03acccb2fed1fe3903371.jpg,200,300,15.1
387670,Masuto Kawana,https://www.sherdog.com/fighter/Masuto-Kawana-387670,2026-08-18T23:50:44.654685+00:00,"Jan 30, 1995",1995-01-30,Japan,"5'7"" / 170.18 cm",170.18,145 lbs / 65.77 kg,65.77,Lotus Setagaya,full/e3dabf9998612645b9f542c784e255a1814c184e.jpg,200,300,9.5
312049,Ethyn Ewing,https://www.sherdog.com/fighter/Ethyn-Ewing-312049,2026-08-18T23:50:44.657403+00:00,"Feb 16, 1998",1998-02-16,United States,"5'8"" / 172.72 cm",172.72,135 lbs / 61.23 kg,61.23,CSW Training Center,full/a3da7cbb7461ac3460a60159edd7c73fbe02f7e0.jpg,200,300,14.3
283661,Juan Diaz,https://www.sherdog.com/fighter/Juan-Diaz-283661,2026-08-18T23:50:44.660614+00:00,"Jun 3, 1998",1998-06-03,Peru,"5'7"" / 170.18 cm",170.18,135 lbs / 61.23 kg,61.23,Entram Gym,full/5808cda9ec7c7af67b4200cf423d290846917394.jpg,200,300,20.7
339419,Raul Rosas Jr.,https://www.sherdog.com/fighter/Raul-Rosas-Jr-339419,2026-08-18T23:50:44.664103+00:00,"Oct 8, 2004",2004-10-08,United States,"5'9"" / 175.26 cm",175.26,135 lbs / 61.23 kg,61.23,10th Planet Jiu Jitsu Las Vegas,full/a48682b25b624cec2839763822adfccd3aecbb05.jpg,200,300,16.1
247601,Oban Elliott,https://www.sherdog.com/fighter/Oban-Elliott-247601,2026-08-18T23:50:44.670189+00:00,"Dec 19, 1997",1997-12-19,Wales,"5'11"" / 180.34 cm",180.34,170 lbs / 77.11 kg,77.11,Shore MMA,full/ea8cf695eccf1484e5e7d4ce36d25b14f234d386.jpg,200,300,12.0
430352,Marwan Rahiki,https://www.sherdog.com/fighter/Marwan-Rahiki-430352,2026-08-18T23:50:44.675298+00:00,"May 10, 2002",2002-05-10,Morocco,"5'10"" / 177.8 cm",177.8,145 lbs / 65.77 kg,65.77,Lions Den Academy,full/f51a2c740e2b3f3c68b7396afe007a71b735e79d.jpg,200,300,14.9
229309,Tommy McMillen,https://www.sherdog.com/fighter/Tommy-McMillen-229309,2026-08-18T23:50:44.678372+00:00,"Dec 15, 1997",1997-12-15,United States,"6'0"" / 182.88 cm",182.88,145 lbs / 65.77 kg,65.77,Red Hawk Academy,full/1ffad60aded484514466f23bed7968f7cda42abe.jpg,200,300,17.6
184,LaVerne Clark,https://www.sherdog.com/fighter/LaVerne-Clark-184,2026-08-18T23:50:44.681119+00:00,"Dec 2, 1973",1973-12-02,United States,"5'11"" / 180.34 cm",180.34,185 lbs / 83.91 kg,83.91,Miletich Martial Arts,full/7643746ad5467770e8421f2dc246c7998e613c5f.jpg,200,300,15.5
282,Phil Johns,https://www.sherdog.com/fighter/Phil-Johns-282,2026-08-18T23:50:44.685270+00:00,"Dec 31, 1969",1969-12-31,United States,"5'2"" / 157.48 cm",157.48,160 lbs / 72.57 kg,72.57,Silverbacks Vale Tudo,full/2b4c8b423871748b017ccbc7adc25dd4f04655f2.jpg,200,300,11.5
264031,Nazim Sadykhov,https://www.sherdog.com/fighter/Nazim-Sadykhov-264031,2026-08-18T23:50:44.688762+00:00,"May 16, 1994",1994-05-16,Azerbaijan,"5'10"" / 177.8 cm",177.8,155 lbs / 70.31 kg,70.31,Longo-Weidman MMA,full/d26859919bdc473a914ba94817aee07741dba70d.jpg,200,300,15.0
269167,Axel Sola,https://www.sherdog.com/fighter/Axel-Sola-269167,2026-08-18T23:50:44.692444+00:00,"Sep 17, 1997",1997-09-17,France,"5'11"" / 180.34 cm",180.34,155 lbs / 70.31 kg,70.31,Boxing Squad,full/563e2ada3b837438ff5e0c2feaa276d9f46a65c4.jpg,200,300,15.4
192545,Mauricio Ruffy,https://www.sherdog.com/fighter/Mauricio-Ruffy-192545,2026-08-18T23:50:44.695599+00:00,"Jun 17, 1996",1996-06-17,Brazil,"5'11"" / 180.34 cm",180.34,155 lbs / 70.31 kg,70.31,The Fighting Nerds,full/da993af94834bb48dd93bbeb51d0ed504be7b59c.jpg,200,300,15.9
222,Eugene Jackson,https://www.sherdog.com/fighter/Eugene-Jackson-222,2026-08-18T23:50:44.698739+00:00,"Sep 23, 1966",1966-09-23,United States,"5'8"" / 172.72 cm",172.72,185 lbs / 83.91 kg,83.91,Gladiators Training Academy,full/c716dfdb09f75ecd1ed72236c24bed1ec66ca387.jpg,200,300,17.2
16858,Rob Yundt,https://www.sherdog.com/fighter/Rob-Yundt-16858,2026-08-18T23:50:44.702199+00:00,"May 5, 1980",1980-05-05,United States,"6'1"" / 185.42 cm",185.42,185 lbs / 83.91 kg,83.91,,full/c4483bbca9495b5e7f7c6dcf98401cef60b806a6.jpg,200,300,17.1
8654,Matt Horwich,https://www.sherdog.com/fighter/Matt-Horwich-8654,2026-08-18T23:50:44.704629+00:00,"Feb 10, 1978",1978-02-10,United States,"5'11"" / 180.34 cm",180.34,186 lbs / 84.37 kg,84.37,Legends MMA,full/afb3c0587487f4268a2b63f98e1720bfa9eebd90.jpg,200,300,10.5
65543,Pawel Pawlak,https://www.sherdog.com/fighter/Pawel-Pawlak-65543,2026-08-18T23:50:44.708451+00:00,"Feb 8, 1989",1989-02-08,Poland,"6'0"" / 182.88 cm",182.88,185 lbs / 83.91 kg,83.91,Octopus Lodz,full/49cbce24b727c543598fc3883fdcab286c49965e.jpg,200,300,15.1
23108,Edgar Garcia,https://www.sherdog.com/fighter/Edgar-Garcia-23108,2026-08-18T23:50:44.711609+00:00,"Feb 22, 1984",1984-02-22,United States,"5'10"" / 177.8 cm",177.8,170 lbs / 77.11 kg,77.11,Arizona Athletic Club,full/4c1020d337820b5d0a365fa7e597da7a74d716fa.jpg,200,300,9.1
467,Semmy Schilt,https://www.sherdog.com/fighter/Semmy-Schilt-467,2026-08-18T23:50:44.714472+00:00,"Oct 27, 1973",1973-10-27,Netherlands,"6'11"" / 210.82 cm",210.82,256 lbs / 116.12 kg,116.12,Golden Glory,full/95ac50d4868071f9f9c6553acb58a490ea0872a5.jpg,200,300,11.1
265,Bobby Hoffman,https://www.sherdog.com/fighter/Bobby-Hoffman-265,2026-08-18T23:50:44.717773+00:00,"Oct 28, 1966",1966-10-28,United States,"6'2"" / 187.96 cm",187.96,245 lbs / 111.13 kg,111.13,Universal Grappling Academy,full/44ebebbaae1fa9144af789314f6432308a816151.jpg,200,300,12.3
2738,Seth Petruzelli,https://www.sherdog.com/fighter/Seth-Petruzelli-2738,2026-08-18T23:50:44.721480+00:00,"Dec 3, 1979",1979-12-03,United States,"6'0"" / 182.88 cm",182.88,205 lbs / 92.99 kg,92.99,The Jungle MMA & Fitness,full/8ff20c60fc4b57f00e7ae50949d196c73dabfc87.jpg,200,300,18.8
3619,Mike Kyle,https://www.sherdog.com/fighter/Mike-Kyle-3619,2026-08-18T23:50:44.726113+00:00,"Mar 31, 1980",1980-03-31,United States,"6'3"" / 190.5 cm",190.5,220 lbs / 99.79 kg,99.79,American Kickboxing Academy,full/d589381bf8f03a16574956e150581a05a9f5a02a.jpg,200,300,20.5
241,Scott Adams,https://www.sherdog.com/fighter/Scott-Adams-241,2026-08-18T23:50:44.729842+00:00,"Jul 16, 1974",1974-07-16,United States,"6'0"" / 182.88 cm",182.88,225 lbs / 102.06 kg,102.06,The Pit,,,,
255,Nate Schroeder,https://www.sherdog.com/fighter/Nate-Schroeder-255,2026-08-18T23:50:44.732345+00:00,"Jun 2, 1973",1973-06-02,United States,"6'1"" / 185.42 cm",185.42,230 lbs / 104.33 kg,104.33,,full/95222c38d1314df35057bd00cd6a1518408b6a50.jpg,200,300,14.6
248,Tedd Williams,https://www.sherdog.com/fighter/Tedd-Williams-248,2026-08-18T23:50:44.734695+00:00,"Dec 19, 1969",1969-12-19,United States,"6'0"" / 182.88 cm",182.88,250 lbs / 113.4 kg,113.4,Williams Combat Grappling,full/982bc2779ee3e948b7241b178e7f7b2e8b22ee5e.jpg,200,300,7.4
72046,Walt Harris,https://www.sherdog.com/fighter/Walt-Harris-72046,2026-08-18T23:50:44.740915+00:00,"Jun 10, 1983",1983-06-10,United States,"6'5"" / 195.58 cm",195.58,264 lbs / 119.75 kg,119.75,SBG Alabama,full/3bb76f3e9604517b7c6126d85049aa3bf4821ab9.jpg,200,300,12.0
75537,Josh Copeland,https://www.sherdog.com/fighter/Josh-Copeland-75537,2026-08-18T23:50:44.745628+00:00,"Oct 20, 1982",1982-10-20,United States,"6'1"" / 185.42 cm",185.42,245 lbs / 111.13 kg,111.13,Grudge Training Center,full/f36d1c2f210b4ff755e5df863db0fbbf21983a43.jpg,200,300,18.3
1217,Akihiro Gono,https://www.sherdog.com/fighter/Akihiro-Gono-1217,2026-08-18T23:50:44.749680+00:00,"Oct 7, 1974",1974-10-07,Japan,"5'9"" / 175.26 cm",175.26,158 lbs / 71.67 kg,71.67,Rings Japan,full/62ef96ceadcb197ad109725b461aed32341471a9.jpg,200,300,16.5
10768,Rory Markham,https://www.sherdog.com/fighter/Rory-Markham-10768,2026-08-18T23:50:44.754190+00:00,"Mar 25, 1982",1982-03-25,United States,"6'0"" / 182.88 cm",182.88,177 lbs / 80.29 kg,80.29,Miletich Martial Arts,full/254e286b0419f74d160c839ef9fb1a92d3287b11.jpg,200,300,19.0
101,Duane Ludwig,https://www.sherdog.com/fighter/Duane-Ludwig-101,2026-08-18T23:50:44.756982+00:00,"Aug 4, 1978",1978-08-04,United States,"5'10"" / 177.8 cm",177.8,170 lbs / 77.11 kg,77.11,Grudge Training Center,full/96f25601454be434727e8ead942166907410709f.jpg,200,300,17.7
34071,Amir Sadollah,https://www.sherdog.com/fighter/Amir-Sadollah-34071,2026-08-18T23:50:44.760970+00:00,"Aug 27, 1980",1980-08-27,United States,"5'11"" / 180.34 cm",180.34,170 lbs / 77.11 kg,77.11,Syndicate MMA,full/551f1d73f73427b7a69a4f65a22f19356b1f59fb.jpg,200,300,16.0
2656,Chris Sanford,https://www.sherdog.com/fighter/Chris-Sanford-2656,2026-08-18T23:50:44.765103+00:00,"Mar 12, 1968",1968-03-12,United States,"5'11"" / 180.34 cm",180.34,185 lbs / 83.91 kg,83.91,Cesar Gracie Jiu-Jitsu,full/6893e5153e7886934fbf235a0e6b11354a2bb6ed.jpg,200,300,18.8
3195,Pete Spratt,https://www.sherdog.com/fighter/Pete-Spratt-3195,2026-08-18T23:50:44.767101+00:00,"Jan 9, 1971",1971-01-09,United States,"5'9"" / 175.26 cm",175.26,170 lbs / 77.11 kg,77.11,Pete Spratt American Muay Thai,full/0f92d58e2c94d4123ea824406f34136ae7b99518.jpg,200,300,9.8
7148,Ansar Chalangov,https://www.sherdog.com/fighter/Ansar-Chalangov-7148,2026-08-18T23:50:44.771628+00:00,"Oct 30, 1979",1979-10-30,Russia,"5'9"" / 175.26 cm",175.26,185 lbs / 83.91 kg,83.91,Legion Fight Team,full/f39fa9c7785e5f397ae3ac7109495b39441b879d.jpg,200,300,15.8
4120,Jonathan Goulet,https://www.sherdog.com/fighter/Jonathan-Goulet-4120,2026-08-18T23:50:44.774135+00:00,"Jul 13, 1979",1979-07-13,Canada,"6'0"" / 182.88 cm",182.88,169 lbs / 76.66 kg,76.66,Team Legion,full/3fa6b267b5fda413b333d1ec386b3d187b7d71a0.jpg,200,300,12.3
6606,Jeff Joslin,https://www.sherdog.com/fighter/Jeff-Joslin-6606,2026-08-18T23:50:44.778120+00:00,"Apr 30, 1975",1975-04-30,Canada,"6'0"" / 182.88 cm",182.88,170 lbs / 77.11 kg,77.11,Joslin Fight Team,full/689807840906a11705ab4593bc87df6bddc12c16.jpg,200,300,12.0
311,Frank Trigg,https://www.sherdog.com/fighter/Frank-Trigg-311,2026-08-18T23:50:44.780178+00:00,"May 7, 1972",1972-05-07,United States,"5'8"" / 172.72 cm",172.72,181 lbs / 82.1 kg,82.1,Xtreme Couture,full/1218418e7c482bbab11c879225204f7969fb2c8c.jpg,200,300,17.4
163,Royce Alger,https://www.sherdog.com/fighter/Royce-Alger-163,2026-08-18T23:52:32.441960+00:00,"Mar 6, 1965",1965-03-06,United States,"5'10"" / 177.8 cm",177.8,205 lbs / 92.99 kg,92.99,Hammer House,full/06750042ca3546753bbb0eb81887e4093da8ed0e.jpg,200,300,11.3
185,Josh Stuart,https://www.sherdog.com/fighter/Josh-Stuart-185,2026-08-18T23:52:32.460727+00:00,,,United States,"5'9"" / 175.26 cm",175.26,159 lbs / 72.12 kg,72.12,,full/06750042ca3546753bbb0eb81887e4093da8ed0e.jpg,200,300,11.3
211,Frank Caracci,https://www.sherdog.com/fighter/Frank-Caracci-211,2026-08-18T23:52:32.462638+00:00,"Feb 16, 1970",1970-02-16,United States,"5'7"" / 170.18 cm",170.18,205 lbs / 92.99 kg,92.99,,full/06750042ca3546753bbb0eb81887e4093da8ed0e.jpg,200,300,11.3
232,Matt Hughes,https://www.sherdog.com/fighter/Matt-Hughes-232,2026-08-18T23:52:32.516577+00:00,"Oct 13, 1973",1973-10-13,United States,"5'9"" / 175.26 cm",175.26,170 lbs / 77.11 kg,77.11,HIT Squad,full/40fb4539e4ea28d7a209991f98e132d392582075.jpg,200,300,18.3
4270,Paul Daley,https://www.sherdog.com/fighter/Paul-Daley-4270,2026-08-18T23:50:44.783697+00:00,"Feb 21, 1983",1983-02-21,England,"5'9"" / 175.26 cm",175.26,171 lbs / 77.56 kg,77.56,Spirit Dojo,full/ac65430398751a4024cd3f3aa3cfe0b57e0ba6d2.jpg,200,300,14.6
9267,Jay Hieron,https://www.sherdog.com/fighter/Jay-Hieron-9267,2026-08-18T23:52:32.318030+00:00,"Jul 29, 1976",1976-07-29,United States,"5'11"" / 180.34 cm",180.34,170 lbs / 77.11 kg,77.11,Xtreme Couture,full/3cd1872a3e584634ed06d0d34a3b06ba8e750182.jpg,200,300,15.6
2575,Kuniyoshi Hironaka,https://www.sherdog.com/fighter/Kuniyoshi-Hironaka-2575,2026-08-18T23:52:32.323350+00:00,"Jun 17, 1976",1976-06-17,Japan,"5'10"" / 177.8 cm",177.8,153 lbs / 69.4 kg,69.4,Master Japan,full/eeee11e979afa006bef202677ee3ee4aa2ef98f2.jpg,200,300,11.0
3919,Zach Light,https://www.sherdog.com/fighter/Zach-Light-3919,2026-08-18T23:52:32.327302+00:00,"Feb 6, 1974",1974-02-06,United States,"5'8"" / 172.72 cm",172.72,170 lbs / 77.11 kg,77.11,Wolfslair,full/292411e12a4794863fff5c09779b34c3feb2f1f4.jpg,200,300,14.5
12079,Steve Byrnes,https://www.sherdog.com/fighter/Steve-Byrnes-12079,2026-08-18T23:52:32.330767+00:00,"Aug 26, 1979",1979-08-26,United States,,,185 lbs / 83.91 kg,83.91,MMA Development,full/f90921f9d60bfed1c20bc4394b05fed9d7d021ac.jpg,200,300,12.7
16470,Tamdan McCrory,https://www.sherdog.com/fighter/Tamdan-McCrory-16470,2026-08-18T23:52:32.334029+00:00,"Nov 5, 1986",1986-11-05,United States,"6'4"" / 193.04 cm",193.04,185 lbs / 83.91 kg,83.91,CNY MMA,full/c55da73fbfb9b336f6b9b86b4547f287e4de83e9.jpg,200,300,17.2
74434,Ruslan Magomedov,https://www.sherdog.com/fighter/Ruslan-Magomedov-74434,2026-08-18T23:52:32.337980+00:00,"Nov 26, 1986",1986-11-26,Russia,"6'3"" / 190.5 cm",190.5,249 lbs / 112.94 kg,112.94,Fight Club Berkut,full/d91bf56e5c3f1545f15fcde9ba1beac6399a95b7.jpg,200,300,17.3
33359,Cody East,https://www.sherdog.com/fighter/Cody-East-33359,2026-08-18T23:52:32.420146+00:00,"Jun 29, 1988",1988-06-29,United States,"6'3"" / 190.5 cm",190.5,254 lbs / 115.21 kg,115.21,Jackson-Wink MMA,full/317793d81fce9cc15a8b646335da571c156bf717.jpg,200,300,9.0
54637,Mark Godbeer,https://www.sherdog.com/fighter/Mark-Godbeer-54637,2026-08-18T23:52:32.423268+00:00,"Nov 22, 1983",1983-11-22,England,"6'4"" / 193.04 cm",193.04,245 lbs / 111.13 kg,111.13,Scottish Hit Squad,full/e68d8e9113561e6d233c0af3adf743e7d3585817.jpg,200,300,16.0
233,Steve Judson,https://www.sherdog.com/fighter/Steve-Judson-233,2026-08-18T23:52:32.426223+00:00,,,United States,"6'1"" / 185.42 cm",185.42,220 lbs / 99.79 kg,99.79,,full/5323e0bbe3a276d9da04eb4914ed71d1b1223f4e.jpg,200,300,11.2
5936,Justin Eilers,https://www.sherdog.com/fighter/Justin-Eilers-5936,2026-08-18T23:52:32.428195+00:00,"Jun 28, 1978",1978-06-28,United States,"6'1"" / 185.42 cm",185.42,235 lbs / 106.59 kg,106.59,Miletich Martial Arts,full/6a282096dcc4fc0bdce7b6e3d26e14e181acbfcf.jpg,200,300,15.4
23978,Ricardo Romero,https://www.sherdog.com/fighter/Ricardo-Romero-23978,2026-08-18T23:52:32.431420+00:00,"Apr 15, 1978",1978-04-15,United States,"6'0"" / 182.88 cm",182.88,205 lbs / 92.99 kg,92.99,AMA Fight Club,full/c679ebae0040d8ac2e3b943412ed7056eb810868.jpg,200,300,12.9
280,Mark Robinson,https://www.sherdog.com/fighter/Mark-Robinson-280,2026-08-18T23:52:32.434146+00:00,"Dec 31, 1969",1969-12-31,United States,"6'0"" / 182.88 cm",182.88,300 lbs / 136.08 kg,136.08,Cal Cooper,full/266b96a2e535e27a10ba34f21c130a8c3286ac7f.jpg,200,300,9.1
237,Keiichiro Yamamiya,https://www.sherdog.com/fighter/Keiichiro-Yamamiya-237,2026-08-18T23:52:32.444103+00:00,"Jul 12, 1972",1972-07-12,Japan,"5'11"" / 180.34 cm",180.34,170 lbs / 77.11 kg,77.11,Grabaka,full/68f3791baad6d4eb08a48474f80f41f82e6012e8.jpg,200,300,16.1
252,Sanae Kikuta,https://www.sherdog.com/fighter/Sanae-Kikuta-252,2026-08-18T23:52:32.448927+00:00,"Sep 10, 1971",1971-09-10,Japan,"5'9"" / 175.26 cm",175.26,200 lbs / 90.72 kg,90.72,Grabaka,full/63cdcf81d575483655d486a91cb13b28eeca43e9.jpg,200,300,8.2
2093,Keith Rockel,https://www.sherdog.com/fighter/Keith-Rockel-2093,2026-08-18T23:52:32.452220+00:00,"Aug 28, 1965",1965-08-28,United States,"6'0"" / 182.88 cm",182.88,185 lbs / 83.91 kg,83.91,Team Elite,full/b9a19661426f204fabc99eb7d49a4763a4c62edf.jpg,200,300,14.0
145609,Rhys McKee,https://www.sherdog.com/fighter/Rhys-McKee-145609,2026-08-18T23:52:32.454516+00:00,"Sep 10, 1995",1995-09-10,Ireland,"6'1"" / 185.42 cm",185.42,176 lbs / 79.83 kg,79.83,Next Generation I.M.M.A.,full/bf96b96d8947f488e845831100f45a01a78bc854.jpg,200,300,18.7
319531,Matheus Camilo,https://www.sherdog.com/fighter/Matheus-Camilo-319531,2026-08-18T23:52:32.458064+00:00,"Jan 2, 2001",2001-01-02,Brazil,"5'10"" / 177.8 cm",177.8,155 lbs / 70.31 kg,70.31,Nova Uniao,full/3bd8649b385088909336b2ea52f36d09b85079e9.jpg,200,300,13.5
257203,Alberto Montes,https://www.sherdog.com/fighter/Alberto-Montes-257203,2026-08-18T23:52:32.464506+00:00,"May 31, 1994",1994-05-31,Venezuela,"5'7"" / 170.18 cm",170.18,146 lbs / 66.22 kg,66.22,MMA Masters,full/76ac8b430d351460fcb69a0ecf7bb296b233d325.jpg,200,300,13.6
326999,Oliver Schmid,https://www.sherdog.com/fighter/Oliver-Schmid-326999,2026-08-18T23:52:32.467074+00:00,"Dec 28, 2000",2000-12-28,Hungary,"5'9"" / 175.26 cm",175.26,145 lbs / 65.77 kg,65.77,City Kickboxing,full/f83848761c3f964750dc04249643f91cd8290898.jpg,200,300,19.4
315963,Valentine Woodburn,https://www.sherdog.com/fighter/Valentine-Woodburn-315963,2026-08-18T23:52:32.469277+00:00,"Aug 10, 1993",1993-08-10,United States,"5'8"" / 172.72 cm",172.72,170 lbs / 77.11 kg,77.11,Fusion X-Cel Performance,full/5d706440413d0e9fd1d43a2a28f0d091ff6e3fe8.jpg,200,300,18.2
116663,Bassil Hafez,https://www.sherdog.com/fighter/Bassil-Hafez-116663,2026-08-18T23:52:32.471789+00:00,"Jan 31, 1992",1992-01-31,United States,"5'11"" / 180.34 cm",180.34,170 lbs / 77.11 kg,77.11,Elevation Fight Team,full/a2bda0c19548bb8b6631fd530302004ae350f97f.jpg,200,300,15.2
275977,Seok Hyeon Ko,https://www.sherdog.com/fighter/Seok-Hyeon-Ko-275977,2026-08-18T23:52:32.474543+00:00,"Sep 24, 1993",1993-09-24,South Korea,"5'10"" / 177.8 cm",177.8,170 lbs / 77.11 kg,77.11,Havas MMA,full/aded397245bd2d5b9ad3050d5781c5e9dbc68676.jpg,200,300,8.0
400985,Michael Oliveira,https://www.sherdog.com/fighter/Michael-Oliveira-400985,2026-08-18T23:52:32.477172+00:00,"Jan 21, 1998",1998-01-21,Brazil,"6'0"" / 182.88 cm",182.88,171 lbs / 77.56 kg,77.56,KO Squad MMA,full/7934bb0627063de06406dde25f7a210e4cd62ccf.jpg,200,300,12.5
321087,Igor Severino,https://www.sherdog.com/fighter/Igor-Severino-321087,2026-08-18T23:52:32.479308+00:00,"Apr 21, 2003",2003-04-21,Brazil,"5'6"" / 167.64 cm",167.64,135 lbs / 61.23 kg,61.23,Chute Boxe Joao Emilio,full/1f9dfa1622a2e2de429d69b9d17da1601c0bcf28.jpg,200,300,9.8
324589,Felipe dos Santos,https://www.sherdog.com/fighter/Felipe-dos-Santos-324589,2026-08-18T23:52:32.481702+00:00,"Sep 11, 2000",2000-09-11,Brazil,"5'7"" / 170.18 cm",170.18,124 lbs / 56.25 kg,56.25,Chute Boxe Diego Lima,full/ef6f5d2b834804e6f1ef886be9634a11f1690bb2.jpg,200,300,17.6
60460,Jimmy Flick,https://www.sherdog.com/fighter/Jimmy-Flick-60460,2026-08-18T23:52:32.484452+00:00,"Sep 7, 1990",1990-09-07,United States,"5'7"" / 170.18 cm",170.18,125 lbs / 56.7 kg,56.7,Thunderkick Fitness,full/a3ac74ead3f8cbe78c46e3a565699e72a6496e87.jpg,200,300,10.8
228813,Steve Erceg,https://www.sherdog.com/fighter/Steve-Erceg-228813,2026-08-18T23:52:32.487889+00:00,"Jul 27, 1995",1995-07-27,Australia,"5'8"" / 172.72 cm",172.72,125 lbs / 56.7 kg,56.7,Wilkes Martial Arts,full/c5a3a660ee96c0fad817117fcbe66a1e7199986c.jpg,200,300,14.0
289569,Stewart Nicoll,https://www.sherdog.com/fighter/Stewart-Nicoll-289569,2026-08-18T23:52:32.491454+00:00,"Nov 3, 1994",1994-11-03,Australia,"5'5"" / 165.1 cm",165.1,125 lbs / 56.7 kg,56.7,Broz Martial Arts,full/ac65f5ecdecefc0a8459b57c90b203b65026ecbd.jpg,200,300,15.8
219183,Asu Almabayev,https://www.sherdog.com/fighter/Asu-Almabayev-219183,2026-08-18T23:52:32.494079+00:00,"Jan 25, 1994",1994-01-25,Kazakhstan,"5'4"" / 162.56 cm",162.56,125 lbs / 56.7 kg,56.7,DAR Pro Team,full/66563a1de3b8c67b2439516489be450eaaf458a6.jpg,200,300,15.2
203965,Jesus Santos Aguilar,https://www.sherdog.com/fighter/Jesus-Santos-Aguilar-203965,2026-08-18T23:52:32.498376+00:00,"Mar 13, 1996",1996-03-13,Mexico,"5'3"" / 160.02 cm",160.02,125 lbs / 56.7 kg,56.7,Victory Fight Club,full/4bb3357a3eda475ea81dd3b69f8486fe06c7ff6c.jpg,200,300,15.4
203015,Alden Coria,https://www.sherdog.com/fighter/Alden-Coria-203015,2026-08-18T23:52:32.501529+00:00,"Apr 24, 1998",1998-04-24,United States,"5'8"" / 172.72 cm",172.72,125 lbs / 56.7 kg,56.7,4oz. Fight Club,full/30aaead3cdc7b9e4b65139dc11992395169428eb.jpg,200,300,19.7
133743,Daniel Barez,https://www.sherdog.com/fighter/Daniel-Barez-133743,2026-08-18T23:52:32.504330+00:00,"Dec 10, 1988",1988-12-10,Spain,"5'6"" / 167.64 cm",167.64,125 lbs / 56.7 kg,56.7,Entram Gym,full/5d74bd9c8dcd6c9f35a1e93cddf34e8101d26ed5.jpg,200,300,12.5
283189,Billy Pasulatan,https://www.sherdog.com/fighter/Billy-Pasulatan-283189,2026-08-18T23:52:32.507408+00:00,"Aug 7, 1991",1991-08-07,Indonesia,"5'5"" / 165.1 cm",165.1,125 lbs / 56.7 kg,56.7,Surya Gym Fight Club,full/894ddcf765b21775cc68bb689ad8ce827023ff3a.jpg,200,300,9.5
390131,Dong Hun Choi,https://www.sherdog.com/fighter/Dong-Hun-Choi-390131,2026-08-18T23:52:32.509718+00:00,"Jan 2, 1999",1999-01-02,South Korea,"5'6"" / 167.64 cm",167.64,125 lbs / 56.7 kg,56.7,Pohang Team MAD,full/fd8fd62c05acf35590d85f798580608379861ee8.jpg,200,300,11.6
411079,Kaito Oda,https://www.sherdog.com/fighter/Kaito-Oda-411079,2026-08-18T23:52:32.512101+00:00,"Feb 13, 1998",1998-02-13,Japan,"5'6"" / 167.64 cm",167.64,126 lbs / 57.15 kg,57.15,Carpe Diem Fukuoka,full/576361d5195fb0bfec706fa84de2544784ae0e18.jpg,200,300,10.9
289981,Jung Hyun Lee,https://www.sherdog.com/fighter/Jung-Hyun-Lee-289981,2026-08-18T23:52:32.514210+00:00,"Sep 10, 2002",2002-09-10,South Korea,"5'5"" / 165.1 cm",165.1,126 lbs / 57.15 kg,57.15,Team aom,full/4cf3ab0240820ca913a3539632dce9ed12760d90.jpg,200,300,13.8
15009,Erick Silva,https://www.sherdog.com/fighter/Erick-Silva-15009,2026-08-18T23:52:32.523281+00:00,"Jun 21, 1984",1984-06-21,Brazil,"5'11"" / 180.34 cm",180.34,170 lbs / 77.11 kg,77.11,Team Nogueira,full/786be63b651a63b7858da8a449565cc0b7ae7240.jpg,200,300,17.2
10999,War Machine,https://www.sherdog.com/fighter/War-Machine-10999,2026-08-18T23:52:32.528000+00:00,"Nov 30, 1981",1981-11-30,United States,"5'11"" / 180.34 cm",180.34,170 lbs / 77.11 kg,77.11,Und1sputed,full/ad475da5d7464e6259a4e88d621c1cdbb7c69089.jpg,200,300,17.0
4015,Michael Guymon,https://www.sherdog.com/fighter/Michael-Guymon-4015,2026-08-18T23:52:32.530839+00:00,"Sep 17, 1974",1974-09-17,United States,"6'0"" / 182.88 cm",182.88,155 lbs / 70.31 kg,70.31,Joker's MMA,full/ad553b7cc3ed1be28324dd3f0a9a8475d4b06201.jpg,200,300,11.1
5342,Solomon Hutcherson,https://www.sherdog.com/fighter/Solomon-Hutcherson-5342,2026-08-18T23:52:32.533770+00:00,"Aug 13, 1972",1972-08-13,United States,"5'11"" / 180.34 cm",180.34,185 lbs / 83.91 kg,83.91,,full/90ceef653422e6e523122dbfcf6ebd99ace85b16.jpg,200,300,21.0
245,Dave Menne,https://www.sherdog.com/fighter/Dave-Menne-245,2026-08-18T23:52:32.536514+00:00,"Jul 29, 1974",1974-07-29,United States,"5'10"" / 177.8 cm",177.8,185 lbs / 83.91 kg,83.91,Menne Combat Academy,full/8ba677003a2664f7984a0f54a86ad107c32d3124.jpg,200,300,13.7
4411,Forrest Petz,https://www.sherdog.com/fighter/Forrest-Petz-4411,2026-08-18T23:52:32.541029+00:00,"Sep 22, 1975",1975-09-22,United States,"5'9"" / 175.26 cm",175.26,185 lbs / 83.91 kg,83.91,Strong Style Fight Team,full/4ae5726c6617d842cd49548641f0ff74ac6549ba.jpg,200,300,13.7
6428,Luke Cummo,https://www.sherdog.com/fighter/Luke-Cummo-6428,2026-08-18T23:52:32.544777+00:00,"Apr 27, 1980",1980-04-27,United States,"6'0"" / 182.88 cm",182.88,170 lbs / 77.11 kg,77.11,Serra-Longo Fight Team,full/f72dd92996d9685e3ba4fb77c239275ad8f941ae.jpg,200,300,16.8
6123,Brodie Farber,https://www.sherdog.com/fighter/Brodie-Farber-6123,2026-08-18T23:52:32.548129+00:00,"Jul 5, 1980",1980-07-05,United States,"6'1"" / 185.42 cm",185.42,205 lbs / 92.99 kg,92.99,Tiger Muay Thai,full/19fdd7c6b8ea7794653c960c844ebc16e2275621.jpg,200,300,15.6
2886,Roan Carneiro,https://www.sherdog.com/fighter/Roan-Carneiro-2886,2026-08-18T23:52:32.550848+00:00,"Jun 2, 1978",1978-06-02,Brazil,"5'11"" / 180.34 cm",180.34,170 lbs / 77.11 kg,77.11,American Top Team Atlanta,full/d98a89d8f01382395b1cda43fc87171da7f8ec5c.jpg,200,300,20.3
10003,Joshua Burkman,https://www.sherdog.com/fighter/Joshua-Burkman-10003,2026-08-18T23:52:32.554797+00:00,"Oct 4, 1980",1980-10-04,United States,"5'10"" / 177.8 cm",177.8,155 lbs / 70.31 kg,70.31,The Pit Elevated Fight Team,full/eb65384c837e323940ae836614af18f79db0066b.jpg,200,300,17.5
257629,Robert Montiel,https://www.sherdog.com/fighter/Robert-Montiel-257629,2026-08-18T23:54:07.645875+00:00,"Jan 12, 1988",1988-01-12,Venezuela,,,155 lbs / 70.31 kg,70.31,S&G Club MMA,full/06750042ca3546753bbb0eb81887e4093da8ed0e.jpg,200,300,11.3
31777,Joachim Christensen,https://www.sherdog.com/fighter/Joachim-Christensen-31777,2026-08-18T23:52:32.560835+00:00,,,Denmark,"6'3"" / 190.5 cm",190.5,204 lbs / 92.53 kg,92.53,Arte Suave Copenhagen,full/6af8ac375fbe2b659a0690e08c224740bc0c5345.jpg,200,300,14.0
12400,Bojan Mihajlovic,https://www.sherdog.com/fighter/Bojan-Mihajlovic-12400,2026-08-18T23:54:07.566833+00:00,"Mar 30, 1980",1980-03-30,Serbia,"5'11"" / 180.34 cm",180.34,205 lbs / 92.99 kg,92.99,Family Fight Team,full/af22e4b01d9d06146d400cf0c009279de1e74808.jpg,200,300,16.9
55325,Gadzhimurad Antigulov,https://www.sherdog.com/fighter/Gadzhimurad-Antigulov-55325,2026-08-18T23:54:07.571536+00:00,"Jan 1, 1987",1987-01-01,Russia,"5'11"" / 180.34 cm",180.34,205 lbs / 92.99 kg,92.99,American Top Team,full/ca41b2b64ce27b12a9d0168fc39efabcea807449.jpg,200,300,12.5
6727,K.J. Noons,https://www.sherdog.com/fighter/KJ-Noons-6727,2026-08-18T23:54:07.575510+00:00,"Dec 7, 1982",1982-12-07,United States,"5'11"" / 180.34 cm",180.34,168 lbs / 76.2 kg,76.2,The Arena,full/562ae31e8fcfa189e6bc80170f59adf0f82922b0.jpg,200,300,13.6
487,Tony DeSouza,https://www.sherdog.com/fighter/Tony-DeSouza-487,2026-08-18T23:54:07.579310+00:00,"Jul 26, 1974",1974-07-26,Peru,"6'0"" / 182.88 cm",182.88,169 lbs / 76.66 kg,76.66,Millennia MMA,full/ebf7ac48ae00e18e4027baa4a1edcae1f8378ae7.jpg,200,300,11.0
3139,Sam Morgan,https://www.sherdog.com/fighter/Sam-Morgan-3139,2026-08-18T23:54:07.583205+00:00,"Sep 28, 1981",1981-09-28,United States,"5'10"" / 177.8 cm",177.8,165 lbs / 74.84 kg,74.84,Team Bison,full/1d4a7eda95d15b5e1a1ba95fecdc49b23422e84c.jpg,200,300,10.3
5781,Jared Rollins,https://www.sherdog.com/fighter/Jared-Rollins-5781,2026-08-18T23:54:07.586747+00:00,"Jan 26, 1977",1977-01-26,United States,"5'9"" / 175.26 cm",175.26,185 lbs / 83.91 kg,83.91,Team Oyama,full/9dacf4fe1ccdffa81b1586f8b4fc25175d21b75a.jpg,200,300,13.2
3217,Luis Ramos,https://www.sherdog.com/fighter/Luis-Ramos-3217,2026-08-18T23:54:07.589366+00:00,"Jan 18, 1981",1981-01-18,Brazil,"5'8"" / 172.72 cm",172.72,170 lbs / 77.11 kg,77.11,Nova Uniao,full/d74ac10a2dd87b5915e57cea3137682998a0016e.jpg,200,300,15.3
6767,Carlo Prater,https://www.sherdog.com/fighter/Carlo-Prater-6767,2026-08-18T23:54:07.592897+00:00,"Jun 25, 1981",1981-06-25,Brazil,"5'11"" / 180.34 cm",180.34,170 lbs / 77.11 kg,77.11,Neo Dojo,full/754d24d161943118f3c70d43dbbf1249fabab8f9.jpg,200,300,14.6
87296,Mike Rhodes,https://www.sherdog.com/fighter/Mike-Rhodes-87296,2026-08-18T23:54:07.597164+00:00,"Dec 4, 1989",1989-12-04,United States,"6'1"" / 185.42 cm",185.42,185 lbs / 83.91 kg,83.91,Roufusport,full/7304519477ab8aaebf9562db4eef57b79a4a91eb.jpg,200,300,17.2
216,Valeri Ignatov,https://www.sherdog.com/fighter/Valeri-Ignatov-216,2026-08-18T23:54:07.601456+00:00,,,Bulgaria,"5'9"" / 175.26 cm",175.26,191 lbs / 86.64 kg,86.64,Shamrock 2000,full/b174e7ccbc527854b2d02c81bd05556376bbd00f.jpg,200,300,13.3
257,Marcelo Aguiar,https://www.sherdog.com/fighter/Marcelo-Aguiar-257,2026-08-18T23:54:07.603490+00:00,"Jan 20, 1969",1969-01-20,Brazil,"5'8"" / 172.72 cm",172.72,168 lbs / 76.2 kg,76.2,Academia Boxe,full/bec22c74ef2fc9ae2b8707494f1e7730a791f944.jpg,200,300,10.8
432,Hayato Sakurai,https://www.sherdog.com/fighter/Hayato-Sakurai-432,2026-08-18T23:54:07.605511+00:00,"Aug 24, 1975",1975-08-24,Japan,"5'7"" / 170.18 cm",170.18,168 lbs / 76.2 kg,76.2,Mach Dojo,full/0654b7a33d3a7cc3ac9483c11085e9eaa386745d.jpg,200,300,11.8
290,Renzo Gracie,https://www.sherdog.com/fighter/Renzo-Gracie-290,2026-08-18T23:54:07.609156+00:00,"Mar 11, 1967",1967-03-11,Brazil,"5'10"" / 177.8 cm",177.8,171 lbs / 77.56 kg,77.56,Renzo Gracie Jiu-Jitsu,full/af835804a9431403a44364567b7f992ded4f4435.jpg,200,300,15.6
274657,Angad Bisht,https://www.sherdog.com/fighter/Angad-Bisht-274657,2026-08-18T23:54:07.611817+00:00,"Jun 5, 1995",1995-06-05,India,"5'7"" / 170.18 cm",170.18,125 lbs / 56.7 kg,56.7,Mutant MMA Academy,full/1a7f9e4dc7d13d3d4b6fce2baf40a021924ec2b7.jpg,200,300,12.3
161451,Kierandip Singh Sahota,https://www.sherdog.com/fighter/Kierandip-Singh-Sahota-161451,2026-08-18T23:54:07.614041+00:00,"May 28, 1995",1995-05-28,England,"5'10"" / 177.8 cm",177.8,126 lbs / 57.15 kg,57.15,Manchester Top Team,full/5d04a77b31bf73881e31d6755ef30fff3ff2207f.jpg,200,300,12.9
131375,Jafel Filho,https://www.sherdog.com/fighter/Jafel-Filho-131375,2026-08-18T23:54:07.617100+00:00,"May 5, 1993",1993-05-05,Brazil,"5'7"" / 170.18 cm",170.18,135 lbs / 61.23 kg,61.23,Nova Uniao,full/c66bc4471aa653af16a59c40f515b2c64f8c924e.jpg,200,300,11.1
65792,Shannon Ross,https://www.sherdog.com/fighter/Shannon-Ross-65792,2026-08-18T23:54:07.621211+00:00,"May 12, 1989",1989-05-12,Australia,"5'6"" / 167.64 cm",167.64,125 lbs / 56.7 kg,56.7,Platinum Boxing Club,full/b2a3d501b07dc62fc6c4dd97667494318b480c8f.jpg,200,300,9.2
336923,Mateus Mendonca,https://www.sherdog.com/fighter/Mateus-Mendonca-336923,2026-08-18T23:54:07.624144+00:00,"Jan 7, 1999",1999-01-07,Brazil,"5'5"" / 165.1 cm",165.1,125 lbs / 56.7 kg,56.7,Chute Boxe Diego Lima,full/2ce55e3bb6dc200060c46b6efa4680bed452e2f6.jpg,200,300,15.2
302523,Jose Ochoa,https://www.sherdog.com/fighter/Jose-Ochoa-302523,2026-08-18T23:54:07.626830+00:00,"Dec 31, 2000",2000-12-31,Peru,"5'7"" / 170.18 cm",170.18,125 lbs / 56.7 kg,56.7,Chute Boxe Diego Lima,full/f12284e6b98747624600ea655b8086a424868358.jpg,200,300,13.9
255729,Lucas Rocha,https://www.sherdog.com/fighter/Lucas-Rocha-255729,2026-08-18T23:54:07.629727+00:00,"Aug 12, 2000",2000-08-12,Brazil,"5'4"" / 162.56 cm",162.56,125 lbs / 56.7 kg,56.7,Renovacao Coari Team,full/6cac32cbcc83c3aa1ada1cb917d09cebe8d2edd6.jpg,200,300,11.9
215649,Ramazonbek Temirov,https://www.sherdog.com/fighter/Ramazonbek-Temirov-215649,2026-08-18T23:54:07.634249+00:00,"Jan 31, 1997",1997-01-31,Uzbekistan,"5'5"" / 165.1 cm",165.1,126 lbs / 57.15 kg,57.15,Muradov Legion Team,full/8155c7adf35671522339eb0cfa8879c021974289.jpg,200,300,15.7
213249,Lone'er Kavanagh,https://www.sherdog.com/fighter/Loneer-Kavanagh-213249,2026-08-18T23:54:07.637215+00:00,"Jun 9, 1999",1999-06-09,England,"5'4"" / 162.56 cm",162.56,125 lbs / 56.7 kg,56.7,Great Britain Top Team,full/a9441c3955194ac6ddb50bf2a4444253ffdfdb11.jpg,200,300,14.4
248169,Jean-Paul Lebosnoyani,https://www.sherdog.com/fighter/JeanPaul-Lebosnoyani-248169,2026-08-18T23:54:07.640158+00:00,"Jan 27, 1999",1999-01-27,United States,"5'11"" / 180.34 cm",180.34,171 lbs / 77.56 kg,77.56,California Mixed Martial Arts,full/401d5a3d22f476e6245a6d20a320a771a1423cdc.jpg,200,300,9.7
392031,Bo Nickal,https://www.sherdog.com/fighter/Bo-Nickal-392031,2026-08-18T23:54:07.642771+00:00,"Jan 14, 1996",1996-01-14,United States,"6'1"" / 185.42 cm",185.42,185 lbs / 83.91 kg,83.91,American Top Team Happy Valley,full/3b108ce07efd52f017bad73bd18e35b1b6eaba24.jpg,200,300,14.1
219965,Daniel Frunza,https://www.sherdog.com/fighter/Daniel-Frunza-219965,2026-08-18T23:54:07.647591+00:00,"Apr 13, 1994",1994-04-13,Romania,"6'1"" / 185.42 cm",185.42,170 lbs / 77.11 kg,77.11,Black House Santiago,full/7b097bc9b514af5e02b201b532f61cfdaae52cef.jpg,200,300,9.0
4102,Chris Liguori,https://www.sherdog.com/fighter/Chris-Liguori-4102,2026-08-18T23:54:07.650114+00:00,,,United States,"5'10"" / 177.8 cm",177.8,155 lbs / 70.31 kg,70.31,Ricardo Almeida Jiu-Jitsu,full/41101f3f20acc0ddb1451bfe40c98b5ba6bc07b1.jpg,200,300,11.9
12,Enson Inoue,https://www.sherdog.com/fighter/Enson-Inoue-12,2026-08-18T23:54:07.653059+00:00,"Apr 15, 1967",1967-04-15,Japan,"5'10"" / 177.8 cm",177.8,204 lbs / 92.53 kg,92.53,Purebred Omiya,full/fc783e0177e1c8c8f641145b307f11d355e03fc5.jpg,200,300,12.4
9033,James Te Huna,https://www.sherdog.com/fighter/James-Te-Huna-9033,2026-08-18T23:54:07.655643+00:00,"Sep 29, 1981",1981-09-29,Australia,"6'1"" / 185.42 cm",185.42,185 lbs / 83.91 kg,83.91,Pirtek Athletic Allstars,full/c3ca8611f23256912298d8ab4ed8d146c0fc48e3.jpg,200,300,13.5
181,Brad Kohler,https://www.sherdog.com/fighter/Brad-Kohler-181,2026-08-18T23:54:07.659553+00:00,"May 26, 1964",1964-05-26,United States,"5'9"" / 175.26 cm",175.26,220 lbs / 99.79 kg,99.79,,full/ea2a22f9728eebbdadfb0d266f2e87cc012ad693.jpg,200,300,10.6
72052,Justin Ledet,https://www.sherdog.com/fighter/Justin-Ledet-72052,2026-08-18T23:54:07.662419+00:00,"Sep 28, 1988",1988-09-28,United States,"6'4"" / 193.04 cm",193.04,205 lbs / 92.99 kg,92.99,,full/ea4c7903e86a22357f69166d4d631714a430061a.jpg,200,300,22.1
116389,Dmitriy Sosnovskiy,https://www.sherdog.com/fighter/Dmitriy-Sosnovskiy-116389,2026-08-18T23:54:07.666967+00:00,"Jul 6, 1989",1989-07-06,Russia,"6'3"" / 190.5 cm",190.5,240 lbs / 108.86 kg,108.86,GOR MMA,full/33cbc6401cab2111202c1d158a804c013a749136.jpg,200,300,12.0
74176,Viktor Pesta,https://www.sherdog.com/fighter/Viktor-Pesta-74176,2026-08-18T23:54:07.669164+00:00,"Jul 15, 1990",1990-07-15,Czech Republic,"6'3"" / 190.5 cm",190.5,205 lbs / 92.99 kg,92.99,Kill Cliff FC,full/a0116ef9e2626410c614586ce1054eb61ec3b9a0.jpg,200,300,16.5
16551,Ryan Madigan,https://www.sherdog.com/fighter/Ryan-Madigan-16551,2026-08-18T23:54:07.672485+00:00,,,United States,"6'0"" / 182.88 cm",182.88,170 lbs / 77.11 kg,77.11,Jungle Fight Team,full/db0452a759ea5f3398614690d50ad2a7a28a0386.jpg,200,300,13.8
19478,Logan Clark,https://www.sherdog.com/fighter/Logan-Clark-19478,2026-08-18T23:54:07.674600+00:00,"Feb 16, 1985",1985-02-16,United States,"6'2"" / 187.96 cm",187.96,185 lbs / 83.91 kg,83.91,The Academy MN,full/134b1e8c694364544d6ce716ec20be9d0f97b04b.jpg,200,300,12.2
59375,Jeremy Kimball,https://www.sherdog.com/fighter/Jeremy-Kimball-59375,2026-08-18T23:54:07.677249+00:00,"Mar 1, 1991",1991-03-01,United States,"6'0"" / 182.88 cm",182.88,213 lbs / 96.62 kg,96.62,Team Wildman Vale Tudo,full/8811ebf6568aa1c4de22ed4a5eb9f0e538a28a96.jpg,200,300,13.7
55092,Christian Colombo,https://www.sherdog.com/fighter/Christian-Colombo-55092,2026-08-18T23:54:07.680708+00:00,"Jan 7, 1980",1980-01-07,Denmark,"6'5"" / 195.58 cm",195.58,258 lbs / 117.03 kg,117.03,Combat Sports Academy,full/c4a42cd660bc0efedba4ac593b9894e93a38686c.jpg,200,300,13.2
175321,Arjan Singh Bhullar,https://www.sherdog.com/fighter/Arjan-Singh-Bhullar-175321,2026-08-18T23:54:07.684320+00:00,"May 13, 1986",1986-05-13,Canada,"6'1"" / 185.42 cm",185.42,241 lbs / 109.32 kg,109.32,American Kickboxing Academy,full/dba085090a17450de93a4f047e7b854031743501.jpg,200,300,13.5
28286,Nandor Guelmino,https://www.sherdog.com/fighter/Nandor-Guelmino-28286,2026-08-18T23:54:07.687305+00:00,"Dec 20, 1975",1975-12-20,Austria,"6'3"" / 190.5 cm",190.5,230 lbs / 104.33 kg,104.33,Gym 23,full/02980a867d16f738be51e9fd62a585513f649de4.jpg,200,300,15.8
146377,Chris de la Rocha,https://www.sherdog.com/fighter/Chris-de-la-Rocha-146377,2026-08-18T23:54:07.690071+00:00,"May 15, 1979",1979-05-15,United States,"6'3"" / 190.5 cm",190.5,243 lbs / 110.22 kg,110.22,Forge Combat Academy,full/7c4faf1813ab4799f4ad10ed4bdda18a62ae548c.jpg,200,300,8.9
76397,Jarjis Danho,https://www.sherdog.com/fighter/Jarjis-Danho-76397,2026-08-18T23:54:07.694629+00:00,"Oct 15, 1983",1983-10-15,Syria,"6'3"" / 190.5 cm",190.5,256 lbs / 116.12 kg,116.12,Hammers Team,full/995b30f74284b709d9ca0e13e213ce471e439da7.jpg,200,300,16.1
75842,Ruan Potts,https://www.sherdog.com/fighter/Ruan-Potts-75842,2026-08-18T23:54:07.697167+00:00,"Feb 23, 1978",1978-02-23,South Africa,"6'2"" / 187.96 cm",187.96,251 lbs / 113.85 kg,113.85,Mark Robinson MMA,full/8fbebef131f1c051b55b6edc2774f29785a21b03.jpg,200,300,10.7
30320,Damian Grabowski,https://www.sherdog.com/fighter/Damian-Grabowski-30320,2026-08-18T23:54:07.699884+00:00,"May 12, 1980",1980-05-12,Poland,"6'1"" / 185.42 cm",185.42,261 lbs / 118.39 kg,118.39,Lutadores Opole,full/44889335867caf71bd1dd4d0716c0070787d4170.jpg,200,300,12.0
79995,Marcel Fortuna,https://www.sherdog.com/fighter/Marcel-Fortuna-79995,2026-08-18T23:54:07.702900+00:00,"Oct 22, 1985",1985-10-22,Brazil,"6'1"" / 185.42 cm",185.42,205 lbs / 92.99 kg,92.99,Ralph Gracie Jiu-Jitsu,full/e36009fec5ef345a9a929500c8e720618b343903.jpg,200,300,12.9
172211,Daniel Spitz,https://www.sherdog.com/fighter/Daniel-Spitz-172211,2026-08-18T23:54:07.705473+00:00,"Jul 31, 1990",1990-07-31,United States,"6'7"" / 200.66 cm",200.66,240 lbs / 108.86 kg,108.86,Sikjitsu,full/4d4da2ecab3b168799c27061aa232c8c78d38f21.jpg,200,300,12.1
86930,Adam Wieczorek,https://www.sherdog.com/fighter/Adam-Wieczorek-86930,2026-08-18T23:54:07.708035+00:00,"Feb 5, 1992",1992-02-05,Poland,"6'5"" / 195.58 cm",195.58,232 lbs / 105.23 kg,105.23,AKS Chorzow,full/97660a2067f79b4e5b48770520cbae737d930a1f.jpg,200,300,11.4
10924,Rob Broughton,https://www.sherdog.com/fighter/Rob-Broughton-10924,2026-08-18T23:54:07.710583+00:00,"Mar 3, 1983",1983-03-03,England,"6'2"" / 187.96 cm",187.96,258 lbs / 117.03 kg,117.03,Atherton Submission Wrestling,full/491dfd791ec6c5b74c77a53495beef3924e7f8c7.jpg,200,300,15.6
54543,Oli Thompson,https://www.sherdog.com/fighter/Oli-Thompson-54543,2026-08-18T23:54:07.713487+00:00,"Jan 2, 1980",1980-01-02,England,"6'1"" / 185.42 cm",185.42,234 lbs / 106.14 kg,106.14,GOR MMA,full/5233ebf2d563963e87e8e54e53a3d2ceee275f5a.jpg,200,300,18.6
2873,John Olav Einemo,https://www.sherdog.com/fighter/John-Olav-Einemo-2873,2026-08-18T23:54:07.716855+00:00,"Dec 10, 1975",1975-12-10,Norway,"6'6"" / 198.12 cm",198.12,251 lbs / 113.85 kg,113.85,Golden Glory,full/c2834dc7c5abc70692f7c41f731fe15ac959458d.jpg,200,300,18.5
33161,Mairbek Taisumov,https://www.sherdog.com/fighter/Mairbek-Taisumov-33161,2026-08-18T23:54:07.719108+00:00,"Aug 8, 1988",1988-08-08,Russia,"5'9"" / 175.26 cm",175.26,155 lbs / 70.31 kg,70.31,Team Taisumov,full/2a1ccbf4e15c547214feb61cddd6561df7657606.jpg,200,300,11.8
17316,Jonathan Brookins,https://www.sherdog.com/fighter/Jonathan-Brookins-17316,2026-08-18T23:54:07.723147+00:00,"Aug 13, 1985",1985-08-13,United States,"6'0"" / 182.88 cm",182.88,145 lbs / 65.77 kg,65.77,Tristar Gym,full/b1f6c72ec8c306bee09a9cb982f1b547a14493ab.jpg,200,300,20.3
53274,Matt Gabel,https://www.sherdog.com/fighter/Matt-Gabel-53274,2026-08-18T23:55:46.152502+00:00,"Sep 16, 1985",1985-09-16,United States,"6'0"" / 182.88 cm",182.88,185 lbs / 83.91 kg,83.91,Renegade Combat Sports,full/06750042ca3546753bbb0eb81887e4093da8ed0e.jpg,200,300,11.3
50928,Mike King,https://www.sherdog.com/fighter/Mike-King-50928,2026-08-18T23:55:46.154949+00:00,"Aug 4, 1983",1983-08-04,United States,"6'3"" / 190.5 cm",190.5,184 lbs / 83.46 kg,83.46,Buckeye MMA,full/06750042ca3546753bbb0eb81887e4093da8ed0e.jpg,200,300,11.3
193,Noe Hernandez,https://www.sherdog.com/fighter/Noe-Hernandez-193,2026-08-18T23:55:46.181219+00:00,,,,,,,,,full/06750042ca3546753bbb0eb81887e4093da8ed0e.jpg,200,300,11.3
20121,Neil Wain,https://www.sherdog.com/fighter/Neil-Wain-20121,2026-08-18T23:55:46.222394+00:00,,,England,"5'10"" / 177.8 cm",177.8,242 lbs / 109.77 kg,109.77,,full/06750042ca3546753bbb0eb81887e4093da8ed0e.jpg,200,300,11.3
37260,Rafaello Oliveira,https://www.sherdog.com/fighter/Rafaello-Oliveira-37260,2026-08-18T23:54:07.727104+00:00,"Jan 26, 1982",1982-01-26,United States,"5'8"" / 172.72 cm",172.72,155 lbs / 70.31 kg,70.31,AMA Fight Club,full/136b5eddc5296ca5186c0a72c3ef3f96b473060c.jpg,200,300,16.1
14306,Ran Weathers,https://www.sherdog.com/fighter/Ran-Weathers-14306,2026-08-18T23:55:45.956451+00:00,"Apr 4, 1982",1982-04-04,United States,"5'10"" / 177.8 cm",177.8,145 lbs / 65.77 kg,65.77,Gracie Barra,full/691c7286fd1c24b585a218c02b9748c1d8b151d5.jpg,200,300,11.3
17653,Sevak Magakian,https://www.sherdog.com/fighter/Sevak-Magakian-17653,2026-08-18T23:55:45.970183+00:00,"Jul 2, 1985",1985-07-02,United States,"6'0"" / 182.88 cm",182.88,154 lbs / 69.85 kg,69.85,Team Hayastan,full/a3ed8a38a97014d28c561ab0ebbfeec7ed41a8ba.jpg,200,300,12.4
6527,Sako Chivitchyan,https://www.sherdog.com/fighter/Sako-Chivitchyan-6527,2026-08-18T23:55:45.973605+00:00,"Mar 11, 1984",1984-03-11,United States,,,156 lbs / 70.76 kg,70.76,Team Hayastan,full/a61e47e13032c4e423e9cc55eaa73f6bc4671dc3.jpg,200,300,10.5
7127,Kyle Watson,https://www.sherdog.com/fighter/Kyle-Watson-7127,2026-08-18T23:55:45.976530+00:00,"Aug 9, 1979",1979-08-09,United States,"6'0"" / 182.88 cm",182.88,155 lbs / 70.31 kg,70.31,HIT Squad,full/e9b4d418b03a6e282c0387a928d0e05b104c3d6d.jpg,200,300,10.0
43107,Vagner Rocha,https://www.sherdog.com/fighter/Vagner-Rocha-43107,2026-08-18T23:55:45.980292+00:00,"Jun 6, 1982",1982-06-06,Brazil,"5'11"" / 180.34 cm",180.34,155 lbs / 70.31 kg,70.31,Team VRMA,full/6156bb5849f044dc0cf87dcad2f72758c414c7d4.jpg,200,300,12.0
55705,Marcin Bandel,https://www.sherdog.com/fighter/Marcin-Bandel-55705,2026-08-18T23:55:45.983285+00:00,"Oct 10, 1989",1989-10-10,Poland,"5'10"" / 177.8 cm",177.8,170 lbs / 77.11 kg,77.11,Zenith Vera Fight Club,full/13c9655fffacfb393bb52d71272caeb8f47d6584.jpg,200,300,11.2
48631,Vinicius Kappke de Queiroz,https://www.sherdog.com/fighter/Vinicius-Kappke-de-Queiroz-48631,2026-08-18T23:55:45.986538+00:00,"Aug 29, 1983",1983-08-29,Brazil,"6'7"" / 200.66 cm",200.66,237 lbs / 107.5 kg,107.5,Team Nogueira,full/dc3c1b250f35d26c2058f2610ef9e98cbf828ff2.jpg,200,300,16.8
239097,Juan Adams,https://www.sherdog.com/fighter/Juan-Adams-239097,2026-08-18T23:55:45.989199+00:00,"Jan 16, 1992",1992-01-16,United States,"6'5"" / 195.58 cm",195.58,265 lbs / 120.2 kg,120.2,Jackson-Wink MMA,full/a99d9f8a74af9318dd719e548e575025818b392f.jpg,200,300,12.7
6608,Luis Henrique,https://www.sherdog.com/fighter/Luis-Henrique-6608,2026-08-18T23:55:46.091356+00:00,"Aug 21, 1993",1993-08-21,Brazil,"6'2"" / 187.96 cm",187.96,253 lbs / 114.76 kg,114.76,Tata Fight Team,full/570b968ef8eb87f76b843d6c03f958533bebfd9f.jpg,200,300,16.4
18495,Josh Stansbury,https://www.sherdog.com/fighter/Josh-Stansbury-18495,2026-08-18T23:55:46.095217+00:00,"Nov 19, 1984",1984-11-19,United States,"6'2"" / 187.96 cm",187.96,205 lbs / 92.99 kg,92.99,Team Impact,full/9ddf6e53cfdbf32410a1594206f83ca91f7e5fda.jpg,200,300,13.5
107757,Darko Stosic,https://www.sherdog.com/fighter/Darko-Stosic-107757,2026-08-18T23:55:46.098806+00:00,"Feb 9, 1992",1992-02-09,Serbia,"6'0"" / 182.88 cm",182.88,237 lbs / 107.5 kg,107.5,MMA Red Star,full/e6765e3b07105e19d22eea60676d84b2895946d2.jpg,200,300,14.9
68352,Azunna Anyanwu,https://www.sherdog.com/fighter/Azunna-Anyanwu-68352,2026-08-18T23:55:46.102197+00:00,"Aug 5, 1981",1981-08-05,United States,"6'1"" / 185.42 cm",185.42,251 lbs / 113.85 kg,113.85,Renzo Gracie Philly,full/f133e2208ef3ba467eeb104ba8bb67279aff732a.jpg,200,300,12.0
228789,Aleksa Camur,https://www.sherdog.com/fighter/Aleksa-Camur-228789,2026-08-18T23:55:46.104814+00:00,"Sep 25, 1995",1995-09-25,United States,"6'0"" / 182.88 cm",182.88,205 lbs / 92.99 kg,92.99,Strong Style Fight Team,full/c679360e35792ed2e08d2b98bc1ef9a8272b2c0f.jpg,200,300,14.9
15129,Aaron Rosa,https://www.sherdog.com/fighter/Aaron-Rosa-15129,2026-08-18T23:55:46.107437+00:00,"May 28, 1983",1983-05-28,United States,"6'3"" / 190.5 cm",190.5,205 lbs / 92.99 kg,92.99,Rodrigo Pinheiro BJJ,full/2af1b4653cc53b3b813eeec292b4ca8045417aaf.jpg,200,300,17.4
133677,Reinier de Ridder,https://www.sherdog.com/fighter/Reinier-de-Ridder-133677,2026-08-18T23:55:46.110421+00:00,"Sep 7, 1990",1990-09-07,Netherlands,"6'4"" / 193.04 cm",193.04,185 lbs / 83.91 kg,83.91,Combat Brothers,full/02cef4c1970772af70795491098562a99e6d1979.jpg,200,300,19.0
208467,Clayton Carpenter,https://www.sherdog.com/fighter/Clayton-Carpenter-208467,2026-08-18T23:55:46.113909+00:00,"Jun 4, 1996",1996-06-04,United States,"5'5"" / 165.1 cm",165.1,125 lbs / 56.7 kg,56.7,MMA Lab,full/fbafae4b0cd87a62760429037d407ffea8d747a7.jpg,200,300,12.7
251777,Shuai Yin,https://www.sherdog.com/fighter/Shuai-Yin-251777,2026-08-18T23:55:46.116735+00:00,"Jan 1, 1997",1997-01-01,China,"5'5"" / 165.1 cm",165.1,125 lbs / 56.7 kg,56.7,Longlin Fight Club,full/4f9db82ab0f8aabef96dfb6c8d74b70d38656aa1.jpg,200,300,11.7
391414,Ruel Panales,https://www.sherdog.com/fighter/Ruel-Panales-391414,2026-08-18T23:55:46.119606+00:00,"Dec 7, 1996",1996-12-07,Philippines,"5'5"" / 165.1 cm",165.1,135 lbs / 61.23 kg,61.23,DyIncredible FFC,full/c7ba1ae16c5c8f4c4a1c72ec1995d33b07473120.jpg,200,300,9.9
334483,John Dave Almanza,https://www.sherdog.com/fighter/John-Dave-Almanza-334483,2026-08-18T23:55:46.121998+00:00,"Mar 22, 2004",2004-03-22,Philippines,"5'7"" / 170.18 cm",170.18,126 lbs / 57.15 kg,57.15,Yaw-Yan Fervilleon,full/b27e09a18386437dcb99ad840a127e13823bedeb.jpg,200,300,6.6
23538,Marcus LeVesseur,https://www.sherdog.com/fighter/Marcus-LeVesseur-23538,2026-08-18T23:55:46.123901+00:00,"Jul 17, 1983",1983-07-17,United States,"5'10"" / 177.8 cm",177.8,155 lbs / 70.31 kg,70.31,Minnesota Fight Factory,full/5c71d18e34c3dd974621466b563f7f7e2790d921.jpg,200,300,15.3
1303,Steve Berger,https://www.sherdog.com/fighter/Steve-Berger-1303,2026-08-18T23:55:46.131987+00:00,"May 20, 1973",1973-05-20,United States,"5'10"" / 177.8 cm",177.8,170 lbs / 77.11 kg,77.11,Berger MMA,full/cc553e91c68fedaeb441eb52533aa201696a8c37.jpg,200,300,12.9
1332,Paul Rodriguez,https://www.sherdog.com/fighter/Paul-Rodriguez-1332,2026-08-18T23:55:46.135863+00:00,"May 18, 1975",1975-05-18,United States,"5'8"" / 172.72 cm",172.72,155 lbs / 70.31 kg,70.31,American Top Team Orlando,full/38df67a79cf9a8385ac4adfd087de5c7b11c7c9f.jpg,200,300,13.7
438,Jutaro Nakao,https://www.sherdog.com/fighter/Jutaro-Nakao-438,2026-08-18T23:55:46.138359+00:00,"Nov 30, 1970",1970-11-30,Japan,"5'9"" / 175.26 cm",175.26,170 lbs / 77.11 kg,77.11,Jutaro Nakao MMA School,full/30d40be458cacf905d2aad03842b753def0c3e7f.jpg,200,300,12.2
63045,Abdul-Kerim Edilov,https://www.sherdog.com/fighter/AbdulKerim-Edilov-63045,2026-08-18T23:55:46.141951+00:00,"Nov 25, 1991",1991-11-25,Russia,"6'3"" / 190.5 cm",190.5,205 lbs / 92.99 kg,92.99,Fight Club Akhmat,full/1418ca69f31b1011172f325a429531830b8157d9.jpg,200,300,10.2
53717,Daron Cruickshank,https://www.sherdog.com/fighter/Daron-Cruickshank-53717,2026-08-18T23:55:46.144430+00:00,"Jun 11, 1985",1985-06-11,United States,"5'8"" / 172.72 cm",172.72,155 lbs / 70.31 kg,70.31,Michigan Top Team,full/899a90e9aa602fb6e289305d30ba1c07dab9d725.jpg,200,300,16.9
77303,Oskar Piechota,https://www.sherdog.com/fighter/Oskar-Piechota-77303,2026-08-18T23:55:46.149441+00:00,"Jan 24, 1990",1990-01-24,Poland,"6'0"" / 182.88 cm",182.88,185 lbs / 83.91 kg,83.91,Piranha Grappling Team,full/180939b221e7abc5ba3567ac2c6ca8aa88356b2e.jpg,200,300,14.2
17843,Tom Gallicchio,https://www.sherdog.com/fighter/Tom-Gallicchio-17843,2026-08-18T23:55:46.157432+00:00,"Sep 23, 1986",1986-09-23,United States,"5'9"" / 175.26 cm",175.26,170 lbs / 77.11 kg,77.11,Team Quest,full/cd9a1214c81f9196c7b53282ce5d546a7fd83756.jpg,200,300,14.8
2829,Wesley Correira,https://www.sherdog.com/fighter/Wesley-Correira-2829,2026-08-18T23:55:46.161005+00:00,"Nov 11, 1978",1978-11-11,United States,"6'3"" / 190.5 cm",190.5,253 lbs / 114.76 kg,114.76,Cabbage MMA,full/ea4abe8fd9042561462aee43170cd9f5d3a423b9.jpg,200,300,10.5
273,Gan McGee,https://www.sherdog.com/fighter/Gan-McGee-273,2026-08-18T23:55:46.164434+00:00,"Nov 20, 1976",1976-11-20,United States,"6'10"" / 208.28 cm",208.28,260 lbs / 117.93 kg,117.93,S.K.S. Fight Team,full/0f25961128d43a75c57b3cd4bae5b54d401fb336.jpg,200,300,17.7
157,Tra Telligman,https://www.sherdog.com/fighter/Tra-Telligman-157,2026-08-18T23:55:46.167229+00:00,"Feb 7, 1965",1965-02-07,United States,"6'2"" / 187.96 cm",187.96,233 lbs / 105.69 kg,105.69,Lion's Den,full/ab9a75831f43bcd0ec15883d1c9a28d3b32edd85.jpg,200,300,12.6
8198,Keigo Kunihara,https://www.sherdog.com/fighter/Keigo-Kunihara-8198,2026-08-18T23:55:46.170012+00:00,,,Japan,"6'0"" / 182.88 cm",182.88,228 lbs / 103.42 kg,103.42,,full/88d5c09ce70c90d09f0fa8076c29b098df8f2ea2.jpg,200,300,10.2
11962,Sean Gannon,https://www.sherdog.com/fighter/Sean-Gannon-11962,2026-08-18T23:55:46.171826+00:00,,,United States,"6'3"" / 190.5 cm",190.5,265 lbs / 120.2 kg,120.2,Peter Welch's Gym,full/07f1d55e6d395b169df9bc9e97e8dbbd948d1dd2.jpg,200,300,17.2
495,Jason Lambert,https://www.sherdog.com/fighter/Jason-Lambert-495,2026-08-18T23:55:46.173951+00:00,"Sep 23, 1977",1977-09-23,United States,"5'10"" / 177.8 cm",177.8,205 lbs / 92.99 kg,92.99,Alliance MMA,full/89ab9c50d9344ec4a8456411349819bb407c75c7.jpg,200,300,19.0
201,Pete Williams,https://www.sherdog.com/fighter/Pete-Williams-201,2026-08-18T23:55:46.177879+00:00,"Jul 10, 1975",1975-07-10,United States,"6'3"" / 190.5 cm",190.5,225 lbs / 102.06 kg,102.06,Lion's Den,full/41fdceb23e54ace40f3696b3f252d232a8a54ca5.jpg,200,300,15.2
224,Paul Jones,https://www.sherdog.com/fighter/Paul-Jones-224,2026-08-18T23:55:46.183295+00:00,"Feb 10, 1963",1963-02-10,United States,"5'9"" / 175.26 cm",175.26,198 lbs / 89.81 kg,89.81,USWF,full/d221410f5de29cf5931f6be3524ae130f290cf3f.jpg,200,300,12.1
162,Kevin Randleman,https://www.sherdog.com/fighter/Kevin-Randleman-162,2026-08-18T23:55:46.185651+00:00,"Aug 10, 1971",1971-08-10,United States,"5'10"" / 177.8 cm",177.8,205 lbs / 92.99 kg,92.99,Tapout Training Center,full/393ba7de5299744f9fba37f07c3415dd2f2fb906.jpg,200,300,15.8
253,Murilo Bustamante,https://www.sherdog.com/fighter/Murilo-Bustamante-253,2026-08-18T23:55:46.189286+00:00,"Jul 30, 1966",1966-07-30,Brazil,"6'1"" / 185.42 cm",185.42,185 lbs / 83.91 kg,83.91,Brazilian Top Team,full/af4fc3b697fd72313697c2894882da5278594a32.jpg,200,300,11.7
1995,Amar Suloev,https://www.sherdog.com/fighter/Amar-Suloev-1995,2026-08-18T23:55:46.192244+00:00,"Jul 1, 1976",1976-07-01,Armenia,"5'9"" / 175.26 cm",175.26,185 lbs / 83.91 kg,83.91,Red Devil Sport Club,full/f0f332f2e990b08418dbb9a7f9153f2cd57257e1.jpg,200,300,13.0
296,Vernon White,https://www.sherdog.com/fighter/Vernon-White-296,2026-08-18T23:55:46.195144+00:00,"Dec 3, 1971",1971-12-03,United States,"6'0"" / 182.88 cm",182.88,205 lbs / 92.99 kg,92.99,Lion's Den,full/ce2ae93c40ccca8e7f7d73f8a57161e486555247.jpg,200,300,15.5
202,Jeremy Horn,https://www.sherdog.com/fighter/Jeremy-Horn-202,2026-08-18T23:55:46.199071+00:00,"Aug 25, 1975",1975-08-25,United States,"6'1"" / 185.42 cm",185.42,205 lbs / 92.99 kg,92.99,Jeremy Horn's Elite Performance Gym,full/10ea6a5e0efbebee7b41d97299b37a2ab97f8db6.jpg,200,300,14.7
274,Renato Sobral,https://www.sherdog.com/fighter/Renato-Sobral-274,2026-08-18T23:55:46.206448+00:00,"Sep 7, 1975",1975-09-07,Brazil,"6'0"" / 182.88 cm",182.88,205 lbs / 92.99 kg,92.99,Babalu's Iron Gym,full/ddb9e0bc16c677b16c77e2703651c4db8f53aa11.jpg,200,300,13.1
190,Tsuyoshi Kosaka,https://www.sherdog.com/fighter/Tsuyoshi-Kosaka-190,2026-08-18T23:55:46.210958+00:00,"Mar 6, 1970",1970-03-06,Japan,"5'11"" / 180.34 cm",180.34,214 lbs / 97.07 kg,97.07,Alliance-Square,full/dd88e9352152233c6657537707652ff7441b871d.jpg,200,300,13.6
217,Ron Waterman,https://www.sherdog.com/fighter/Ron-Waterman-217,2026-08-18T23:55:46.215041+00:00,"Nov 23, 1965",1965-11-23,United States,"6'2"" / 187.96 cm",187.96,260 lbs / 117.93 kg,117.93,Colorado Stars,full/8c1f7a72939c74f40bd676b5cd285ac918887860.jpg,200,300,17.7
3363,Kristof Midoux,https://www.sherdog.com/fighter/Kristof-Midoux-3363,2026-08-18T23:55:46.218008+00:00,"Jul 30, 1972",1972-07-30,France,"6'1"" / 185.42 cm",185.42,220 lbs / 99.79 kg,99.79,Boxing Squad,full/fef163e2940e9ab4f52c9f975bea17e82bde744e.jpg,200,300,10.4
13270,Josh Schockman,https://www.sherdog.com/fighter/Josh-Schockman-13270,2026-08-18T23:55:46.220301+00:00,"Dec 29, 1980",1980-12-29,United States,"6'4"" / 193.04 cm",193.04,205 lbs / 92.99 kg,92.99,Dirty South Fight Team,full/ee25fcbfccf5087658245de39ca5a3788d618a4a.jpg,200,300,11.8
287,Chris Condo,https://www.sherdog.com/fighter/Chris-Condo-287,2026-08-18T23:57:11.519151+00:00,,,United States,"6'0"" / 182.88 cm",182.88,333 lbs / 151.05 kg,151.05,,full/06750042ca3546753bbb0eb81887e4093da8ed0e.jpg,200,300,11.3
264,Alexandre Dantas,https://www.sherdog.com/fighter/Alexandre-Dantas-264,2026-08-18T23:57:11.555677+00:00,"Jan 3, 1979",1979-01-03,Brazil,"6'2"" / 187.96 cm",187.96,176 lbs / 79.83 kg,79.83,Black Team,full/06750042ca3546753bbb0eb81887e4093da8ed0e.jpg,200,300,11.3
17522,Brock Lesnar,https://www.sherdog.com/fighter/Brock-Lesnar-17522,2026-08-18T23:55:46.224690+00:00,"Jul 12, 1977",1977-07-12,United States,"6'3"" / 190.5 cm",190.5,265 lbs / 120.2 kg,120.2,Team Death Clutch,full/d743f868dc10b3ff9056f26f7f36e17677b68dd9.jpg,200,300,17.2
251,Satoshi Honma,https://www.sherdog.com/fighter/Satoshi-Honma-251,2026-08-18T23:57:11.522360+00:00,"May 19, 1968",1968-05-19,Japan,"6'0"" / 182.88 cm",182.88,204 lbs / 92.53 kg,92.53,,full/ed601d514e33b7d212c10e530601e3bca8e8bf87.jpg,200,300,10.2
198,Mike Van Arsdale,https://www.sherdog.com/fighter/Mike-Van-Arsdale-198,2026-08-18T23:57:11.525281+00:00,"Jun 20, 1965",1965-06-20,United States,"6'2"" / 187.96 cm",187.96,205 lbs / 92.99 kg,92.99,,full/3efd9c22bbfa44c9178e5eeccad7f0b4665f7532.jpg,200,300,17.6
207,Ebenezer Fontes Braga,https://www.sherdog.com/fighter/Ebenezer-Fontes-Braga-207,2026-08-18T23:57:11.528949+00:00,"Apr 14, 1969",1969-04-14,Brazil,"6'0"" / 182.88 cm",182.88,199 lbs / 90.26 kg,90.26,Gracie Barra Combat Team,full/4d9e9d06bfab4c1c2367017449e0b512e28ad3f6.jpg,200,300,8.7
214,Bas Rutten,https://www.sherdog.com/fighter/Bas-Rutten-214,2026-08-18T23:57:11.531893+00:00,"Feb 24, 1965",1965-02-24,Netherlands,"6'1"" / 185.42 cm",185.42,205 lbs / 92.99 kg,92.99,,full/c11d585ffd47ad47826606f1e06e64432c0730de.jpg,200,300,14.2
225,Flavio Luiz Moura,https://www.sherdog.com/fighter/Flavio-Luiz-Moura-225,2026-08-18T23:57:11.535877+00:00,"Jan 26, 1976",1976-01-26,Brazil,"5'11"" / 180.34 cm",180.34,187 lbs / 84.82 kg,84.82,Gracie Fusion,full/9ef27134126b500e9c5566d6c1092395a8fd9edd.jpg,200,300,15.0
215,Jason Godsey,https://www.sherdog.com/fighter/Jason-Godsey-215,2026-08-18T23:57:11.538844+00:00,"Jan 1, 1964",1964-01-01,United States,"6'2"" / 187.96 cm",187.96,245 lbs / 111.13 kg,111.13,Integrated Fighting Academy,full/24d9a6c53b0454539ae37c5dda9fc3337c24bb2c.jpg,200,300,9.8
80,Travis Fulton,https://www.sherdog.com/fighter/Travis-Fulton-80,2026-08-18T23:57:11.542044+00:00,"May 29, 1977",1977-05-29,United States,"6'0"" / 182.88 cm",182.88,258 lbs / 117.03 kg,117.03,Team Peak Performance,full/f6b6c7f37feca29331abec857966f37346ed2b64.jpg,200,300,15.7
1964,Sean Alvarez,https://www.sherdog.com/fighter/Sean-Alvarez-1964,2026-08-18T23:57:11.559740+00:00,"Jul 14, 1971",1971-07-14,USA,"6'0"" / 182.88 cm",182.88,235 lbs / 106.59 kg,106.59,Renzo Gracie Jiu-Jitsu,full/5f4bc01ca36d87566f545c0b615651b70bd3b444.jpg,200,300,11.5
130191,Mike Flach,https://www.sherdog.com/fighter/Mike-Flach-130191,2026-08-18T23:57:11.561901+00:00,"Sep 16, 1987",1987-09-16,United States,"6'0"" / 182.88 cm",182.88,170 lbs / 77.11 kg,77.11,Millennia MMA,full/e086d1f3ead551cc13382e728bb48d86361a8082.jpg,200,300,16.2
55756,Tim Williams,https://www.sherdog.com/fighter/Tim-Williams-55756,2026-08-18T23:57:11.564373+00:00,"Jul 3, 1986",1986-07-03,United States,"6'2"" / 187.96 cm",187.96,185 lbs / 83.91 kg,83.91,Team Balance,full/74878ebfbf323cfb7939a4a451f174f35fc718ae.jpg,200,300,17.6
14626,Jason Pierce,https://www.sherdog.com/fighter/Jason-Pierce-14626,2026-08-18T23:57:11.567623+00:00,"Jan 6, 1977",1977-01-06,United States,"6'0"" / 182.88 cm",182.88,155 lbs / 70.31 kg,70.31,Flawless MMA,full/c4a304005f912668ec208a4e2b1d325f30709430.jpg,200,300,8.3
2294,Benji Radach,https://www.sherdog.com/fighter/Benji-Radach-2294,2026-08-18T23:57:11.569915+00:00,"Apr 5, 1979",1979-04-05,United States,"5'10"" / 177.8 cm",177.8,185 lbs / 83.91 kg,83.91,Reign MMA,full/8fad302a4f85e91039c660eb2e75fd78bcb923fc.jpg,200,300,17.8
422176,Kai Yoshida,https://www.sherdog.com/fighter/Kai-Yoshida-422176,2026-08-18T23:57:11.572942+00:00,"Oct 10, 1999",1999-10-10,Japan,"5'9"" / 175.26 cm",175.26,135 lbs / 61.23 kg,61.23,Karatedo Goju-Ryu Ho-Bukan,full/f9df0da79d14de46913f98548d4524f00c7d73f3.jpg,200,300,19.8
228831,Aaron Tau,https://www.sherdog.com/fighter/Aaron-Tau-228831,2026-08-18T23:57:11.575162+00:00,"Aug 21, 1993",1993-08-21,New Zealand,"5'4"" / 162.56 cm",162.56,129 lbs / 58.51 kg,58.51,City Kickboxing,full/5723b7a783ccf41139551885309755808f6f067b.jpg,200,300,16.9
403618,Namsrai Batbayar,https://www.sherdog.com/fighter/Namsrai-Batbayar-403618,2026-08-18T23:57:11.577635+00:00,"Dec 29, 2000",2000-12-29,Mongolia,"5'4"" / 162.56 cm",162.56,126 lbs / 57.15 kg,57.15,Storm Team,full/a3f1c517be5fdf64aea7036d6047f9bc1fa757d0.jpg,200,300,11.8
227427,Juancamilo Ronderos,https://www.sherdog.com/fighter/Juancamilo-Ronderos-227427,2026-08-18T23:57:11.580090+00:00,"Feb 17, 1995",1995-02-17,Colombia,"5'3"" / 160.02 cm",160.02,126 lbs / 57.15 kg,57.15,Xtreme Couture,full/6e97a85bd6f40b9f8d15c5b24bdb3e80c1d24ec7.jpg,200,300,13.0
18915,Matt Lucas,https://www.sherdog.com/fighter/Matt-Lucas-18915,2026-08-18T23:57:11.582448+00:00,"Dec 27, 1973",1973-12-27,United States,"6'1"" / 185.42 cm",185.42,205 lbs / 92.99 kg,92.99,Arizona Combat Sports,full/1dc682018a9c23c5aacb0b7c0e2d78028b37b10b.jpg,200,300,13.3
46747,Chris Fields,https://www.sherdog.com/fighter/Chris-Fields-46747,2026-08-18T23:57:11.584847+00:00,"Jun 21, 1983",1983-06-21,Ireland,"6'3"" / 190.5 cm",190.5,185 lbs / 83.91 kg,83.91,Team KF Martial Arts,full/cc5b039d90cf1ff77bc9fc5889a61c450081a54b.jpg,200,300,14.5
139893,Abdel Medjedoub,https://www.sherdog.com/fighter/Abdel-Medjedoub-139893,2026-08-18T23:57:11.587616+00:00,"May 4, 1985",1985-05-04,Canada,,,185 lbs / 83.91 kg,83.91,Tristar Gym,full/0bd029ad45f2cf8a57d2fc47c31a87082553b69a.jpg,200,300,18.0
87323,Cory Hendricks,https://www.sherdog.com/fighter/Cory-Hendricks-87323,2026-08-18T23:57:11.590634+00:00,"May 10, 1988",1988-05-10,United States,"6'0"" / 182.88 cm",182.88,205 lbs / 92.99 kg,92.99,Syndicate MMA,full/00643c9988b2333eb40ee987511ea920fa7a365b.jpg,200,300,13.5
125781,Dmitry Smoliakov,https://www.sherdog.com/fighter/Dmitry-Smoliakov-125781,2026-08-18T23:57:11.593363+00:00,"Aug 5, 1982",1982-08-05,Russia,"6'2"" / 187.96 cm",187.96,257 lbs / 116.57 kg,116.57,Baltic Challenge Team,full/c3853baa08ec2352410bd333da25b1c8b2460d6a.jpg,200,300,13.4
45236,Andy Main,https://www.sherdog.com/fighter/Andy-Main-45236,2026-08-18T23:57:11.595855+00:00,"Mar 24, 1989",1989-03-24,United States,"5'11"" / 180.34 cm",180.34,145 lbs / 65.77 kg,65.77,Pure MMA,full/72e286cb79e4c6a1ec566e023c98ce6c54eacba2.jpg,200,300,10.4
39265,Aaron Wilkinson,https://www.sherdog.com/fighter/Aaron-Wilkinson-39265,2026-08-18T23:57:11.601901+00:00,"Jan 31, 1987",1987-01-31,England,"5'10"" / 177.8 cm",177.8,170 lbs / 77.11 kg,77.11,SBG Manchester,full/61e7da9b06b02c612988d9c789408370579520a8.jpg,200,300,18.3
14064,Toby Grear,https://www.sherdog.com/fighter/Toby-Grear-14064,2026-08-18T23:57:11.605568+00:00,"Dec 14, 1979",1979-12-14,United States,,,155 lbs / 70.31 kg,70.31,True Warrior,full/dd5670c9c0547eb95929c15375eb32078f28dece.jpg,200,300,13.5
32062,Dane Sayers,https://www.sherdog.com/fighter/Dane-Sayers-32062,2026-08-18T23:57:11.607829+00:00,"Mar 5, 1988",1988-03-05,United States,"5'11"" / 180.34 cm",180.34,170 lbs / 77.11 kg,77.11,Academy of Combat Arts,full/7f22831cfcb01c1f2abf737eb511db10f41ada15.jpg,200,300,9.6
14757,J.J. Ambrose,https://www.sherdog.com/fighter/JJ-Ambrose-14757,2026-08-18T23:57:11.610482+00:00,"Feb 6, 1987",1987-02-06,United States,"5'10"" / 177.8 cm",177.8,170 lbs / 77.11 kg,77.11,Phuket Top Team,full/9e657a9e4975bbcd7a794d172bfa3b105d30c320.jpg,200,300,15.2
10334,Gilbert Aldana,https://www.sherdog.com/fighter/Gilbert-Aldana-10334,2026-08-18T23:57:11.614036+00:00,"Aug 25, 1977",1977-08-25,United States,"6'1"" / 185.42 cm",185.42,250 lbs / 113.4 kg,113.4,Brausa Academy,full/c18b0325105c85b048eeb7d3bdc9920f32a151fa.jpg,200,300,20.8
1587,Assuerio Silva,https://www.sherdog.com/fighter/Assuerio-Silva-1587,2026-08-18T23:57:11.616234+00:00,"Jun 18, 1974",1974-06-18,Brazil,"6'1"" / 185.42 cm",185.42,235 lbs / 106.59 kg,106.59,,full/dfd9edd37bae056206a47536642d7de18d600da9.jpg,200,300,18.4
13,Heath Herring,https://www.sherdog.com/fighter/Heath-Herring-13,2026-08-18T23:57:11.619082+00:00,"Mar 2, 1978",1978-03-02,United States,"6'4"" / 193.04 cm",193.04,250 lbs / 113.4 kg,113.4,Las Vegas Combat Club,full/2335e3c147884a48cc61e8bdfaed97db002cb7ff.jpg,200,300,14.9
347,Paul Buentello,https://www.sherdog.com/fighter/Paul-Buentello-347,2026-08-18T23:57:11.622908+00:00,"Jan 16, 1974",1974-01-16,United States,"6'3"" / 190.5 cm",190.5,205 lbs / 92.99 kg,92.99,Grudge Training Center,full/4a1488007fc628babe970b3930ca15c417129013.jpg,200,300,16.5
4399,Kevin Jordan,https://www.sherdog.com/fighter/Kevin-Jordan-4399,2026-08-18T23:57:11.627033+00:00,"Dec 31, 1970",1970-12-31,United States,"6'3"" / 190.5 cm",190.5,245 lbs / 111.13 kg,111.13,USCAA,full/9c365c8449350f01a6b3a8a77d75acddb632422a.jpg,200,300,18.8
7690,Fabiano Scherner,https://www.sherdog.com/fighter/Fabiano-Scherner-7690,2026-08-18T23:57:11.629734+00:00,"Jun 30, 1972",1972-06-30,Brazil,"6'4"" / 193.04 cm",193.04,257 lbs / 116.57 kg,116.57,Gracie Barra Portland,full/72021d95a394e52f8beec057aaf76d723a1b4ca9.jpg,200,300,10.4
166,Randy Couture,https://www.sherdog.com/fighter/Randy-Couture-166,2026-08-18T23:57:11.632482+00:00,"Jun 22, 1963",1963-06-22,United States,"6'1"" / 185.42 cm",185.42,203 lbs / 92.08 kg,92.08,Xtreme Couture,full/d1eda974f9f3c4b94f40bf27a4b1a25666467c06.jpg,200,300,18.3
7652,Josh Hendricks,https://www.sherdog.com/fighter/Josh-Hendricks-7652,2026-08-18T23:57:11.638095+00:00,"Aug 28, 1976",1976-08-28,United States,"6'2"" / 187.96 cm",187.96,259 lbs / 117.48 kg,117.48,Superior Health Club,full/dad7883a4a37508e6b74e3c4ae8f7f82630f138d.jpg,200,300,9.4
14972,Ednaldo Oliveira,https://www.sherdog.com/fighter/Ednaldo-Oliveira-14972,2026-08-18T23:57:11.640889+00:00,"Feb 19, 1984",1984-02-19,Brazil,"6'7"" / 200.66 cm",200.66,206 lbs / 93.44 kg,93.44,Champion Team,full/0747c1be38a96e1b3ab7ee46f6d8600b5422beb1.jpg,200,300,12.6
19720,Dave Herman,https://www.sherdog.com/fighter/Dave-Herman-19720,2026-08-18T23:57:11.644211+00:00,"Oct 3, 1984",1984-10-03,United States,"6'4"" / 193.04 cm",193.04,223 lbs / 101.15 kg,101.15,Team Quest,full/ba2ec310ec52feb99db13bb10e4b85e5bf94f757.jpg,200,300,13.0
98151,Konstantin Erokhin,https://www.sherdog.com/fighter/Konstantin-Erokhin-98151,2026-08-18T23:57:11.647558+00:00,"Jan 2, 1983",1983-01-02,Russia,"5'11"" / 180.34 cm",180.34,205 lbs / 92.99 kg,92.99,Fight Club Krepost,full/c20e8efe9efc8c179577ebc37447d3333c74c4bc.jpg,200,300,12.2
49518,Demico Rogers,https://www.sherdog.com/fighter/Demico-Rogers-49518,2026-08-18T23:57:11.649958+00:00,"Jul 20, 1981",1981-07-20,United States,"6'4"" / 193.04 cm",193.04,255 lbs / 115.67 kg,115.67,Grudge Training Center,full/4a823bcfd2bd2e1733f19199712268db62dbeb57.jpg,200,300,15.3
25912,Marcus Jones,https://www.sherdog.com/fighter/Marcus-Jones-25912,2026-08-18T23:57:11.652048+00:00,"Aug 15, 1973",1973-08-15,United States,"6'6"" / 198.12 cm",198.12,265 lbs / 120.2 kg,120.2,,full/bd5b8d1dcc880eecca35e3c8a0d50aa5d07b7636.jpg,200,300,14.9
22247,Chase Gormley,https://www.sherdog.com/fighter/Chase-Gormley-22247,2026-08-18T23:57:11.654554+00:00,"Aug 11, 1983",1983-08-11,United States,"6'3"" / 190.5 cm",190.5,264 lbs / 119.75 kg,119.75,Reign MMA,full/bfa9054624348ff0167f0d316138bd7e779f4cbb.jpg,200,300,15.0
10669,Chris Tuchscherer,https://www.sherdog.com/fighter/Chris-Tuchscherer-10669,2026-08-18T23:57:11.657282+00:00,"Sep 8, 1975",1975-09-08,United States,"6'2"" / 187.96 cm",187.96,260 lbs / 117.93 kg,117.93,Academy of Combat Arts,full/77af269019d2be9d351b614aaeb124d12446c275.jpg,200,300,10.8
1440,Antonio Rodrigo Nogueira,https://www.sherdog.com/fighter/Antonio-Rodrigo-Nogueira-1440,2026-08-18T23:57:11.660387+00:00,"Jun 2, 1976",1976-06-02,Brazil,"6'3"" / 190.5 cm",190.5,240 lbs / 108.86 kg,108.86,Team Nogueira,full/46ed4ca8ada67e139a8b2c2c992311f26a5ff989.jpg,200,300,13.9
49519,Matt Mitrione,https://www.sherdog.com/fighter/Matt-Mitrione-49519,2026-08-18T23:57:11.664952+00:00,"Jul 15, 1978",1978-07-15,United States,"6'3"" / 190.5 cm",190.5,255 lbs / 115.67 kg,115.67,Kill Cliff FC,full/3f55d6bce3baceae7378d950e638e3c947ec2e73.jpg,200,300,18.8
10584,Dan Evensen,https://www.sherdog.com/fighter/Dan-Evensen-10584,2026-08-18T23:57:11.669595+00:00,"Jun 1, 1974",1974-06-01,Norway,"6'3"" / 190.5 cm",190.5,252 lbs / 114.31 kg,114.31,,full/38c743ead8f90c36e122a22b60a2239d8e7e0f7b.jpg,200,300,12.5
19599,Tim Hague,https://www.sherdog.com/fighter/Tim-Hague-19599,2026-08-18T23:57:11.672044+00:00,"Sep 5, 1983",1983-09-05,Canada,"6'4"" / 193.04 cm",193.04,264 lbs / 119.75 kg,119.75,UFC Gym Edmonton,full/1d6fbd165a6c0554191e897a7d549bc5c945b97f.jpg,200,300,13.1
34376,Christian Morecraft,https://www.sherdog.com/fighter/Christian-Morecraft-34376,2026-08-18T23:57:11.676687+00:00,"Sep 8, 1986",1986-09-08,United States,"6'6"" / 198.12 cm",198.12,261 lbs / 118.39 kg,118.39,Team Bombsquad,full/60a82e41218c51d91145e91a77b1e5f37f2516b9.jpg,200,300,12.2
9511,Lavar Johnson,https://www.sherdog.com/fighter/Lavar-Johnson-9511,2026-08-18T23:57:11.679374+00:00,"Jun 11, 1977",1977-06-11,United States,"6'3"" / 190.5 cm",190.5,253 lbs / 114.76 kg,114.76,Pro Buhawe,full/0504fee1f8634dd50e8ecee12c186c8a87a3f7e2.jpg,200,300,15.5
167,Tony Halme,https://www.sherdog.com/fighter/Tony-Halme-167,2026-08-18T23:58:45.083844+00:00,"Jan 6, 1963",1963-01-06,Finland,"6'4"" / 193.04 cm",193.04,300 lbs / 136.08 kg,136.08,,full/06750042ca3546753bbb0eb81887e4093da8ed0e.jpg,200,300,11.3
67335,Jason Brenton,https://www.sherdog.com/fighter/Jason-Brenton-67335,2026-08-18T23:58:45.100966+00:00,"Oct 18, 1986",1986-10-18,United States,"5'10"" / 177.8 cm",177.8,145 lbs / 65.77 kg,65.77,8th Street Gym,full/06750042ca3546753bbb0eb81887e4093da8ed0e.jpg,200,300,11.3
13660,Colin Robinson,https://www.sherdog.com/fighter/Colin-Robinson-13660,2026-08-18T23:58:45.239262+00:00,"Nov 27, 1968",1968-11-27,Northern Ireland,"6'4"" / 193.04 cm",193.04,243 lbs / 110.22 kg,110.22,,full/06750042ca3546753bbb0eb81887e4093da8ed0e.jpg,200,300,11.3
20302,Eric Magee,https://www.sherdog.com/fighter/Eric-Magee-20302,2026-08-18T23:58:45.280105+00:00,"May 9, 1984",1984-05-09,United States,,,202 lbs / 91.63 kg,91.63,South Shore Sportfighting,full/06750042ca3546753bbb0eb81887e4093da8ed0e.jpg,200,300,11.3
17393,Shane del Rosario,https://www.sherdog.com/fighter/Shane-del-Rosario-17393,2026-08-18T23:57:11.682944+00:00,"Sep 23, 1983",1983-09-23,United States,"6'3"" / 190.5 cm",190.5,246 lbs / 111.58 kg,111.58,Team Oyama,full/659beb4a353d8df7dcc2369978d5842676356aa9.jpg,200,300,20.3
19640,Sean McCorkle,https://www.sherdog.com/fighter/Sean-McCorkle-19640,2026-08-18T23:58:45.071750+00:00,"Jul 17, 1976",1976-07-17,United States,"6'7"" / 200.66 cm",200.66,312 lbs / 141.52 kg,141.52,Team James Clingerman,full/8fd9e755c6a4332ac19c5b812424d94a09467705.jpg,200,300,15.5
25524,Mike Wessel,https://www.sherdog.com/fighter/Mike-Wessel-25524,2026-08-18T23:58:45.076414+00:00,"Dec 2, 1977",1977-12-02,United States,"6'0"" / 182.88 cm",182.88,263 lbs / 119.29 kg,119.29,Westside Fight Team,full/2ea5fc50956fef23f0180e77318b8c6982ba035d.jpg,200,300,19.5
33084,Darrill Schoonover,https://www.sherdog.com/fighter/Darrill-Schoonover-33084,2026-08-18T23:58:45.080500+00:00,"Jun 18, 1985",1985-06-18,United States,"6'2"" / 187.96 cm",187.96,257 lbs / 116.57 kg,116.57,Red Spider MMA,full/f30002ba18209666155d4e71856d746e4de69a5a.jpg,200,300,14.0
164,Steven Graham,https://www.sherdog.com/fighter/Steven-Graham-164,2026-08-18T23:58:45.086691+00:00,,,United States,"6'1"" / 185.42 cm",185.42,290 lbs / 131.54 kg,131.54,,full/ac654340dc7f25a77458ec50bde43776c5cd2cf2.jpg,200,300,10.3
60940,James Toney,https://www.sherdog.com/fighter/James-Toney-60940,2026-08-18T23:58:45.088915+00:00,"Aug 24, 1968",1968-08-24,United States,"5'10"" / 177.8 cm",177.8,237 lbs / 107.5 kg,107.5,M-1 Global Training Center,full/5b159ecf62b30cc477686a9b616d84f8fd4e3f94.jpg,200,300,13.8
22447,Ariel Sexton,https://www.sherdog.com/fighter/Ariel-Sexton-22447,2026-08-18T23:58:45.090980+00:00,"Jan 17, 1982",1982-01-17,Costa Rica,"5'9"" / 175.26 cm",175.26,155 lbs / 70.31 kg,70.31,Daniel Gracie Team,full/3c0e864143915f490ccbc227c389e213e195e906.jpg,200,300,14.6
32635,Mike Richman,https://www.sherdog.com/fighter/Mike-Richman-32635,2026-08-18T23:58:45.093959+00:00,"Jun 23, 1985",1985-06-23,United States,"5'8"" / 172.72 cm",172.72,155 lbs / 70.31 kg,70.31,The Academy,full/b7788157c6b8b970e58feb0b1864e2df2e43b484.jpg,200,300,20.0
15710,Marc Stevens,https://www.sherdog.com/fighter/Marc-Stevens-15710,2026-08-18T23:58:45.097401+00:00,"May 28, 1985",1985-05-28,United States,"5'9"" / 175.26 cm",175.26,170 lbs / 77.11 kg,77.11,American Top Team Watertown,full/8a9cf8288d1027eb25792ef38336d61d84e931d0.jpg,200,300,10.2
388617,Wataru Yamauchi,https://www.sherdog.com/fighter/Wataru-Yamauchi-388617,2026-08-18T23:58:45.103919+00:00,"Jun 22, 1999",1999-06-22,Japan,"5'6"" / 167.64 cm",167.64,126 lbs / 57.15 kg,57.15,Fight Farm,full/e0d4e406a5c324f0f0deb028b9ee2b1d12b923ff.jpg,200,300,12.0
382520,Agulali,https://www.sherdog.com/fighter/Agulali-382520,2026-08-18T23:58:45.108512+00:00,"Apr 7, 2005",2005-04-07,China,"5'9"" / 175.26 cm",175.26,126 lbs / 57.15 kg,57.15,Enbo Fight Club,full/3fd5af423ec30a1dcda0a1f5e45d2a8c77c97518.jpg,200,300,11.9
323351,Rio Tirto,https://www.sherdog.com/fighter/Rio-Tirto-323351,2026-08-18T23:58:45.111059+00:00,"Feb 9, 2000",2000-02-09,Indonesia,"5'5"" / 165.1 cm",165.1,125 lbs / 56.7 kg,56.7,Warrior Golden Gening,full/7712eaabde6274782dff7795dafa808aa2943df5.jpg,200,300,10.8
3225,Nick Serra,https://www.sherdog.com/fighter/Nick-Serra-3225,2026-08-18T23:58:45.113097+00:00,"Mar 27, 1978",1978-03-27,United States,"5'9"" / 175.26 cm",175.26,170 lbs / 77.11 kg,77.11,Serra-Longo Fight Team,full/f4296b3224f7db9fb7ea2d3a62b715e9880b8256.jpg,200,300,16.6
81,David Dodd,https://www.sherdog.com/fighter/David-Dodd-81,2026-08-18T23:58:45.115298+00:00,"Sep 22, 1973",1973-09-22,United States,"6'2"" / 187.96 cm",187.96,205 lbs / 92.99 kg,92.99,Arizona Combat Sports,full/ee23d5664da9a6c5c2b7f627e4f185f193caf81e.jpg,200,300,10.0
199,Joe Pardo,https://www.sherdog.com/fighter/Joe-Pardo-199,2026-08-18T23:58:45.118202+00:00,,,United States,"6'1"" / 185.42 cm",185.42,210 lbs / 95.25 kg,95.25,Gracie Jiu-Jitsu Academy,full/0ef4269d26afda7b3f13fab531ce6a7fa2d0d6fe.jpg,200,300,18.5
9,John Marsh,https://www.sherdog.com/fighter/John-Marsh-9,2026-08-18T23:58:45.120239+00:00,"Sep 15, 1970",1970-09-15,United States,"6'0"" / 182.88 cm",182.88,222 lbs / 100.7 kg,100.7,Team Neutral Grounds,full/5633bad126dcb0b08c6c56d22ee23b1e22c5a0ed.jpg,200,300,14.6
45624,Shawn Jordan,https://www.sherdog.com/fighter/Shawn-Jordan-45624,2026-08-18T23:58:45.122597+00:00,"Oct 21, 1984",1984-10-21,United States,"6'0"" / 182.88 cm",182.88,265 lbs / 120.2 kg,120.2,American Top Team,full/88727851f25addc2d3dcb9a2c9f1c9692ae1dff4.jpg,200,300,18.2
8390,Fabricio Werdum,https://www.sherdog.com/fighter/Fabricio-Werdum-8390,2026-08-18T23:58:45.196987+00:00,"Jul 30, 1977",1977-07-30,Brazil,"6'4"" / 193.04 cm",193.04,246 lbs / 111.58 kg,111.58,Werdum Combat Team,full/fbab05f537e1061aeb6013856475daa299f416f7.jpg,200,300,17.2
15063,Stefan Struve,https://www.sherdog.com/fighter/Stefan-Struve-15063,2026-08-18T23:58:45.203108+00:00,"Feb 18, 1988",1988-02-18,Netherlands,"7'0"" / 213.36 cm",213.36,265 lbs / 120.2 kg,120.2,Team Schrijber,full/f8c22fdd67bb82594c3d2ad784a6b3be3104514e.jpg,200,300,15.7
323,Gilbert Yvel,https://www.sherdog.com/fighter/Gilbert-Yvel-323,2026-08-18T23:58:45.209519+00:00,"Jun 30, 1976",1976-06-30,Netherlands,"6'2"" / 187.96 cm",187.96,265 lbs / 120.2 kg,120.2,Throwdown,full/c4f778b278552bd51f716886f75489c4de810208.jpg,200,300,15.0
10668,Mark Hunt,https://www.sherdog.com/fighter/Mark-Hunt-10668,2026-08-18T23:58:45.213566+00:00,"Mar 23, 1974",1974-03-23,New Zealand,"5'10"" / 177.8 cm",177.8,265 lbs / 120.2 kg,120.2,American Top Team,full/9812e72ea2afbe476b283197fd2e3a36126838e5.jpg,200,300,16.2
19102,Cain Velasquez,https://www.sherdog.com/fighter/Cain-Velasquez-19102,2026-08-18T23:58:45.218609+00:00,"Jul 28, 1982",1982-07-28,United States,"6'1"" / 185.42 cm",185.42,241 lbs / 109.32 kg,109.32,American Kickboxing Academy,full/0312879ad1d0c97306ca5099f4bbde81fd99bf5e.jpg,200,300,13.1
461,Alistair Overeem,https://www.sherdog.com/fighter/Alistair-Overeem-461,2026-08-18T23:58:45.222850+00:00,"May 17, 1980",1980-05-17,Netherlands,"6'4"" / 193.04 cm",193.04,256 lbs / 116.12 kg,116.12,Elevation Fight Team,full/2d7b6c2e20ee16c21d24fe0022dd0e0aaf70cc65.jpg,200,300,13.3
48820,Jon Madsen,https://www.sherdog.com/fighter/Jon-Madsen-48820,2026-08-18T23:58:45.229416+00:00,"Feb 12, 1980",1980-02-12,United States,"6'0"" / 182.88 cm",182.88,222 lbs / 100.7 kg,100.7,Finney's HIT Squad,full/2b448fce23ff83fc1f123e6b6326cfd1fa5c42eb.jpg,200,300,14.3
1950,Mario Neto,https://www.sherdog.com/fighter/Mario-Neto-1950,2026-08-18T23:58:45.236823+00:00,,,Brazil,"6'0"" / 182.88 cm",182.88,229 lbs / 103.87 kg,103.87,Mario Sukata Team,,,,
9680,Soa Palelei,https://www.sherdog.com/fighter/Soa-Palelei-9680,2026-08-18T23:58:45.241894+00:00,"Jul 12, 1977",1977-07-12,Australia,"6'4"" / 193.04 cm",193.04,265 lbs / 120.2 kg,120.2,AKA Thailand,full/1c864a52b8cc34afe33a721f71bd082f14a087a9.jpg,200,300,17.5
1518,Antoni Hardonk,https://www.sherdog.com/fighter/Antoni-Hardonk-1518,2026-08-18T23:58:45.245408+00:00,"Feb 5, 1976",1976-02-05,Netherlands,"6'4"" / 193.04 cm",193.04,240 lbs / 108.86 kg,108.86,Dynamix MMA,full/8a9b7ea1c47954771cc4a2e2b8fbd3875be3d4c8.jpg,200,300,16.0
930,Justin McCully,https://www.sherdog.com/fighter/Justin-McCully-930,2026-08-18T23:58:45.248600+00:00,"Feb 18, 1976",1976-02-18,United States,"6'2"" / 187.96 cm",187.96,235 lbs / 106.59 kg,106.59,Team Punishment,full/9093b6c6e9e5994a63fa97cf6b5b913425814265.jpg,200,300,15.9
16785,Travis Browne,https://www.sherdog.com/fighter/Travis-Browne-16785,2026-08-18T23:58:45.251411+00:00,"Jul 17, 1982",1982-07-17,United States,"6'7"" / 200.66 cm",200.66,244 lbs / 110.68 kg,110.68,Glendale Fighting Club,full/ff1e488470a80c98f5ddc45a31e59068b145575d.jpg,200,300,14.4
23326,Razak Al-Hassan,https://www.sherdog.com/fighter/Razak-AlHassan-23326,2026-08-18T23:58:45.256218+00:00,"May 14, 1982",1982-05-14,United States,"6'3"" / 190.5 cm",190.5,205 lbs / 92.99 kg,92.99,Roufusport,full/59003e5fb556542ad0d9fbf8130c31f7dfe187e6.jpg,200,300,11.1
10229,Riki Fukuda,https://www.sherdog.com/fighter/Riki-Fukuda-10229,2026-08-18T23:58:45.258801+00:00,"Jan 6, 1981",1981-01-06,Japan,"6'0"" / 182.88 cm",182.88,185 lbs / 83.91 kg,83.91,Grabaka,full/806dabb3b8349613a3eaeee35ba970a6549694c9.jpg,200,300,12.2
24047,Karen Grigoryan,https://www.sherdog.com/fighter/Karen-Grigoryan-24047,2026-08-18T23:58:45.262254+00:00,"Aug 21, 1981",1981-08-21,United States,,,202 lbs / 91.63 kg,91.63,Team Link,full/225393b57fcec06b2814389c17074f8ff3a28eed.jpg,200,300,11.0
34377,Mike Stewart,https://www.sherdog.com/fighter/Mike-Stewart-34377,2026-08-18T23:58:45.265010+00:00,"Oct 21, 1979",1979-10-21,United States,"6'0"" / 182.88 cm",182.88,184 lbs / 83.46 kg,83.46,Team Bombsquad,full/9075b95fb68d787bbf2ba16506042b64b8beb094.jpg,200,300,13.3
14829,Brian Stann,https://www.sherdog.com/fighter/Brian-Stann-14829,2026-08-18T23:58:45.267443+00:00,"Sep 24, 1980",1980-09-24,United States,"6'1"" / 185.42 cm",185.42,185 lbs / 83.91 kg,83.91,Jackson-Wink MMA,full/6cda6ba283db879749cd365739204fb82e991ff5.jpg,200,300,16.1
15806,Andre Gusmao,https://www.sherdog.com/fighter/Andre-Gusmao-15806,2026-08-18T23:58:45.271274+00:00,"May 19, 1977",1977-05-19,Brazil,"6'2"" / 187.96 cm",187.96,185 lbs / 83.91 kg,83.91,,full/2018919838bced7e92e38b8d067ad1af729faa4a.jpg,200,300,17.4
10165,Goran Reljic,https://www.sherdog.com/fighter/Goran-Reljic-10165,2026-08-18T23:58:45.273517+00:00,"Mar 20, 1984",1984-03-20,Croatia,"6'3"" / 190.5 cm",190.5,205 lbs / 92.99 kg,92.99,Renbukai Training Center,full/2b74d77f345aed7dbd5e18ba4f686843be859e3d.jpg,200,300,17.6
12852,Mike Massenzio,https://www.sherdog.com/fighter/Mike-Massenzio-12852,2026-08-18T23:58:45.276788+00:00,"Nov 1, 1982",1982-11-01,United States,"6'2"" / 187.96 cm",187.96,185 lbs / 83.91 kg,83.91,Team Bombsquad,full/7a841b8b07ffdb984c9fe9f4cfc4788bc63467a8.jpg,200,300,19.3
263,Yuki Kondo,https://www.sherdog.com/fighter/Yuki-Kondo-263,2026-08-18T23:58:45.282031+00:00,"Jul 17, 1975",1975-07-17,Japan,"5'11"" / 180.34 cm",180.34,159 lbs / 72.12 kg,72.12,Pancraseism Yokohama,full/d6b5bf9718f721d643d1f78892420dd6bc3b0df3.jpg,200,300,12.6
3660,Travis Wiuff,https://www.sherdog.com/fighter/Travis-Wiuff-3660,2026-08-18T23:58:45.288061+00:00,"Mar 15, 1978",1978-03-15,United States,"6'3"" / 190.5 cm",190.5,265 lbs / 120.2 kg,120.2,Elite Performance,full/631157b202d4c6a8c30ad4a96e0e400d0fcaadfb.jpg,200,300,16.8
208,Pedro Rizzo,https://www.sherdog.com/fighter/Pedro-Rizzo-208,2026-08-18T23:58:45.293381+00:00,"May 3, 1974",1974-05-03,Brazil,"6'1"" / 185.42 cm",185.42,244 lbs / 110.68 kg,110.68,Ruas Vale Tudo,full/08e40e657390fb2f73861a98003179f0e4af00f3.jpg,200,300,15.6
1398,Alexandre Ferreira,https://www.sherdog.com/fighter/Alexandre-Ferreira-1398,2026-08-18T23:58:45.297871+00:00,"Apr 25, 1979",1979-04-25,Brazil,"5'7"" / 170.18 cm",170.18,204 lbs / 92.53 kg,92.53,Chute Boxe,full/4886c373cdabd0101f1db1b61cbc0ccd507d44cb.jpg,200,300,12.3
397,Kerry Schall,https://www.sherdog.com/fighter/Kerry-Schall-397,2026-08-18T23:58:45.300476+00:00,"Aug 9, 1971",1971-08-09,United States,"6'2"" / 187.96 cm",187.96,265 lbs / 120.2 kg,120.2,Meat Truck Inc.,full/35bb3558fd1bccd2c4b8eaa0df3c3d19971602fd.jpg,200,300,13.7
4397,Mike Whitehead,https://www.sherdog.com/fighter/Mike-Whitehead-4397,2026-08-18T23:58:45.303589+00:00,"Jun 29, 1981",1981-06-29,United States,"6'1"" / 185.42 cm",185.42,261 lbs / 118.39 kg,118.39,Xtreme Couture,full/5f3ffe8661400e1169a6dec686313e6f60f18cf8.jpg,200,300,13.0
3526,Forrest Griffin,https://www.sherdog.com/fighter/Forrest-Griffin-3526,2026-08-18T23:58:45.306790+00:00,"Jul 1, 1979",1979-07-01,United States,"6'3"" / 190.5 cm",190.5,205 lbs / 92.99 kg,92.99,Xtreme Couture,full/5ab6fd33a499802328b8b2daef5063dfd2ccd5b4.jpg,200,300,17.4
209,Wanderlei Silva,https://www.sherdog.com/fighter/Wanderlei-Silva-209,2026-08-18T23:58:45.311728+00:00,"Jul 3, 1976",1976-07-03,Brazil,"5'10"" / 177.8 cm",177.8,185 lbs / 83.91 kg,83.91,Wand Fight Team,full/239a508348eebb7c0bb3f62c41a7b3892b3416ec.jpg,200,300,17.9
4886,Brandon Vera,https://www.sherdog.com/fighter/Brandon-Vera-4886,2026-08-18T23:58:45.316657+00:00,"Oct 10, 1977",1977-10-10,United States,"6'2"" / 187.96 cm",187.96,246 lbs / 111.58 kg,111.58,Alliance MMA,full/cdd36e4e3dd7a5d10e82a85ac4b5e335725be803.jpg,200,300,16.4
12854,Sherman Pendergarst,https://www.sherdog.com/fighter/Sherman-Pendergarst-12854,2026-08-19T00:00:09.993346+00:00,"Feb 1, 1967",1967-02-01,United States,"6'1"" / 185.42 cm",185.42,205 lbs / 92.99 kg,92.99,Miletich Fighting Systems,full/06750042ca3546753bbb0eb81887e4093da8ed0e.jpg,200,300,11.3
165,Dmitri Stepanov,https://www.sherdog.com/fighter/Dmitri-Stepanov-165,2026-08-19T00:00:10.021767+00:00,,,Belarus,"6'3"" / 190.5 cm",190.5,220 lbs / 99.79 kg,99.79,,full/06750042ca3546753bbb0eb81887e4093da8ed0e.jpg,200,300,11.3
10196,Michael Bisping,https://www.sherdog.com/fighter/Michael-Bisping-10196,2026-08-18T23:58:45.321398+00:00,"Feb 28, 1979",1979-02-28,England,"6'2"" / 187.96 cm",187.96,185 lbs / 83.91 kg,83.91,HB Ultimate,full/4b13ff44c05edea2ea5c41b41b7c2ddc9a74c1ea.jpg,200,300,15.2
949,Kristian Rothaermel,https://www.sherdog.com/fighter/Kristian-Rothaermel-949,2026-08-19T00:00:09.958009+00:00,"Jan 31, 1972",1972-01-31,United States,"6'0"" / 182.88 cm",182.88,205 lbs / 92.99 kg,92.99,,full/8ad5f0c746458a6e3c27ecefc850fa3ad53b5d5b.jpg,200,300,10.3
6541,Ross Pointon,https://www.sherdog.com/fighter/Ross-Pointon-6541,2026-08-19T00:00:09.961918+00:00,"Feb 18, 1978",1978-02-18,England,"5'8"" / 172.72 cm",172.72,170 lbs / 77.11 kg,77.11,,full/5020510a9a24a228bfe05ca387a9c033c755494a.jpg,200,300,16.8
6811,Jason Day,https://www.sherdog.com/fighter/Jason-Day-6811,2026-08-19T00:00:09.966196+00:00,"Mar 18, 1979",1979-03-18,Canada,"6'0"" / 182.88 cm",182.88,185 lbs / 83.91 kg,83.91,Champion's Creed MMA,full/f7e9ee4a22dfae84158fdddfccf5dd2df56aca27.jpg,200,300,9.6
7798,Jason Miller,https://www.sherdog.com/fighter/Jason-Miller-7798,2026-08-19T00:00:09.969760+00:00,"Dec 24, 1980",1980-12-24,United States,"6'0"" / 182.88 cm",182.88,185 lbs / 83.91 kg,83.91,Team Mayhem,full/c647e583f2da4b954fbdc4faabdda0636860393b.jpg,200,300,17.4
12692,Reese Andy,https://www.sherdog.com/fighter/Reese-Andy-12692,2026-08-19T00:00:09.974723+00:00,"Mar 31, 1973",1973-03-31,United States,"6'0"" / 182.88 cm",182.88,205 lbs / 92.99 kg,92.99,West Coast Fight Team,full/9154192bf140d0f582dd84c7066be11aca557c6c.jpg,200,300,11.3
221,Tony Petarra,https://www.sherdog.com/fighter/Tony-Petarra-221,2026-08-19T00:00:09.977303+00:00,"Nov 8, 1966",1966-11-08,United States,"5'11"" / 180.34 cm",180.34,196 lbs / 88.9 kg,88.9,Shark Tank,full/512174201a263da750c113435fa6a4c97983e533.jpg,200,300,17.2
14883,Cung Le,https://www.sherdog.com/fighter/Cung-Le-14883,2026-08-19T00:00:09.979487+00:00,"May 25, 1972",1972-05-25,United States,"5'10"" / 177.8 cm",177.8,185 lbs / 83.91 kg,83.91,Cung Le's Universal Strength Headquarters,full/b6a70964d6f060f7451c0917fa9bd1a72b613f72.jpg,200,300,17.4
4000,Alex Schoenauer,https://www.sherdog.com/fighter/Alex-Schoenauer-4000,2026-08-19T00:00:09.982359+00:00,"May 5, 1976",1976-05-05,United States,"6'3"" / 190.5 cm",190.5,185 lbs / 83.91 kg,83.91,Xtreme Couture,full/80c09dbe65f3d929546f93ee6a26e89ef08946c8.jpg,200,300,16.4
4388,Bill Mahood,https://www.sherdog.com/fighter/Bill-Mahood-4388,2026-08-19T00:00:09.985428+00:00,"Feb 1, 1967",1967-02-01,Canada,"6'3"" / 190.5 cm",190.5,205 lbs / 92.99 kg,92.99,Revolution Fight Team,full/9a9d72e435ef73b056d9c5b2de6f2c6dfe651e7f.jpg,200,300,13.4
33343,Rodney Wallace,https://www.sherdog.com/fighter/Rodney-Wallace-33343,2026-08-19T00:00:09.989728+00:00,"Nov 21, 1981",1981-11-21,United States,"5'9"" / 175.26 cm",175.26,205 lbs / 92.99 kg,92.99,Team R.O.C. Charlotte,full/d72a00a4b57c4ab392ed72fffbf5c1b5fe64b829.jpg,200,300,10.5
15041,Abe Wagner,https://www.sherdog.com/fighter/Abe-Wagner-15041,2026-08-19T00:00:09.996142+00:00,"Mar 4, 1980",1980-03-04,United States,"6'4"" / 193.04 cm",193.04,256 lbs / 116.12 kg,116.12,MidAmerica Martial Arts,full/d97ca158493bd7c4950862adfc13fa0d956ecaec.jpg,200,300,18.6
9024,Brad Morris,https://www.sherdog.com/fighter/Brad-Morris-9024,2026-08-19T00:00:09.998687+00:00,"Nov 1, 1979",1979-11-01,Australia,"6'1"" / 185.42 cm",185.42,253 lbs / 114.76 kg,114.76,Gracie Barra Sydney,full/9cb44bb678ed2c39cc78b9659a9c7f1c838b7cde.jpg,200,300,15.9
63873,Justin Willis,https://www.sherdog.com/fighter/Justin-Willis-63873,2026-08-19T00:00:10.001157+00:00,"Jul 19, 1987",1987-07-19,United States,"6'1"" / 185.42 cm",185.42,265 lbs / 120.2 kg,120.2,American Kickboxing Academy,full/83e9b161b3612734495e25002f16466fe595a91e.jpg,200,300,14.9
12955,Denis Stojnic,https://www.sherdog.com/fighter/Denis-Stojnic-12955,2026-08-19T00:00:10.003956+00:00,"Feb 2, 1980",1980-02-02,Bosnia and Herzegovina,"6'0"" / 182.88 cm",182.88,282 lbs / 127.91 kg,127.91,Golden Glory,full/5ea9d8e370968866fc2e6374eb8d0907bb4cb969.jpg,200,300,9.9
83949,Jack May,https://www.sherdog.com/fighter/Jack-May-83949,2026-08-19T00:00:10.006529+00:00,"Apr 14, 1981",1981-04-14,United States,"6'8"" / 203.2 cm",203.2,253 lbs / 114.76 kg,114.76,CSW,full/84d93884dd131ac10af5b832146ec37159911d9d.jpg,200,300,17.5
260,Tyrone Roberts,https://www.sherdog.com/fighter/Tyrone-Roberts-260,2026-08-19T00:00:10.009217+00:00,"Jul 14, 1972",1972-07-14,United States,"5'9"" / 175.26 cm",175.26,213 lbs / 96.62 kg,96.62,,full/5ccb5df5c367690230719fdb96a0dfa458ec18bf.jpg,200,300,14.1
271195,Mridul Saikia,https://www.sherdog.com/fighter/Mridul-Saikia-271195,2026-08-19T00:00:10.012806+00:00,"May 9, 1997",1997-05-09,India,"5'7"" / 170.18 cm",170.18,126 lbs / 57.15 kg,57.15,Dojang MMA and Fitness Studio,full/028b898adaa94760cbb5d6439661d13dd5a8d301.jpg,200,300,9.1
22127,T.J. O'Brien,https://www.sherdog.com/fighter/TJ-OBrien-22127,2026-08-19T00:00:10.015463+00:00,"Feb 23, 1987",1987-02-23,United States,"6'2"" / 187.96 cm",187.96,155 lbs / 70.31 kg,70.31,Des Moines Jiu-Jitsu,full/4f22b59199a98b0fbfd9e111a95a7f5d4e90ad63.jpg,200,300,16.9
24119,Zak Jensen,https://www.sherdog.com/fighter/Zak-Jensen-24119,2026-08-19T00:00:10.023406+00:00,"Oct 1, 1982",1982-10-01,United States,"6'5"" / 195.58 cm",195.58,263 lbs / 119.29 kg,119.29,Gorilla Combat,full/3353dacd89f94059f87e140fc658a4f3d84b484c.jpg,200,300,13.6
3014,Stephan Bonnar,https://www.sherdog.com/fighter/Stephan-Bonnar-3014,2026-08-19T00:00:10.025945+00:00,"Apr 4, 1977",1977-04-04,United States,"6'3"" / 190.5 cm",190.5,205 lbs / 92.99 kg,92.99,One Kick's Gym,full/dd21d07038b51489dbcc8021e006b5baae2940c4.jpg,200,300,15.6
2352,Houston Alexander,https://www.sherdog.com/fighter/Houston-Alexander-2352,2026-08-19T00:00:10.030758+00:00,"Mar 22, 1972",1972-03-22,United States,"6'0"" / 182.88 cm",182.88,203 lbs / 92.08 kg,92.08,Grudge Training Center,full/6cef4135c6d65e3238c8f97fc4da9ed2e8ba0a8f.jpg,200,300,20.1
7110,Antonio Mendes,https://www.sherdog.com/fighter/Antonio-Mendes-7110,2026-08-19T00:00:10.034524+00:00,"Apr 19, 1981",1981-04-19,Brazil,"6'3"" / 190.5 cm",190.5,205 lbs / 92.99 kg,92.99,Dragon Fight,full/a18b0de26237135685ad8fa003966ee7f329b5d2.jpg,200,300,16.6
2712,Jorge Rivera,https://www.sherdog.com/fighter/Jorge-Rivera-2712,2026-08-19T00:00:10.037453+00:00,"Feb 28, 1972",1972-02-28,United States,"6'1"" / 185.42 cm",185.42,185 lbs / 83.91 kg,83.91,Rivera Athletic Center,full/b7890e9a241f755be40a30bb4117c570ae9ca5e1.jpg,200,300,15.6
3070,Wilson Gouveia,https://www.sherdog.com/fighter/Wilson-Gouveia-3070,2026-08-19T00:00:10.042308+00:00,"Oct 3, 1978",1978-10-03,United States,"6'2"" / 187.96 cm",187.96,219 lbs / 99.34 kg,99.34,American Top Team,full/2a3b634478c87e9d6d70dba64f1406c8dddaeed6.jpg,200,300,10.8
48156,Jerrod Sanders,https://www.sherdog.com/fighter/Jerrod-Sanders-48156,2026-08-19T00:00:10.045995+00:00,"Oct 1, 1980",1980-10-01,United States,"5'8"" / 172.72 cm",172.72,135 lbs / 61.23 kg,61.23,American Top Team OKC,full/0f9995dae1a2fd4ada75a45adf7a7d3f24799b04.jpg,200,300,17.4
48481,Cody Pfister,https://www.sherdog.com/fighter/Cody-Pfister-48481,2026-08-19T00:00:10.048941+00:00,"Jul 12, 1990",1990-07-12,United States,"5'10"" / 177.8 cm",177.8,145 lbs / 65.77 kg,65.77,Nick's Fight Club,full/930419d7d502b218fe204372e320b804517303ff.jpg,200,300,14.9
154357,Loik Radzhabov,https://www.sherdog.com/fighter/Loik-Radzhabov-154357,2026-08-19T00:00:10.052361+00:00,"Sep 17, 1990",1990-09-17,Tajikistan,"5'9"" / 175.26 cm",175.26,155 lbs / 70.31 kg,70.31,Kill Cliff FC,full/28c612075259415b3ef5bde7b59bcb736d07e441.jpg,200,300,9.9
146417,Mateusz Rebecki,https://www.sherdog.com/fighter/Mateusz-Rebecki-146417,2026-08-19T00:00:10.055512+00:00,"Oct 3, 1992",1992-10-03,Poland,"5'7"" / 170.18 cm",170.18,155 lbs / 70.31 kg,70.31,American Top Team,full/aaf372cb8ec0784d2860c4e363ff32b0ee9520eb.jpg,200,300,12.4
145311,Tofiq Musayev,https://www.sherdog.com/fighter/Tofiq-Musayev-145311,2026-08-19T00:00:10.059247+00:00,"Dec 15, 1989",1989-12-15,Azerbaijan,"5'10"" / 177.8 cm",177.8,155 lbs / 70.31 kg,70.31,Orion Fight Club,full/f3d6e3401b5f1e365ba32572699227728b50b8d3.jpg,200,300,12.9
68751,Kurt Holobaugh,https://www.sherdog.com/fighter/Kurt-Holobaugh-68751,2026-08-19T00:00:10.062289+00:00,"Sep 8, 1986",1986-09-08,United States,"5'11"" / 180.34 cm",180.34,155 lbs / 70.31 kg,70.31,Gracie United,full/cbc7906b95362aef40a21f79340ae430c621309a.jpg,200,300,14.5
8121,Luiz Jorge Dutra Jr.,https://www.sherdog.com/fighter/Luiz-Jorge-Dutra-Jr-8121,2026-08-19T00:00:10.066268+00:00,"May 6, 1982",1982-05-06,Brazil,"5'11"" / 180.34 cm",180.34,170 lbs / 77.11 kg,77.11,Renovacao Fight Team,full/fbb8b98dbb058680edaa6b1ef361b7e18e38fb03.jpg,200,300,17.6
64373,Cathal Pendred,https://www.sherdog.com/fighter/Cathal-Pendred-64373,2026-08-19T00:00:10.068932+00:00,"Sep 2, 1987",1987-09-02,Ireland,"6'1"" / 185.42 cm",185.42,170 lbs / 77.11 kg,77.11,SBG Ireland,full/100b50b5027286ba3155d2d300a286f283d71281.jpg,200,300,16.2
49516,Daniel Kelly,https://www.sherdog.com/fighter/Daniel-Kelly-49516,2026-08-19T00:00:10.072587+00:00,"Oct 31, 1977",1977-10-31,Australia,"6'0"" / 182.88 cm",182.88,185 lbs / 83.91 kg,83.91,Resilience Training Centre,full/9d1b2b4d70c34b27fec07aa72f5158158f7f8973.jpg,200,300,14.9
87341,K.B. Bhullar,https://www.sherdog.com/fighter/KB-Bhullar-87341,2026-08-19T00:00:10.076123+00:00,"Oct 12, 1991",1991-10-12,Canada,"6'4"" / 193.04 cm",193.04,185 lbs / 83.91 kg,83.91,Shaved Bears MMA,full/54a605dafd2aaac6d7aaa8dcbb6e0621109bd874.jpg,200,300,13.4
51566,Nik Fekete,https://www.sherdog.com/fighter/Nik-Fekete-51566,2026-08-19T00:00:10.078708+00:00,"Mar 24, 1980",1980-03-24,United States,"6'0"" / 182.88 cm",182.88,205 lbs / 92.99 kg,92.99,Xtreme Couture,full/60b97d768aa3693fd6ccd50708a5c5c29c7fa46b.jpg,200,300,10.4
21803,Dylan Andrews,https://www.sherdog.com/fighter/Dylan-Andrews-21803,2026-08-19T00:00:10.080869+00:00,"Nov 15, 1979",1979-11-15,New Zealand,"6'1"" / 185.42 cm",185.42,185 lbs / 83.91 kg,83.91,Heartbreak Conditioning,full/ecb3c0d6065e43dc2b28aad3ee45f1f4db86e987.jpg,200,300,16.0
60790,Ben Alloway,https://www.sherdog.com/fighter/Ben-Alloway-60790,2026-08-19T00:00:10.086595+00:00,"Feb 19, 1981",1981-02-19,Australia,"5'10"" / 177.8 cm",177.8,170 lbs / 77.11 kg,77.11,BBA Mixed Martial Arts,full/e4213482514c2eb6497d6d76422f3792d2af1774.jpg,200,300,12.1
27090,Yan Cabral,https://www.sherdog.com/fighter/Yan-Cabral-27090,2026-08-19T00:00:10.089630+00:00,"May 13, 1983",1983-05-13,Brazil,"6'0"" / 182.88 cm",182.88,170 lbs / 77.11 kg,77.11,Aranha Barcelona BJJ,full/2588038d91e86a2a74999e6c4c4f80a43bc5df41.jpg,200,300,10.8
47845,Dominique Steele,https://www.sherdog.com/fighter/Dominique-Steele-47845,2026-08-19T00:00:10.092516+00:00,"Jan 25, 1988",1988-01-25,United States,"5'10"" / 177.8 cm",177.8,170 lbs / 77.11 kg,77.11,Team Vision,full/a0f73873c9cf7107977025396ff0392d1ab31b80.jpg,200,300,13.9
25412,Nathan Coy,https://www.sherdog.com/fighter/Nathan-Coy-25412,2026-08-19T00:00:10.096032+00:00,"Jul 24, 1978",1978-07-24,United States,"5'10"" / 177.8 cm",177.8,170 lbs / 77.11 kg,77.11,American Top Team,full/88f239b5f298811f472398741e3d83e617708190.jpg,200,300,16.2
11483,David Heath,https://www.sherdog.com/fighter/David-Heath-11483,2026-08-19T00:00:10.098826+00:00,"Oct 2, 1976",1976-10-02,United States,"5'11"" / 180.34 cm",180.34,203 lbs / 92.08 kg,92.08,Absolute Combat Alliance,full/0600dd59b8b84389b51d393386b365a36d5dff2c.jpg,200,300,19.3
16695,Matt Hamill,https://www.sherdog.com/fighter/Matt-Hamill-16695,2026-08-19T00:00:10.101968+00:00,"Oct 5, 1976",1976-10-05,United States,"6'2"" / 187.96 cm",187.96,205 lbs / 92.99 kg,92.99,Independent,full/a37b2afeb5a55983233055658166d9ec06744cc9.jpg,200,300,18.6
3506,Michael Patt,https://www.sherdog.com/fighter/Michael-Patt-3506,2026-08-19T00:00:10.107827+00:00,,,United States,"6'0"" / 182.88 cm",182.88,205 lbs / 92.99 kg,92.99,Meat Truck Inc.,full/3636292d2c54c052fb0ac0a9344503b73a50371a.jpg,200,300,12.1
1927,Jason Brilz,https://www.sherdog.com/fighter/Jason-Brilz-1927,2026-08-19T00:00:10.110346+00:00,"Jul 7, 1975",1975-07-07,United States,"5'11"" / 180.34 cm",180.34,205 lbs / 92.99 kg,92.99,Elite Performance,full/d26e205bb6c2e46927424d0a2954ae2c7fdb33d5.jpg,200,300,11.9
21887,Todd Brown,https://www.sherdog.com/fighter/Todd-Brown-21887,2026-08-19T00:00:10.113851+00:00,"Dec 13, 1976",1976-12-13,United States,"5'11"" / 180.34 cm",180.34,185 lbs / 83.91 kg,83.91,Bulldog Fight Team,full/1e9d09a9be2ffde9f36de92d1fd0c7c9b09b9d4b.jpg,200,300,10.2
27802,Phil Davis,https://www.sherdog.com/fighter/Phil-Davis-27802,2026-08-19T00:00:10.116572+00:00,"Sep 25, 1984",1984-09-25,United States,"6'2"" / 187.96 cm",187.96,205 lbs / 92.99 kg,92.99,Alliance MMA,full/85148029af26a7c9e0d37bc29ce65489fec757f9.jpg,200,300,16.2
6748,Nick Ring,https://www.sherdog.com/fighter/Nick-Ring-6748,2026-08-19T00:00:10.121133+00:00,"Feb 10, 1979",1979-02-10,Canada,"6'0"" / 182.88 cm",182.88,185 lbs / 83.91 kg,83.91,Champion's Creed MMA,full/46612c06b7d94b74fb5069b4d787059bf7201351.jpg,200,300,17.3
63627,James Mulheron,https://www.sherdog.com/fighter/James-Mulheron-63627,2026-08-19T00:01:40.892645+00:00,,,England,"5'10"" / 177.8 cm",177.8,243 lbs / 110.22 kg,110.22,,full/06750042ca3546753bbb0eb81887e4093da8ed0e.jpg,200,300,11.3
16098,Jesse Sanders,https://www.sherdog.com/fighter/Jesse-Sanders-16098,2026-08-19T00:01:41.082487+00:00,,,United States,"6'1"" / 185.42 cm",185.42,170 lbs / 77.11 kg,77.11,,full/06750042ca3546753bbb0eb81887e4093da8ed0e.jpg,200,300,11.3
32432,Costas Philippou,https://www.sherdog.com/fighter/Costas-Philippou-32432,2026-08-19T00:00:10.124554+00:00,"Nov 29, 1979",1979-11-29,United States,"5'11"" / 180.34 cm",180.34,185 lbs / 83.91 kg,83.91,Bellmore Kickboxing Academy,full/364a9813655659d4e6d40319bd2382fddb17180e.jpg,200,300,17.7
16198,Woody Weatherby,https://www.sherdog.com/fighter/Woody-Weatherby-16198,2026-08-19T00:01:40.851824+00:00,"May 9, 1982",1982-05-09,United States,"6'1"" / 185.42 cm",185.42,185 lbs / 83.91 kg,83.91,Renzo Gracie Jiu-Jitsu NH,full/6b5b2833aa39c68c458f5221427c5bae1e23d151.jpg,200,300,14.3
13745,Rex Holman,https://www.sherdog.com/fighter/Rex-Holman-13745,2026-08-19T00:01:40.855727+00:00,,,United States,"6'3"" / 190.5 cm",190.5,205 lbs / 92.99 kg,92.99,,full/0fa8d0ca225b388bebb39b798be5bbb0ffe87974.jpg,200,300,9.6
5170,Cory Walmsley,https://www.sherdog.com/fighter/Cory-Walmsley-5170,2026-08-19T00:01:40.858388+00:00,,,United States,"6'0"" / 182.88 cm",182.88,205 lbs / 92.99 kg,92.99,Team Bison,full/b57fed17d51ee2ff09273312fd63ba47b555a3c7.jpg,200,300,14.2
46484,Manuel Rodriguez,https://www.sherdog.com/fighter/Manuel-Rodriguez-46484,2026-08-19T00:01:40.861097+00:00,"Apr 25, 1985",1985-04-25,El Salvador,"5'9"" / 175.26 cm",175.26,185 lbs / 83.91 kg,83.91,TP Fight Team,full/5f4d0aa5e52310b9af93a4c20b23e75aee8ab42a.jpg,200,300,16.1
49092,Steve Montgomery,https://www.sherdog.com/fighter/Steve-Montgomery-49092,2026-08-19T00:01:40.864338+00:00,"Dec 19, 1990",1990-12-19,United States,"6'4"" / 193.04 cm",193.04,185 lbs / 83.91 kg,83.91,American Top Team,full/09b01a1a56ce247ed2b99deaf06506415e84977f.jpg,200,300,15.0
41494,Augusto Montano,https://www.sherdog.com/fighter/Augusto-Montano-41494,2026-08-19T00:01:40.867325+00:00,"Oct 25, 1984",1984-10-25,Mexico,"6'1"" / 185.42 cm",185.42,170 lbs / 77.11 kg,77.11,Bonebreakers MMA,full/ef89ad68281a7a990ca8a3868e2a428f1ab0d305.jpg,200,300,17.5
230223,Nick Fiore,https://www.sherdog.com/fighter/Nick-Fiore-230223,2026-08-19T00:01:40.870994+00:00,"Dec 10, 1997",1997-12-10,United States,"5'11"" / 180.34 cm",180.34,155 lbs / 70.31 kg,70.31,Renzo Gracie Jiu-Jitsu NH,full/768ad9fa6e312c63b4421ff681ef0a2e4e4e93d6.jpg,200,300,12.6
191653,Roosevelt Roberts,https://www.sherdog.com/fighter/Roosevelt-Roberts-191653,2026-08-19T00:01:40.873827+00:00,"Feb 11, 1994",1994-02-11,United States,"6'1"" / 185.42 cm",185.42,155 lbs / 70.31 kg,70.31,Kill Cliff FC,full/4d2771cb6284e5d435469a391fd6a45bf0ad4661.jpg,200,300,16.3
115453,Abdul-Kareem Al-Selwady,https://www.sherdog.com/fighter/AbdulKareem-AlSelwady-115453,2026-08-19T00:01:40.878038+00:00,"Apr 10, 1995",1995-04-10,United States,"5'7"" / 170.18 cm",170.18,155 lbs / 70.31 kg,70.31,Fortis MMA,full/97785aec4f8c4a66d6a237c2aa35e5e6fd17fed8.jpg,200,300,16.0
4371,Wes Combs,https://www.sherdog.com/fighter/Wes-Combs-4371,2026-08-19T00:01:40.882263+00:00,"Jun 18, 1973",1973-06-18,United States,"6'2"" / 187.96 cm",187.96,230 lbs / 104.33 kg,104.33,Millennia MMA,full/dd68e345ad4dd09c49c3a20479a9681fb745cfce.jpg,200,300,15.8
1659,Lee Murray,https://www.sherdog.com/fighter/Lee-Murray-1659,2026-08-19T00:01:40.885258+00:00,"Nov 12, 1977",1977-11-12,England,"6'0"" / 182.88 cm",182.88,185 lbs / 83.91 kg,83.91,London Shootfighters,,,,
17591,Nissen Osterneck,https://www.sherdog.com/fighter/Nissen-Osterneck-17591,2026-08-19T00:01:40.887557+00:00,"May 1, 1981",1981-05-01,United States,"6'2"" / 187.96 cm",187.96,185 lbs / 83.91 kg,83.91,Relson Gracie Jiu-Jitsu,full/a0c01f7763a2fe35f235c6d145b38264258db798.jpg,200,300,19.2
11278,Mike Nickels,https://www.sherdog.com/fighter/Mike-Nickels-11278,2026-08-19T00:01:40.890000+00:00,"Dec 13, 1971",1971-12-13,United States,"6'4"" / 193.04 cm",193.04,204 lbs / 92.53 kg,92.53,Colorado Brazilian Jiu-Jitsu,full/58a9d7e4d595eab6130b7b8ea9bc57340a178c69.jpg,200,300,15.3
157353,Allen Crowder,https://www.sherdog.com/fighter/Allen-Crowder-157353,2026-08-19T00:01:40.895098+00:00,"Nov 8, 1989",1989-11-08,United States,"6'3"" / 190.5 cm",190.5,237 lbs / 107.5 kg,107.5,Team Rubao Carioca BJJ,full/75417dfda7a8af962c403e45a55d838a7c14ac3a.jpg,200,300,16.9
15949,Jared Hamman,https://www.sherdog.com/fighter/Jared-Hamman-15949,2026-08-19T00:01:40.898246+00:00,"Mar 7, 1982",1982-03-07,United States,"6'3"" / 190.5 cm",190.5,205 lbs / 92.99 kg,92.99,Dynamix MMA,full/ab35f0f31f33e56efb9f5496a24f1e0c2eaba700.jpg,200,300,12.2
8593,Thales Leites,https://www.sherdog.com/fighter/Thales-Leites-8593,2026-08-19T00:01:40.903373+00:00,"Sep 6, 1981",1981-09-06,Brazil,"6'1"" / 185.42 cm",185.42,185 lbs / 83.91 kg,83.91,Nova Uniao,full/ea21ddbc01781cd785e04e97d32e8ca6f34a2e56.jpg,200,300,18.0
195,Dan Henderson,https://www.sherdog.com/fighter/Dan-Henderson-195,2026-08-19T00:01:40.909116+00:00,"Aug 24, 1970",1970-08-24,United States,"6'1"" / 185.42 cm",185.42,185 lbs / 83.91 kg,83.91,Team Quest,full/83ea508ede8a2f5ea323cbf72d43c926df45ade3.jpg,200,300,16.7
17460,Josh Samman,https://www.sherdog.com/fighter/Josh-Samman-17460,2026-08-19T00:01:40.914639+00:00,"Mar 14, 1988",1988-03-14,United States,"6'3"" / 190.5 cm",190.5,186 lbs / 84.37 kg,84.37,MMA Masters,full/a5060d50eed39c184985d73e1841439d8e420787.jpg,200,300,20.1
24539,Johny Hendricks,https://www.sherdog.com/fighter/Johny-Hendricks-24539,2026-08-19T00:01:40.918254+00:00,"Sep 12, 1983",1983-09-12,United States,"5'9"" / 175.26 cm",175.26,185 lbs / 83.91 kg,83.91,Team Takedown,full/72e2c5fdde86fa0c5a966840f3fd77dde207e8e9.jpg,200,300,14.9
47858,Warren Thompson,https://www.sherdog.com/fighter/Warren-Thompson-47858,2026-08-19T00:01:40.923505+00:00,"Dec 12, 1985",1985-12-12,United States,"6'2"" / 187.96 cm",187.96,185 lbs / 83.91 kg,83.91,Iron Clutch Fitness,full/9a68bf2429e185ef7fb1a8d9d6d5f3b1aca2ed1e.jpg,200,300,9.5
20767,Clayton McKinney,https://www.sherdog.com/fighter/Clayton-McKinney-20767,2026-08-19T00:01:40.925643+00:00,"Mar 10, 1982",1982-03-10,United States,"6'2"" / 187.96 cm",187.96,170 lbs / 77.11 kg,77.11,The Jungle MMA & Fitness,full/e2a234906f47e06a6ebc52c6de7d022506ce8b24.jpg,200,300,8.5
39432,Kris McCray,https://www.sherdog.com/fighter/Kris-McCray-39432,2026-08-19T00:01:40.927962+00:00,"Sep 24, 1981",1981-09-24,United States,"6'0"" / 182.88 cm",182.88,170 lbs / 77.11 kg,77.11,Iron Army,full/788a6507d48cf4fc65290764784f59954c61ab25.jpg,200,300,15.5
21971,Josh Bryant,https://www.sherdog.com/fighter/Josh-Bryant-21971,2026-08-19T00:01:40.931367+00:00,"Apr 23, 1980",1980-04-23,United States,"6'0"" / 182.88 cm",182.88,185 lbs / 83.91 kg,83.91,Absolute Combat Alliance,full/20142d79b99db7971ecb6007065725412ffff6b6.jpg,200,300,14.1
9863,Rob Kimmons,https://www.sherdog.com/fighter/Rob-Kimmons-9863,2026-08-19T00:01:40.934976+00:00,"Jan 30, 1981",1981-01-30,United States,"5'10"" / 177.8 cm",177.8,170 lbs / 77.11 kg,77.11,K2L Grindhouse,full/9c5ddd017a0e19d7c7956f16b70b47d3fe696a0b.jpg,200,300,15.4
17224,Chris Camozzi,https://www.sherdog.com/fighter/Chris-Camozzi-17224,2026-08-19T00:01:40.939401+00:00,"Nov 20, 1986",1986-11-20,United States,"6'3"" / 190.5 cm",190.5,205 lbs / 92.99 kg,92.99,Factory X,full/c0d59efeced6ba738dd13fffb0829d60b98c966e.jpg,200,300,17.8
23403,Charlie Brenneman,https://www.sherdog.com/fighter/Charlie-Brenneman-23403,2026-08-19T00:01:40.945438+00:00,"Feb 9, 1981",1981-02-09,United States,"5'10"" / 177.8 cm",177.8,155 lbs / 70.31 kg,70.31,AMA Fight Club,full/19cd599c4ff20a15441d9bc648e4693470c46e20.jpg,200,300,17.5
81634,Jonavin Webb,https://www.sherdog.com/fighter/Jonavin-Webb-81634,2026-08-19T00:01:40.949576+00:00,"Apr 28, 1989",1989-04-28,United States,"5'9"" / 175.26 cm",175.26,170 lbs / 77.11 kg,77.11,Renzo Gracie Philly,full/e7baa52249de7fbe76df4b12ee3e89392b5ea559.jpg,200,300,19.2
37684,Renee Forte,https://www.sherdog.com/fighter/Renee-Forte-37684,2026-08-19T00:01:40.953267+00:00,"Mar 27, 1987",1987-03-27,Brazil,"5'8"" / 172.72 cm",172.72,156 lbs / 70.76 kg,70.76,Team Renee Forte,full/1ddc751ed706831afb7ae82c1998c66b5cb96b65.jpg,200,300,14.8
81143,Mickael Lebout,https://www.sherdog.com/fighter/Mickael-Lebout-81143,2026-08-19T00:01:40.955956+00:00,"Aug 16, 1987",1987-08-16,France,"5'11"" / 180.34 cm",180.34,159 lbs / 72.12 kg,72.12,Obyfight,full/5e042dbc58999d045220a6cc116dd791f9e6c5e9.jpg,200,300,11.8
100359,Zak Ottow,https://www.sherdog.com/fighter/Zak-Ottow-100359,2026-08-19T00:01:40.959374+00:00,"Dec 22, 1986",1986-12-22,United States,"5'11"" / 180.34 cm",180.34,170 lbs / 77.11 kg,77.11,Pura Vida BJJ,full/44eab24039a4772daac1cc4d94b75db7f6100015.jpg,200,300,14.1
101995,Davi Ramos,https://www.sherdog.com/fighter/Davi-Ramos-101995,2026-08-19T00:01:40.963082+00:00,"Nov 5, 1986",1986-11-05,Brazil,"5'8"" / 172.72 cm",172.72,157 lbs / 71.21 kg,71.21,Team Nogueira,full/c1346b3da482f5ed80620b1c8315702afbeb3456.jpg,200,300,16.9
31766,James Krause,https://www.sherdog.com/fighter/James-Krause-31766,2026-08-19T00:01:41.031965+00:00,"Jun 4, 1986",1986-06-04,United States,"6'2"" / 187.96 cm",187.96,170 lbs / 77.11 kg,77.11,Glory MMA & Fitness,full/5d4f881757ef51c23c7f681b66a517c8838844bb.jpg,200,300,13.8
267,Chris Lytle,https://www.sherdog.com/fighter/Chris-Lytle-267,2026-08-19T00:01:41.037527+00:00,"Aug 18, 1974",1974-08-18,United States,"5'11"" / 180.34 cm",180.34,170 lbs / 77.11 kg,77.11,Integrated Fighting Academy,full/d46449fc18b3336df4f8269b9112b79bf3a94886.jpg,200,300,16.7
4114,Claude Patrick,https://www.sherdog.com/fighter/Claude-Patrick-4114,2026-08-19T00:01:41.044257+00:00,"Jun 14, 1980",1980-06-14,Canada,"5'10"" / 177.8 cm",177.8,170 lbs / 77.11 kg,77.11,Elite Mixed Fighters,full/b7bce3b183e3968b1e95f1f3bbddd90a59428e5e.jpg,200,300,16.7
15125,T.J. Waldburger,https://www.sherdog.com/fighter/TJ-Waldburger-15125,2026-08-19T00:01:41.047104+00:00,"Apr 25, 1988",1988-04-25,United States,"5'11"" / 180.34 cm",180.34,170 lbs / 77.11 kg,77.11,Grapplers Lair Fight Team,full/2b7c2109b024841f9c33cff36e7a70af8e3c2e9d.jpg,200,300,17.4
23253,James Head,https://www.sherdog.com/fighter/James-Head-23253,2026-08-19T00:01:41.050846+00:00,"Feb 9, 1984",1984-02-09,United States,"6'2"" / 187.96 cm",187.96,170 lbs / 77.11 kg,77.11,R-1 MMA,full/719dde14a4cbd33a1a798fb98193c39de8407f3a.jpg,200,300,15.9
76653,Leonardo Mafra Teixeira,https://www.sherdog.com/fighter/Leonardo-Mafra-Teixeira-76653,2026-08-19T00:01:41.053721+00:00,"Apr 25, 1989",1989-04-25,Brazil,"5'9"" / 175.26 cm",175.26,170 lbs / 77.11 kg,77.11,Kings MMA,full/6cad6e60b11029c07b4f713e748af6a3c128a977.jpg,200,300,11.2
70750,Warlley Alves,https://www.sherdog.com/fighter/Warlley-Alves-70750,2026-08-19T00:01:41.056747+00:00,"Jan 4, 1991",1991-01-04,Brazil,"5'11"" / 180.34 cm",180.34,186 lbs / 84.37 kg,84.37,Rizzo RVT,full/e47753508845d29e24ce07a9c716cc41ef7ca142.jpg,200,300,17.0
56583,Beneil Dariush,https://www.sherdog.com/fighter/Beneil-Dariush-56583,2026-08-19T00:01:41.061562+00:00,"May 6, 1989",1989-05-06,United States,"5'10"" / 177.8 cm",177.8,155 lbs / 70.31 kg,70.31,Kings MMA,full/8ea343f189ead0620f89af065d3e83e3a90ea155.jpg,200,300,16.7
2427,Fabricio Camoes,https://www.sherdog.com/fighter/Fabricio-Camoes-2427,2026-08-19T00:01:41.068054+00:00,"Dec 23, 1978",1978-12-23,Brazil,"5'9"" / 175.26 cm",175.26,155 lbs / 70.31 kg,70.31,Gracie Humaita,full/1aea1d98685e47b0c49d6f5fbb387647ce7be4ae.jpg,200,300,12.2
28181,Felipe Olivieri,https://www.sherdog.com/fighter/Felipe-Olivieri-28181,2026-08-19T00:01:41.071385+00:00,"Apr 12, 1985",1985-04-12,Brazil,"5'10"" / 177.8 cm",177.8,160 lbs / 72.57 kg,72.57,Nova Uniao,full/9ecdabddf00dd4dbe1e65a0a04cdeadd34aa3893.jpg,200,300,16.8
28017,Johnny Case,https://www.sherdog.com/fighter/Johnny-Case-28017,2026-08-19T00:01:41.074000+00:00,"Jun 28, 1989",1989-06-28,United States,"5'10"" / 177.8 cm",177.8,156 lbs / 70.76 kg,70.76,MMA Lab,full/e9db745946ceaf6a15beca99fcc33428a3da4c66.jpg,200,300,13.5
86241,Olivier Aubin-Mercier,https://www.sherdog.com/fighter/Olivier-AubinMercier-86241,2026-08-19T00:01:41.078121+00:00,"Feb 23, 1989",1989-02-23,Canada,"5'9"" / 175.26 cm",175.26,155 lbs / 70.31 kg,70.31,H2O MMA,full/65181760b418823d5803b596880ab5790ec9322c.jpg,200,300,11.4
4577,Mike Pyle,https://www.sherdog.com/fighter/Mike-Pyle-4577,2026-08-19T00:01:41.085302+00:00,"Sep 18, 1975",1975-09-18,United States,"6'0"" / 182.88 cm",182.88,170 lbs / 77.11 kg,77.11,Syndicate MMA,full/3539d125c22958afc24ccc68293534c82519847b.jpg,200,300,14.9
25415,Mike Pierce,https://www.sherdog.com/fighter/Mike-Pierce-25415,2026-08-19T00:01:41.091233+00:00,"Sep 1, 1980",1980-09-01,United States,"5'8"" / 172.72 cm",172.72,170 lbs / 77.11 kg,77.11,Sports Lab,full/a1a28b94b02bf7674376bd8f6604b50e3fa01d5d.jpg,200,300,9.4
17723,Brian Foster,https://www.sherdog.com/fighter/Brian-Foster-17723,2026-08-19T00:01:41.095669+00:00,"Apr 4, 1984",1984-04-04,United States,"5'10"" / 177.8 cm",177.8,155 lbs / 70.31 kg,70.31,Factory X,full/cdbfbdfb2f80583abee90c22dce62624aa455f3f.jpg,200,300,18.4
102333,Kyle Stewart,https://www.sherdog.com/fighter/Kyle-Stewart-102333,2026-08-19T00:01:41.099444+00:00,"Jan 31, 1989",1989-01-31,United States,"5'10"" / 177.8 cm",177.8,185 lbs / 83.91 kg,83.91,MMA Lab,full/e1598723ccd471664c1d7a850df4310c427cf926.jpg,200,300,15.9
266,Ben Earwood,https://www.sherdog.com/fighter/Ben-Earwood-266,2026-08-19T00:03:15.243375+00:00,,,United States,"5'8"" / 172.72 cm",172.72,170 lbs / 77.11 kg,77.11,Miletich Martial Arts,full/06750042ca3546753bbb0eb81887e4093da8ed0e.jpg,200,300,11.3
662,Ryan Jensen,https://www.sherdog.com/fighter/Ryan-Jensen-662,2026-08-19T00:01:41.102291+00:00,"Sep 20, 1977",1977-09-20,United States,"5'10"" / 177.8 cm",177.8,175 lbs / 79.38 kg,79.38,Jackson-Wink MMA,full/c5a5cd1bc5e4fe07426fccc71e884adb4c36118c.jpg,200,300,11.1
18106,Julio Paulino,https://www.sherdog.com/fighter/Julio-Paulino-18106,2026-08-19T00:03:15.212246+00:00,"Dec 4, 1975",1975-12-04,United States,"6'0"" / 182.88 cm",182.88,236 lbs / 107.05 kg,107.05,Legacy Jiu-Jitsu,full/f5b2bdeb3a9c508ec0a38910cf47ebb0dcdfe3ae.jpg,200,300,11.8
19726,Paul Bradley,https://www.sherdog.com/fighter/Paul-Bradley-19726,2026-08-19T00:03:15.216860+00:00,"Jun 13, 1983",1983-06-13,United States,"5'9"" / 175.26 cm",175.26,170 lbs / 77.11 kg,77.11,Alliance MMA,full/121ba5b6b6d38d4309b109ed6f27dbb6e159c24e.jpg,200,300,10.4
17139,Jesse Lennox,https://www.sherdog.com/fighter/Jesse-Lennox-17139,2026-08-19T00:03:15.221346+00:00,"Mar 10, 1982",1982-03-10,United States,"5'9"" / 175.26 cm",175.26,170 lbs / 77.11 kg,77.11,Miletich Martial Arts,full/0ee23c9f95b9e81efca473fa78a78d81abea5569.jpg,200,300,12.6
57214,Jake Lindsey,https://www.sherdog.com/fighter/Jake-Lindsey-57214,2026-08-19T00:03:15.224499+00:00,"Jun 21, 1986",1986-06-21,United States,"5'11"" / 180.34 cm",180.34,170 lbs / 77.11 kg,77.11,Combative Sports Center,full/13513c99ad10f16e67a6ea74c31ddede7cb9a9fb.jpg,200,300,21.1
4153,Kurt Pellegrino,https://www.sherdog.com/fighter/Kurt-Pellegrino-4153,2026-08-19T00:03:15.228596+00:00,"May 7, 1979",1979-05-07,United States,"5'8"" / 172.72 cm",172.72,155 lbs / 70.31 kg,70.31,Pellegrino MMA,full/944d86d704f513062350f99f1242478be992426e.jpg,200,300,19.6
30943,Tommy Hayden,https://www.sherdog.com/fighter/Tommy-Hayden-30943,2026-08-19T00:03:15.233182+00:00,"Mar 11, 1986",1986-03-11,United States,"5'9"" / 175.26 cm",175.26,155 lbs / 70.31 kg,70.31,Bangkok Fight Lab,full/d140afe11c70a25ba032a8f025b751c53faf55fd.jpg,200,300,10.3
95457,Marcio Alexandre Jr.,https://www.sherdog.com/fighter/Marcio-Alexandre-Jr-95457,2026-08-19T00:03:15.236144+00:00,"May 3, 1989",1989-05-03,Brazil,"6'1"" / 185.42 cm",185.42,185 lbs / 83.91 kg,83.91,Astra Fight Team,full/9e5244a54b538f9024d5368df55d8e2d8667a79b.jpg,200,300,16.7
41523,Adlan Amagov,https://www.sherdog.com/fighter/Adlan-Amagov-41523,2026-08-19T00:03:15.239087+00:00,"Oct 30, 1986",1986-10-30,Russia,"5'11"" / 180.34 cm",180.34,170 lbs / 77.11 kg,77.11,Jackson-Wink MMA,full/d12a9b047c343d7e7ca9a9c72499b3c064d4aa83.jpg,200,300,16.0
88,Tiki Ghosn,https://www.sherdog.com/fighter/Tiki-Ghosn-88,2026-08-19T00:03:15.245885+00:00,"Feb 9, 1977",1977-02-09,United States,"5'10"" / 177.8 cm",177.8,169 lbs / 76.66 kg,76.66,,full/0ec68d8a74b66d31667b763780b708d6cd726558.jpg,200,300,16.6
524,Ronald Jhun,https://www.sherdog.com/fighter/Ronald-Jhun-524,2026-08-19T00:03:15.248755+00:00,"Sep 21, 1970",1970-09-21,United States,"5'11"" / 180.34 cm",180.34,170 lbs / 77.11 kg,77.11,808 Top Team,full/a1a6ae2d6aa949a6ef3342632648539098425909.jpg,200,300,14.9
10754,Jason Gilliam,https://www.sherdog.com/fighter/Jason-Gilliam-10754,2026-08-19T00:03:15.252324+00:00,"Oct 31, 1972",1972-10-31,United States,"6'0"" / 182.88 cm",182.88,169 lbs / 76.66 kg,76.66,Team Wolfpack,full/587bddaa43e72d8776595054de9f9f14da30da48.jpg,200,300,12.0
22216,Valmir Lazaro,https://www.sherdog.com/fighter/Valmir-Lazaro-22216,2026-08-19T00:03:15.254988+00:00,"Aug 15, 1985",1985-08-15,Brazil,"6'0"" / 182.88 cm",182.88,154 lbs / 69.85 kg,69.85,Nova Uniao,full/b8ed6ebc351834a6c3cbc9dd08afb25a70493c80.jpg,200,300,7.3
86098,John Gunther,https://www.sherdog.com/fighter/John-Gunther-86098,2026-08-19T00:03:15.258188+00:00,"Nov 24, 1985",1985-11-24,United States,"5'9"" / 175.26 cm",175.26,155 lbs / 70.31 kg,70.31,Strong Style Fight Team,full/0328e5279173cf3cc35e4c55c8d844af7f4f2f87.jpg,200,300,14.0
13332,Terry Etim,https://www.sherdog.com/fighter/Terry-Etim-13332,2026-08-19T00:03:15.260816+00:00,"Jan 11, 1986",1986-01-11,England,"6'1"" / 185.42 cm",185.42,155 lbs / 70.31 kg,70.31,Team Kaobon,full/4c9149fff8d81e7b1e2f9d7b8ebee2cf71e4c75e.jpg,200,300,13.7
23841,Amilcar Alves,https://www.sherdog.com/fighter/Amilcar-Alves-23841,2026-08-19T00:03:15.264848+00:00,"Dec 13, 1979",1979-12-13,Brazil,"5'11"" / 180.34 cm",180.34,185 lbs / 83.91 kg,83.91,Nova Uniao,full/38ace0add051a901049b5687265f2899b176f44b.jpg,200,300,9.7
41386,Victor O'Donnell,https://www.sherdog.com/fighter/Victor-ODonnell-41386,2026-08-19T00:03:15.268475+00:00,"Nov 8, 1982",1982-11-08,United States,"5'10"" / 177.8 cm",177.8,185 lbs / 83.91 kg,83.91,Team Vision,full/5191b2e9b13904f952fbd3825804003e92627cc2.jpg,200,300,7.8
42479,James Hammortree,https://www.sherdog.com/fighter/James-Hammortree-42479,2026-08-19T00:03:15.273817+00:00,"Jun 25, 1986",1986-06-25,United States,"6'3"" / 190.5 cm",190.5,204 lbs / 92.53 kg,92.53,USA Martial Arts,full/951017c436efbc3b6ad57b6acaee5589f8b21591.jpg,200,300,19.6
21627,Steve Steinbeiss,https://www.sherdog.com/fighter/Steve-Steinbeiss-21627,2026-08-19T00:03:15.276469+00:00,"May 5, 1981",1981-05-05,United States,"6'3"" / 190.5 cm",190.5,186 lbs / 84.37 kg,84.37,Power MMA Team,full/4e6fe99770566116d2a2ce66514fb2e24ae61557.jpg,200,300,9.0
23501,Dongi Yang,https://www.sherdog.com/fighter/Dongi-Yang-23501,2026-08-19T00:03:15.278859+00:00,"Dec 7, 1984",1984-12-07,South Korea,"5'11"" / 180.34 cm",180.34,242 lbs / 109.77 kg,109.77,Team Macho,full/00b36e1e4d91ade61b89ee7e45183613a17ebbb3.jpg,200,300,12.2
12293,Greg Rebello,https://www.sherdog.com/fighter/Greg-Rebello-12293,2026-08-19T00:03:15.281759+00:00,"Jun 13, 1982",1982-06-13,United States,"6'0"" / 182.88 cm",182.88,248 lbs / 112.49 kg,112.49,Team Sityodtong,full/f20bbe836bd1892aa03582d807c04706493b0326.jpg,200,300,15.5
21227,Cleburn Walker,https://www.sherdog.com/fighter/Cleburn-Walker-21227,2026-08-19T00:03:15.284782+00:00,"Oct 2, 1983",1983-10-02,United States,"5'11"" / 180.34 cm",180.34,170 lbs / 77.11 kg,77.11,KO Dynasty,full/2bd6b97e3446d85833ba644370e6f46f3cfabfdf.jpg,200,300,14.9
35142,Carlos Eduardo Rocha,https://www.sherdog.com/fighter/Carlos-Eduardo-Rocha-35142,2026-08-19T00:03:15.287181+00:00,"Jul 12, 1981",1981-07-12,Brazil,"5'10"" / 177.8 cm",177.8,170 lbs / 77.11 kg,77.11,American Kickboxing Academy,full/96f3ba2a0d0b492a232856246fda05adf38f66f6.jpg,200,300,14.2
39697,Charley Lynch,https://www.sherdog.com/fighter/Charley-Lynch-39697,2026-08-19T00:03:15.289664+00:00,"Apr 17, 1984",1984-04-17,United States,,,185 lbs / 83.91 kg,83.91,,full/86a999183f499359cdd88a205ae762963c469a08.jpg,200,300,10.9
24057,Ricardo Funch,https://www.sherdog.com/fighter/Ricardo-Funch-24057,2026-08-19T00:03:15.291665+00:00,"Aug 14, 1980",1980-08-14,United States,"5'10"" / 177.8 cm",177.8,170 lbs / 77.11 kg,77.11,Team Link,full/73eea13c9327e9b2b8168ed30aecb7cad388e283.jpg,200,300,11.1
76120,Leo Bercier,https://www.sherdog.com/fighter/Leo-Bercier-76120,2026-08-19T00:03:15.294352+00:00,"Apr 27, 1981",1981-04-27,United States,"5'11"" / 180.34 cm",180.34,193 lbs / 87.54 kg,87.54,Dogpound Fight Team,full/9e02f5edeb7cabf2d806ed72fd54fe277859ba44.jpg,200,300,13.9
6850,Tor Troeng,https://www.sherdog.com/fighter/Tor-Troeng-6850,2026-08-19T00:03:15.297192+00:00,"Jan 25, 1983",1983-01-25,Sweden,"6'2"" / 187.96 cm",187.96,184 lbs / 83.46 kg,83.46,Renyi,full/9c69c02265d597374c139ee8c61f9b1a994ca28d.jpg,200,300,13.4
196,Allan Goes,https://www.sherdog.com/fighter/Allan-Goes-196,2026-08-19T00:03:15.300690+00:00,"Apr 20, 1971",1971-04-20,United States,"6'0"" / 182.88 cm",182.88,205 lbs / 92.99 kg,92.99,Goes Martial Arts,full/2e2188a8b570d861c6810da6c53af99a6b9360eb.jpg,200,300,21.2
340,Floyd Sword,https://www.sherdog.com/fighter/Floyd-Sword-340,2026-08-19T00:03:15.303036+00:00,,,United States,"5'11"" / 180.34 cm",180.34,185 lbs / 83.91 kg,83.91,Team Four Corners,full/0ab9b1d77a875ff108eba85b67bc11efa21850b6.jpg,200,300,13.9
273205,Shaqueme Rock,https://www.sherdog.com/fighter/Shaqueme-Rock-273205,2026-08-19T00:03:15.305297+00:00,"Nov 5, 1993",1993-11-05,England,"6'0"" / 182.88 cm",182.88,155 lbs / 70.31 kg,70.31,Monarchy MMA,full/89b87940703df5817a7d1651376b0fbc1d8f52c1.jpg,200,300,10.8
74695,Thomas Gifford,https://www.sherdog.com/fighter/Thomas-Gifford-74695,2026-08-19T00:03:15.307761+00:00,"Jul 26, 1992",1992-07-26,United States,"6'1"" / 185.42 cm",185.42,155 lbs / 70.31 kg,70.31,Sheridan Boxing Club,full/894e75e9cf7e1821393fd12cd8526f8ddaf9d66a.jpg,200,300,19.3
53819,Brok Weaver,https://www.sherdog.com/fighter/Brok-Weaver-53819,2026-08-19T00:03:15.311005+00:00,"Dec 5, 1991",1991-12-05,United States,"6'0"" / 182.88 cm",182.88,170 lbs / 77.11 kg,77.11,American Top Team,full/d11b98ab3f95d0d9efdd4b54998d98aab7d81f66.jpg,200,300,10.0
30021,Tony Sims,https://www.sherdog.com/fighter/Tony-Sims-30021,2026-08-19T00:03:15.315283+00:00,"Oct 14, 1985",1985-10-14,United States,"5'11"" / 180.34 cm",180.34,155 lbs / 70.31 kg,70.31,Elevation Fight Team,full/7351dc57070e6b08d51b9f6627a39e53cfb53b0d.jpg,200,300,10.3
2383,Nate Quarry,https://www.sherdog.com/fighter/Nate-Quarry-2383,2026-08-19T00:03:15.317880+00:00,"Mar 18, 1972",1972-03-18,United States,"6'0"" / 182.88 cm",182.88,185 lbs / 83.91 kg,83.91,Team Quest,full/e24d5bb5da68d87dfe238b2cbe1107130b053059.jpg,200,300,13.6
14464,Dan Miller,https://www.sherdog.com/fighter/Dan-Miller-14464,2026-08-19T00:03:15.321411+00:00,"Jun 30, 1981",1981-06-30,United States,"6'1"" / 185.42 cm",185.42,185 lbs / 83.91 kg,83.91,Sussex County MMA,full/7132c81fe8ba0f69ddd5ffb1fa46d3a6eedcc33d.jpg,200,300,18.9
23852,Mario Miranda,https://www.sherdog.com/fighter/Mario-Miranda-23852,2026-08-19T00:03:15.326792+00:00,"Sep 21, 1978",1978-09-21,Brazil,"6'3"" / 190.5 cm",190.5,185 lbs / 83.91 kg,83.91,Black House,full/d45ac8919ac3edf806338f40e3b7a1e8bacee338.jpg,200,300,15.8
10126,Kendall Grove,https://www.sherdog.com/fighter/Kendall-Grove-10126,2026-08-19T00:03:15.329798+00:00,"Nov 12, 1982",1982-11-12,United States,"6'6"" / 198.12 cm",198.12,185 lbs / 83.91 kg,83.91,Straight Rootless Fight Team,full/323060a1e6584f34bdf9604ef782913efe20046b.jpg,200,300,21.5
5735,Jorge Santiago,https://www.sherdog.com/fighter/Jorge-Santiago-5735,2026-08-19T00:03:15.335024+00:00,"Oct 9, 1980",1980-10-09,Brazil,"6'1"" / 185.42 cm",185.42,170 lbs / 77.11 kg,77.11,Blackzilians,full/29bdd0493b40caea40f9f12dde314905930acc46.jpg,200,300,13.6
25989,Rick Story,https://www.sherdog.com/fighter/Rick-Story-25989,2026-08-19T00:03:15.338691+00:00,"Aug 28, 1984",1984-08-28,United States,"5'10"" / 177.8 cm",177.8,170 lbs / 77.11 kg,77.11,MMA Lab,full/ef35a3586954201555020e10f67c503ad9182354.jpg,200,300,15.9
502,Jake Shields,https://www.sherdog.com/fighter/Jake-Shields-502,2026-08-19T00:03:15.346499+00:00,"Jan 9, 1979",1979-01-09,United States,"6'0"" / 182.88 cm",182.88,170 lbs / 77.11 kg,77.11,Cesar Gracie Fight Team,full/9c3b8e014561946e7542dd8f5f6868d38f55a52c.jpg,200,300,19.3
14018,Rory MacDonald,https://www.sherdog.com/fighter/Rory-MacDonald-14018,2026-08-19T00:03:15.350835+00:00,"Jul 22, 1989",1989-07-22,Canada,"6'0"" / 182.88 cm",182.88,170 lbs / 77.11 kg,77.11,Tristar Gym,full/b0d9ade62e3adba0bcf59941b69b4f6a8e252ae9.jpg,200,300,10.9
34409,Ryan LaFlare,https://www.sherdog.com/fighter/Ryan-LaFlare-34409,2026-08-19T00:03:15.355324+00:00,"Oct 1, 1983",1983-10-01,United States,"6'1"" / 185.42 cm",185.42,170 lbs / 77.11 kg,77.11,Long Island MMA,full/0a944ec5c82ca08c359a29ae9b1d4843e9627202.jpg,200,300,15.4
42390,Ben Askren,https://www.sherdog.com/fighter/Ben-Askren-42390,2026-08-19T00:03:15.358838+00:00,"Jul 18, 1984",1984-07-18,United States,"5'10"" / 177.8 cm",177.8,170 lbs / 77.11 kg,77.11,Roufusport,full/fdf107dbeba60d0629bfe56aff2b19625a92709f.jpg,200,300,13.4
16635,Tom Speer,https://www.sherdog.com/fighter/Tom-Speer-16635,2026-08-19T00:03:15.361715+00:00,"Aug 20, 1984",1984-08-20,United States,"5'11"" / 180.34 cm",180.34,170 lbs / 77.11 kg,77.11,,full/a7e02502c1cd2930ce06ca95a4962dfc7cb75814.jpg,200,300,13.3
23762,Daniel Barrera,https://www.sherdog.com/fighter/Daniel-Barrera-23762,2026-08-19T00:03:15.365075+00:00,"Dec 23, 1980",1980-12-23,United States,,,170 lbs / 77.11 kg,77.11,,full/1f469197c9829cb597393b3d9d545e7e0c62bb9f.jpg,200,300,17.7
20224,Ryan Thomas,https://www.sherdog.com/fighter/Ryan-Thomas-20224,2026-08-19T00:03:15.367149+00:00,"Nov 5, 1984",1984-11-05,United States,"6'0"" / 182.88 cm",182.88,170 lbs / 77.11 kg,77.11,American Top Team,full/4603fd7ae332351b880bdb1962b1842dcdad2b00.jpg,200,300,11.4
275,Dennis Hallman,https://www.sherdog.com/fighter/Dennis-Hallman-275,2026-08-19T00:03:15.378002+00:00,"Dec 2, 1975",1975-12-02,United States,"5'9"" / 175.26 cm",175.26,181 lbs / 82.1 kg,82.1,Victory Athletics,full/1942018511aea2867c485681c06d1aced600f042.jpg,200,300,14.0
101117,Chris Heatherly,https://www.sherdog.com/fighter/Chris-Heatherly-101117,2026-08-19T00:03:15.383266+00:00,"Nov 24, 1987",1987-11-24,United States,"5'8"" / 172.72 cm",172.72,180 lbs / 81.65 kg,81.65,Fit or Fight,full/45a94ae5fb7bc7f732a1511a89014be2ef571b2e.jpg,200,300,16.1
4673,Brandon Wolff,https://www.sherdog.com/fighter/Brandon-Wolff-4673,2026-08-19T00:03:15.370068+00:00,"Oct 18, 1975",1975-10-18,United States,"5'10"" / 177.8 cm",177.8,168 lbs / 76.2 kg,76.2,MMA Development,full/5af1f46c89b334b00bf0c957a1a0484132301e23.jpg,200,300,14.1
58534,Scott Rosa,https://www.sherdog.com/fighter/Scott-Rosa-58534,2026-08-19T00:20:37.664342+00:00,"Aug 5, 1986",1986-08-05,United States,"6'6"" / 198.12 cm",198.12,205 lbs / 92.99 kg,92.99,,full/06750042ca3546753bbb0eb81887e4093da8ed0e.jpg,200,300,11.3
392,Rich Franklin,https://www.sherdog.com/fighter/Rich-Franklin-392,2026-08-19T00:20:37.870309+00:00,"Oct 5, 1974",1974-10-05,United States,"6'1"" / 185.42 cm",185.42,185 lbs / 83.91 kg,83.91,Team Extreme,full/78b1cfe4aaef7f90e7e0bbdcd9c94fda64f7c8e9.jpg,200,300,11.7
4865,Jon Fitch,https://www.sherdog.com/fighter/Jon-Fitch-4865,2026-08-19T00:03:15.372369+00:00,"Feb 24, 1978",1978-02-24,United States,"6'0"" / 182.88 cm",182.88,170 lbs / 77.11 kg,77.11,American Kickboxing Academy,full/6cad2e9c844f16568cf47da417a7c8ade147aef3.jpg,200,300,13.5
36630,Brock Jardine,https://www.sherdog.com/fighter/Brock-Jardine-36630,2026-08-19T00:20:37.633642+00:00,"Jul 10, 1985",1985-07-10,United States,"5'11"" / 180.34 cm",180.34,170 lbs / 77.11 kg,77.11,The Pit Elevated Fight Team,full/cfc24b7d64ab6bb5370a0f7cad01f2d2cd22a830.jpg,200,300,17.7
10226,Justin Levens,https://www.sherdog.com/fighter/Justin-Levens-10226,2026-08-19T00:20:37.644745+00:00,"Apr 18, 1980",1980-04-18,United States,"5'10"" / 177.8 cm",177.8,185 lbs / 83.91 kg,83.91,CSW,full/d3e4064f2f08a7e4bfdef5337a985002f2775053.jpg,200,300,17.3
14121,Chris Price,https://www.sherdog.com/fighter/Chris-Price-14121,2026-08-19T00:20:37.647948+00:00,"Nov 9, 1982",1982-11-09,United States,"6'2"" / 187.96 cm",187.96,203 lbs / 92.08 kg,92.08,Team IBJJA,full/14b892ec8d52d0b1d7710f9bc7ab163aeee5df9a.jpg,200,300,14.6
23322,Jake Rosholt,https://www.sherdog.com/fighter/Jake-Rosholt-23322,2026-08-19T00:20:37.651850+00:00,"Sep 2, 1982",1982-09-02,United States,"6'1"" / 185.42 cm",185.42,205 lbs / 92.99 kg,92.99,Team Takedown,full/e33b703817cb5fc0f75711ff87c844b228d081ca.jpg,200,300,10.5
202169,Mike Davis,https://www.sherdog.com/fighter/Mike-Davis-202169,2026-08-19T00:20:37.655301+00:00,"Oct 7, 1992",1992-10-07,United States,"6'0"" / 182.88 cm",182.88,155 lbs / 70.31 kg,70.31,Fusion X-Cel Performance,full/5512b67810d8fad0f98e5962d4ecedf8406c8e25.jpg,200,300,14.7
274869,Nurullo Aliev,https://www.sherdog.com/fighter/Nurullo-Aliev-274869,2026-08-19T00:20:37.661149+00:00,"Oct 16, 1999",1999-10-16,Tajikistan,"5'10"" / 177.8 cm",177.8,155 lbs / 70.31 kg,70.31,Kaizen MMA,full/04645d23f7b10d6024d29c5967928e191fa9e84d.jpg,200,300,11.7
69956,Adam Cella,https://www.sherdog.com/fighter/Adam-Cella-69956,2026-08-19T00:20:37.667042+00:00,"Jun 26, 1985",1985-06-26,United States,"6'2"" / 187.96 cm",187.96,189 lbs / 85.73 kg,85.73,Finney's HIT Squad,full/27c1d0a82571b54474686431b8b278fe908a4cf1.jpg,200,300,20.5
15687,Norman Paraisy,https://www.sherdog.com/fighter/Norman-Paraisy-15687,2026-08-19T00:20:37.670323+00:00,"Jan 7, 1986",1986-01-07,France,"6'0"" / 182.88 cm",182.88,185 lbs / 83.91 kg,83.91,Black House,full/0b10edc7057dd3d249e3b478600ebc65a623caa1.jpg,200,300,11.1
5739,Brian Cobb,https://www.sherdog.com/fighter/Brian-Cobb-5739,2026-08-19T00:20:37.673358+00:00,"Sep 3, 1980",1980-09-03,United States,"5'11"" / 180.34 cm",180.34,155 lbs / 70.31 kg,70.31,Team Pain and Suffering,full/e7e969b7eb4d3052aa596607f60c61b48d445925.jpg,200,300,13.9
55070,Edward Faaloloto,https://www.sherdog.com/fighter/Edward-Faaloloto-55070,2026-08-19T00:20:37.676604+00:00,"Jul 15, 1985",1985-07-15,United States,"5'9"" / 175.26 cm",175.26,170 lbs / 77.11 kg,77.11,Mouri Dojo,full/0fc4ce50ca39619db1f1f7cf18cb518ea02cea54.jpg,200,300,18.6
176087,Joe Giannetti,https://www.sherdog.com/fighter/Joe-Giannetti-176087,2026-08-19T00:20:37.679792+00:00,"Jul 5, 1995",1995-07-05,United States,"6'0"" / 182.88 cm",182.88,156 lbs / 70.76 kg,70.76,South Shore Sportfighting,full/54068765a13bce51ebed871a802c25efb6260ea7.jpg,200,300,10.2
57253,Allan Zuniga,https://www.sherdog.com/fighter/Allan-Zuniga-57253,2026-08-19T00:20:37.683669+00:00,"Apr 4, 1992",1992-04-04,Costa Rica,"5'7"" / 170.18 cm",170.18,155 lbs / 70.31 kg,70.31,Tigre MMA,full/486e3f027a70c3d60f6f98beb3c7e448d1c29965.jpg,200,300,9.6
244,Bob Cook,https://www.sherdog.com/fighter/Bob-Cook-244,2026-08-19T00:20:37.686621+00:00,,,United States,"5'9"" / 175.26 cm",175.26,170 lbs / 77.11 kg,77.11,American Kickboxing Academy,full/8117c50464a9e86e304d40a517b2abd5dca21c70.jpg,200,300,13.5
40205,Chris Spang,https://www.sherdog.com/fighter/Chris-Spang-40205,2026-08-19T00:20:37.689133+00:00,"Nov 26, 1987",1987-11-26,United States,"6'2"" / 187.96 cm",187.96,171 lbs / 77.56 kg,77.56,J-Sect MMA,full/12054cfa0f7dd4fdb77f547a1eb60209d9072c56.jpg,200,300,16.6
8396,Nate Mohr,https://www.sherdog.com/fighter/Nate-Mohr-8396,2026-08-19T00:20:37.696550+00:00,"Mar 3, 1983",1983-03-03,United States,"5'9"" / 175.26 cm",175.26,155 lbs / 70.31 kg,70.31,Team Curran,full/19a8cf9ec2707d4e6268ad84cafa663f745f0d7f.jpg,200,300,11.5
4767,Alberto Crane,https://www.sherdog.com/fighter/Alberto-Crane-4767,2026-08-19T00:20:37.699367+00:00,"Jul 14, 1976",1976-07-14,United States,"5'9"" / 175.26 cm",175.26,155 lbs / 70.31 kg,70.31,Legacy Brazilian Jiu-Jitsu Burbank,full/a422540bcc5dd22cb3efa8ad6841a787b1039647.jpg,200,300,20.1
13093,Danillo Villefort,https://www.sherdog.com/fighter/Danillo-Villefort-13093,2026-08-19T00:20:37.702076+00:00,"May 8, 1983",1983-05-08,United States,"6'1"" / 185.42 cm",185.42,186 lbs / 84.37 kg,84.37,Blackzilians,full/a981a844b17c6b803b4c282b0c90f3bec7b0d8cb.jpg,200,300,12.1
9056,Reggie Orr,https://www.sherdog.com/fighter/Reggie-Orr-9056,2026-08-19T00:20:37.704638+00:00,"Jun 26, 1983",1983-06-26,United States,"6'1"" / 185.42 cm",185.42,185 lbs / 83.91 kg,83.91,Millennia MMA,full/02cfa95310cd59240551b3fbca1d36e3d777d2fa.jpg,200,300,12.9
31978,Kenny Robertson,https://www.sherdog.com/fighter/Kenny-Robertson-31978,2026-08-19T00:20:37.707691+00:00,"Feb 14, 1984",1984-02-14,United States,"5'10"" / 177.8 cm",177.8,170 lbs / 77.11 kg,77.11,Central Illinois Combat Club,full/00435c51091d8d6f44b1ce1108bf9d4718e0a8a1.jpg,200,300,15.1
15816,Peter Sobotta,https://www.sherdog.com/fighter/Peter-Sobotta-15816,2026-08-19T00:20:37.711983+00:00,"Jan 11, 1987",1987-01-11,Germany,"6'0"" / 182.88 cm",182.88,170 lbs / 77.11 kg,77.11,Planet Eater,full/6bda7f2203dfdbfee7a5ba3fa957ce1034fb9a82.jpg,200,300,17.0
13068,Jake Ellenberger,https://www.sherdog.com/fighter/Jake-Ellenberger-13068,2026-08-19T00:20:37.716152+00:00,"Mar 28, 1985",1985-03-28,United States,"5'9"" / 175.26 cm",175.26,170 lbs / 77.11 kg,77.11,Reign MMA,full/b2d2cd20bab9ad7070ea998edc8c4ceccce0818c.jpg,200,300,13.3
13968,Rafael Natal,https://www.sherdog.com/fighter/Rafael-Natal-13968,2026-08-19T00:20:37.722463+00:00,"Dec 25, 1982",1982-12-25,Brazil,"6'0"" / 182.88 cm",182.88,185 lbs / 83.91 kg,83.91,Renzo Gracie Jiu-Jitsu,full/598814352edfd68e6c8e2cdde5cbf237d2dddf49.jpg,200,300,20.7
21175,Ronny Markes,https://www.sherdog.com/fighter/Ronny-Markes-21175,2026-08-19T00:20:37.728928+00:00,"Apr 21, 1988",1988-04-21,Brazil,"6'1"" / 185.42 cm",185.42,245 lbs / 111.13 kg,111.13,Nova Uniao RM,full/89a723cb49356567f4666c642543e2a012e92929.jpg,200,300,10.9
6258,Chris Leben,https://www.sherdog.com/fighter/Chris-Leben-6258,2026-08-19T00:20:37.733203+00:00,"Jul 21, 1980",1980-07-21,United States,"5'11"" / 180.34 cm",180.34,185 lbs / 83.91 kg,83.91,Alliance MMA,full/96982b4343605bedcef1bcc9c9adeef4dcd64422.jpg,200,300,19.5
56567,Luke Barnatt,https://www.sherdog.com/fighter/Luke-Barnatt-56567,2026-08-19T00:20:37.739500+00:00,"Apr 13, 1988",1988-04-13,England,"6'6"" / 198.12 cm",198.12,185 lbs / 83.91 kg,83.91,Tsunami Gym,full/618826a69c38629c7cad4f658dc540e6168cd0cf.jpg,200,300,16.6
22400,Cezar Ferreira,https://www.sherdog.com/fighter/Cezar-Ferreira-22400,2026-08-19T00:20:37.745184+00:00,"Feb 15, 1985",1985-02-15,Brazil,"6'1"" / 185.42 cm",185.42,216 lbs / 97.98 kg,97.98,MMA Masters,full/1984343af4ec2a0709069ca92a0cd7e669fc73cc.jpg,200,300,12.6
81585,Roger Zapata,https://www.sherdog.com/fighter/Roger-Zapata-81585,2026-08-19T00:20:37.749670+00:00,"May 9, 1986",1986-05-09,United States,"5'11"" / 180.34 cm",180.34,170 lbs / 77.11 kg,77.11,Bruno Tostes BJJ,full/241bda0b31efc8f39e8f6920fb6c80202cb34d3b.jpg,200,300,14.4
13336,Paulo Thiago,https://www.sherdog.com/fighter/Paulo-Thiago-13336,2026-08-19T00:20:37.752357+00:00,"Jan 25, 1981",1981-01-25,Brazil,"5'11"" / 180.34 cm",180.34,170 lbs / 77.11 kg,77.11,X-Gym,full/b5407966964b42c7bf81d4cdf7a67613c45d3ec0.jpg,200,300,13.5
16374,Dong Hyun Kim,https://www.sherdog.com/fighter/Dong-Hyun-Kim-16374,2026-08-19T00:20:37.756660+00:00,"Nov 17, 1981",1981-11-17,South Korea,"6'2"" / 187.96 cm",187.96,170 lbs / 77.11 kg,77.11,Busan Team MAD,full/c96c273fa496a24aacac3a60ba0ebc8e8beda2b5.jpg,200,300,13.7
11798,John Howard,https://www.sherdog.com/fighter/John-Howard-11798,2026-08-19T00:20:37.761595+00:00,"Mar 1, 1983",1983-03-01,United States,"5'7"" / 170.18 cm",170.18,171 lbs / 77.56 kg,77.56,Wai Kru MMA,full/bcaf02408ca51a2b59e867de83eaf2aefe34b015.jpg,200,300,17.6
86279,Rob Wilkinson,https://www.sherdog.com/fighter/Rob-Wilkinson-86279,2026-08-19T00:20:37.766914+00:00,"Feb 22, 1992",1992-02-22,Australia,"6'3"" / 190.5 cm",190.5,205 lbs / 92.99 kg,92.99,Hybrid Training Centre,full/dc38e257ed2ee41712a007feaf3aa12e60ebcb17.jpg,200,300,13.8
113505,Luan Chagas,https://www.sherdog.com/fighter/Luan-Chagas-113505,2026-08-19T00:20:37.769862+00:00,"Jun 17, 1993",1993-06-17,Brazil,"5'11"" / 180.34 cm",180.34,170 lbs / 77.11 kg,77.11,Gile Ribeiro Team,full/59e4762a1ddebb1142818f88d5bcbd133c993740.jpg,200,300,11.3
168833,Ismail Naurdiev,https://www.sherdog.com/fighter/Ismail-Naurdiev-168833,2026-08-19T00:20:37.772732+00:00,"Aug 18, 1996",1996-08-18,Austria,"6'0"" / 182.88 cm",182.88,185 lbs / 83.91 kg,83.91,Top Team Salzburg,full/e7d031da3d20be04adaadb19135684900fed030a.jpg,200,300,13.9
8095,Kalib Starnes,https://www.sherdog.com/fighter/Kalib-Starnes-8095,2026-08-19T00:20:37.776643+00:00,"Jan 6, 1975",1975-01-06,Canada,"6'3"" / 190.5 cm",190.5,205 lbs / 92.99 kg,92.99,Aegis Athletics,full/ba27bc72300154e05ffa0cdb36609dbf9d11cbfb.jpg,200,300,8.9
3525,Rory Singer,https://www.sherdog.com/fighter/Rory-Singer-3525,2026-08-19T00:20:37.861883+00:00,"May 28, 1976",1976-05-28,United States,"6'2"" / 187.96 cm",187.96,185 lbs / 83.91 kg,83.91,Hardcore Gym,full/0cbed1f04d2ad5664d0c9f34c14fcd30dbd8ce47.jpg,200,300,11.5
5199,Mike Swick,https://www.sherdog.com/fighter/Mike-Swick-5199,2026-08-19T00:20:37.865549+00:00,"Jun 19, 1979",1979-06-19,United States,"6'1"" / 185.42 cm",185.42,170 lbs / 77.11 kg,77.11,AKA Thailand,full/f0a7fc539c994657a2e56586a99afdd038f0dc7b.jpg,200,300,17.6
212,Evan Tanner,https://www.sherdog.com/fighter/Evan-Tanner-212,2026-08-19T00:20:37.875971+00:00,"Feb 11, 1971",1971-02-11,United States,"6'0"" / 182.88 cm",182.88,185 lbs / 83.91 kg,83.91,Hard Knocks Kickboxing,full/a2280ffc9ada316087f61fb84d75400dd56c18d4.jpg,200,300,17.7
338,Dean Lister,https://www.sherdog.com/fighter/Dean-Lister-338,2026-08-19T00:20:37.881195+00:00,"Feb 13, 1976",1976-02-13,United States,"6'1"" / 185.42 cm",185.42,185 lbs / 83.91 kg,83.91,Victory MMA,full/623237e580bec48c28d168429d095477cfe28528.jpg,200,300,13.6
4112,Chael Sonnen,https://www.sherdog.com/fighter/Chael-Sonnen-4112,2026-08-19T00:20:37.884445+00:00,"Apr 3, 1977",1977-04-03,United States,"6'1"" / 185.42 cm",185.42,205 lbs / 92.99 kg,92.99,Team Quest,full/79936c429cbfcec30dd5d2a035098a36f6162538.jpg,200,300,12.8
22411,Mark Munoz,https://www.sherdog.com/fighter/Mark-Munoz-22411,2026-08-19T00:20:37.892611+00:00,"Feb 9, 1978",1978-02-09,United States,"6'0"" / 182.88 cm",182.88,185 lbs / 83.91 kg,83.91,Reign MMA,full/511d5fe02958ca9e42d1b703e0f02558ae7a1233.jpg,200,300,13.2
1712,Nate Marquardt,https://www.sherdog.com/fighter/Nate-Marquardt-1712,2026-08-19T00:20:37.897044+00:00,"Apr 20, 1979",1979-04-20,United States,"6'0"" / 182.88 cm",182.88,185 lbs / 83.91 kg,83.91,High Altitude Martial Arts,full/23056169942976fc929eb9b7bed87dddd7a8aafa.jpg,200,300,16.3
23811,Buddy Roberts,https://www.sherdog.com/fighter/Buddy-Roberts-23811,2026-08-19T00:20:37.904466+00:00,"Oct 17, 1982",1982-10-17,United States,"6'2"" / 187.96 cm",187.96,185 lbs / 83.91 kg,83.91,Jackson-Wink MMA,full/9a14493c8fea3e2096b211a13a5e7e2833d73d7a.jpg,200,300,19.8
10967,Alan Belcher,https://www.sherdog.com/fighter/Alan-Belcher-10967,2026-08-19T00:20:37.906936+00:00,"Apr 24, 1984",1984-04-24,United States,"6'2"" / 187.96 cm",187.96,233 lbs / 105.69 kg,105.69,Roufusport,full/537d79319c7bd54babe43fd69414c744ed7d8ac6.jpg,200,300,16.4
11292,Hector Lombard,https://www.sherdog.com/fighter/Hector-Lombard-11292,2026-08-19T00:20:37.911694+00:00,"Feb 2, 1978",1978-02-02,Cuba,"5'9"" / 175.26 cm",175.26,185 lbs / 83.91 kg,83.91,UFD Gym,full/5f6c266e3fbceb763a3fdac2796ae152e672b109.jpg,200,300,18.4
8394,Ronaldo Souza,https://www.sherdog.com/fighter/Ronaldo-Souza-8394,2026-08-19T00:20:37.917255+00:00,"Dec 7, 1979",1979-12-07,Brazil,"6'1"" / 185.42 cm",185.42,185 lbs / 83.91 kg,83.91,Fusion X-Cel Performance,full/b0e049e636219e5309efceec4d81052b7f55a6c6.jpg,200,300,10.6
25531,Cameron Dollar,https://www.sherdog.com/fighter/Cameron-Dollar-25531,2026-08-19T00:20:37.693315+00:00,"May 12, 1987",1987-05-12,United States,"5'11"" / 180.34 cm",180.34,145 lbs / 65.77 kg,65.77,Colorado Fight Factory,full/af23c017ee00cc7764abb86824ff25233b58f981.jpg,200,300,13.1
9266,Mike Stine,https://www.sherdog.com/fighter/Mike-Stine-9266,2026-08-19T00:54:11.801011+00:00,"Jan 8, 1979",1979-01-08,United States,"6'0"" / 182.88 cm",182.88,185 lbs / 83.91 kg,83.91,Team Tiger Schulmann,full/06750042ca3546753bbb0eb81887e4093da8ed0e.jpg,200,300,11.3
39686,Tyler Minton,https://www.sherdog.com/fighter/Tyler-Minton-39686,2026-08-19T00:54:11.810552+00:00,"Dec 5, 1987",1987-12-05,United States,"6'0"" / 182.88 cm",182.88,170 lbs / 77.11 kg,77.11,Team Oxendine,full/06750042ca3546753bbb0eb81887e4093da8ed0e.jpg,200,300,11.3
10543,Lucio Linhares,https://www.sherdog.com/fighter/Lucio-Linhares-10543,2026-08-19T00:20:37.889723+00:00,"Dec 8, 1973",1973-12-08,Brazil,"6'2"" / 187.96 cm",187.96,185 lbs / 83.91 kg,83.91,Alliance Jiu-Jitsu,full/a61c597c1569bbcf529ca32a5c41d9b9b7f0ada0.jpg,200,300,16.2
1255,Yuki Sasaki,https://www.sherdog.com/fighter/Yuki-Sasaki-1255,2026-08-19T00:54:11.773018+00:00,"Sep 12, 1976",1976-09-12,Japan,"6'0"" / 182.88 cm",182.88,180 lbs / 81.65 kg,81.65,Grabaka,full/342976f2ae618a41d1dafbb4f278bc123d237b00.jpg,200,300,8.8
213,Darrell Gholar,https://www.sherdog.com/fighter/Darrell-Gholar-213,2026-08-19T00:54:11.785309+00:00,"Nov 7, 1962",1962-11-07,United States,"5'8"" / 172.72 cm",172.72,198 lbs / 89.81 kg,89.81,,full/23adcbf3c07fc5f7f8c359802df7b1571a657919.jpg,200,300,10.7
246,Lance  Gibson,https://www.sherdog.com/fighter/Lance-Gibson-246,2026-08-19T00:54:11.787903+00:00,"Nov 20, 1970",1970-11-20,Canada,"5'9"" / 175.26 cm",175.26,185 lbs / 83.91 kg,83.91,Gibson Kickboxing & Pankration,full/ee2bd42551b4f764feae937e07cbd6d6b37bd16f.jpg,200,300,9.3
853,Homer Moore,https://www.sherdog.com/fighter/Homer-Moore-853,2026-08-19T00:54:11.790591+00:00,"Nov 12, 1971",1971-11-12,United States,"5'10"" / 177.8 cm",177.8,205 lbs / 92.99 kg,92.99,,full/c1d5263711f306396be0665ffe86d1d72d54dc3e.jpg,200,300,12.9
1449,Chris Haseman,https://www.sherdog.com/fighter/Chris-Haseman-1449,2026-08-19T00:54:11.793990+00:00,"Jun 2, 1969",1969-06-02,Australia,"5'11"" / 180.34 cm",180.34,198 lbs / 89.81 kg,89.81,Rings Australia,full/5ac274e72d9f39ca41165849120f3d18d41f1ce1.jpg,200,300,15.3
900,Steve Vigneault,https://www.sherdog.com/fighter/Steve-Vigneault-900,2026-08-19T00:54:11.797809+00:00,"Feb 14, 1978",1978-02-14,Canada,"5'10"" / 177.8 cm",177.8,169 lbs / 76.66 kg,76.66,Tristar Gym,,,,
12903,Jim Wallhead,https://www.sherdog.com/fighter/Jim-Wallhead-12903,2026-08-19T00:54:11.804545+00:00,"Mar 14, 1984",1984-03-14,England,"5'10"" / 177.8 cm",177.8,170 lbs / 77.11 kg,77.11,London Shootfighters,full/341554847cbaae44797d346fba086e404f6942f9.jpg,200,300,21.6
12369,Jason Tan,https://www.sherdog.com/fighter/Jason-Tan-12369,2026-08-19T00:54:11.808250+00:00,"Dec 17, 1981",1981-12-17,England,"5'10"" / 177.8 cm",177.8,170 lbs / 77.11 kg,77.11,,full/449f902e0fd9a8772c8af645ce09bf84bf35f814.jpg,200,300,15.9
60034,Nicholas Kohring,https://www.sherdog.com/fighter/Nicholas-Kohring-60034,2026-08-19T00:54:11.812735+00:00,"Jun 28, 1990",1990-06-28,United States,"6'1"" / 185.42 cm",185.42,193 lbs / 87.54 kg,87.54,Cesar Gracie Jiu-Jitsu,full/3b20bf34892770048dae9d0d2bf2f6d1a98fb416.jpg,200,300,16.8
12690,Jason Thacker,https://www.sherdog.com/fighter/Jason-Thacker-12690,2026-08-19T00:54:11.815175+00:00,"Aug 18, 1975",1975-08-18,Canada,"6'0"" / 182.88 cm",182.88,185 lbs / 83.91 kg,83.91,,full/0391b0b91a2744679b7c5db3067fc3db481164b9.jpg,200,300,10.9
34408,Jay Silva,https://www.sherdog.com/fighter/Jay-Silva-34408,2026-08-19T00:54:11.817014+00:00,"May 25, 1981",1981-05-25,United States,"6'2"" / 187.96 cm",187.96,225 lbs / 102.06 kg,102.06,MPF Training Systems,full/891cb97d8f6b0f0449a8cd4c3e6a66e6ff05c973.jpg,200,300,9.4
6809,Jesse Bongfeldt,https://www.sherdog.com/fighter/Jesse-Bongfeldt-6809,2026-08-19T00:54:11.819999+00:00,"Aug 28, 1980",1980-08-28,Canada,"6'0"" / 182.88 cm",182.88,185 lbs / 83.91 kg,83.91,Canadian Martial Arts Centre,full/444d0eb225db491d4a4106fb3e98bba7e5054969.jpg,200,300,18.3
7406,Luke Caudillo,https://www.sherdog.com/fighter/Luke-Caudillo-7406,2026-08-19T00:54:11.823139+00:00,"Nov 30, 1980",1980-11-30,United States,"5'7"" / 170.18 cm",170.18,155 lbs / 70.31 kg,70.31,Grudge Training Center,full/02b08c8477ee9820c5558df12126fcb9eee64daf.jpg,200,300,13.5
24608,Martin Stapleton,https://www.sherdog.com/fighter/Martin-Stapleton-24608,2026-08-19T00:54:11.826965+00:00,"May 9, 1983",1983-05-09,England,"5'9"" / 175.26 cm",175.26,164 lbs / 74.39 kg,74.39,SBG Manchester,full/e6f760a25c0a62219f7080e0b4a583ed9e607188.jpg,200,300,16.0
66992,Jake Heun,https://www.sherdog.com/fighter/Jake-Heun-66992,2026-08-19T00:54:11.830242+00:00,"Aug 24, 1987",1987-08-24,United States,"6'2"" / 187.96 cm",187.96,205 lbs / 92.99 kg,92.99,Tiger Muay Thai,full/45430d6be9fa574721d8fa1e9eb37d3b4b238786.jpg,200,300,19.5
244107,Mitch Ramirez,https://www.sherdog.com/fighter/Mitch-Ramirez-244107,2026-08-19T00:54:11.833533+00:00,"Nov 3, 1992",1992-11-03,United States,"5'11"" / 180.34 cm",180.34,155 lbs / 70.31 kg,70.31,Syndicate MMA,full/cce49a4059225d0521748bb6be01a63302857474.jpg,200,300,13.0
59607,Dhiego Lima,https://www.sherdog.com/fighter/Dhiego-Lima-59607,2026-08-19T00:54:11.839476+00:00,"Jan 31, 1989",1989-01-31,Brazil,"6'2"" / 187.96 cm",187.96,170 lbs / 77.11 kg,77.11,American Top Team Atlanta,full/b57f75165cc7332283ac511b362affe6c3cc6799.jpg,200,300,16.6
22350,C.B. Dollaway,https://www.sherdog.com/fighter/CB-Dollaway-22350,2026-08-19T00:54:11.844589+00:00,"Aug 10, 1983",1983-08-10,United States,"6'2"" / 187.96 cm",187.96,185 lbs / 83.91 kg,83.91,Power MMA Team,full/7b35796112ea322059d59b3799576fc319e300ac.jpg,200,300,15.3
24986,Aaron Simpson,https://www.sherdog.com/fighter/Aaron-Simpson-24986,2026-08-19T00:54:11.850776+00:00,"Jul 20, 1974",1974-07-20,United States,"6'0"" / 182.88 cm",182.88,170 lbs / 77.11 kg,77.11,Power MMA Team,full/9bb59a00a83472ebdeef6f2c2686b3b223442f14.jpg,200,300,13.4
390,Joe Doerksen,https://www.sherdog.com/fighter/Joe-Doerksen-390,2026-08-19T00:54:11.854550+00:00,"Oct 9, 1977",1977-10-09,Canada,"6'0"" / 182.88 cm",182.88,186 lbs / 84.37 kg,84.37,Canadian Fighting Centre,full/12bb823895e5e1f865af84d328cc1e60a3d186d6.jpg,200,300,16.9
6612,Patrick Cote,https://www.sherdog.com/fighter/Patrick-Cote-6612,2026-08-19T00:54:11.859573+00:00,"Feb 29, 1980",1980-02-29,Canada,"5'11"" / 180.34 cm",180.34,170 lbs / 77.11 kg,77.11,BTT Canada,full/0e36d4ea7d7234a872c0780e45cad04412b80a26.jpg,200,300,13.5
42804,Chris Weidman,https://www.sherdog.com/fighter/Chris-Weidman-42804,2026-08-19T00:54:11.865520+00:00,"Jun 17, 1984",1984-06-17,United States,"6'2"" / 187.96 cm",187.96,195 lbs / 88.45 kg,88.45,Serra-Longo Fight Team,full/c76c8a4a160002cea67d6f309948c171f50732c9.jpg,200,300,13.5
4389,Jason MacDonald,https://www.sherdog.com/fighter/Jason-MacDonald-4389,2026-08-19T00:54:11.870589+00:00,"Jun 3, 1975",1975-06-03,Canada,"6'2"" / 187.96 cm",187.96,185 lbs / 83.91 kg,83.91,Pure Fitness,full/3f5c953fe221c901a654796acb06eb3ac55b7f58.jpg,200,300,19.2
9798,Francis Carmont,https://www.sherdog.com/fighter/Francis-Carmont-9798,2026-08-19T00:54:11.875407+00:00,"Nov 10, 1981",1981-11-10,France,"6'3"" / 190.5 cm",190.5,205 lbs / 92.99 kg,92.99,Tristar Gym,full/700149b4a36d39810aeebdb3f34c4be4987fd5bb.jpg,200,300,14.2
42901,Michael Kuiper,https://www.sherdog.com/fighter/Michael-Kuiper-42901,2026-08-19T00:54:11.879497+00:00,"Jun 7, 1989",1989-06-07,Netherlands,"6'0"" / 182.88 cm",182.88,205 lbs / 92.99 kg,92.99,Team Topfighter,full/4f195bc23ae286c46e51cdfc936c5add2704644f.jpg,200,300,13.7
70064,Kelly Anundson,https://www.sherdog.com/fighter/Kelly-Anundson-70064,2026-08-19T00:54:11.882398+00:00,"Aug 29, 1984",1984-08-29,United States,"5'11"" / 180.34 cm",180.34,205 lbs / 92.99 kg,92.99,Battle Born BJJ & MMA,full/f19d02d0c8abc5a3207ba8ca2db39ba3b1ae04ee.jpg,200,300,15.9
42742,Josh Clark,https://www.sherdog.com/fighter/Josh-Clark-42742,2026-08-19T00:54:11.884774+00:00,"Nov 2, 1984",1984-11-02,United States,"6'4"" / 193.04 cm",193.04,185 lbs / 83.91 kg,83.91,Xtreme Couture,full/9929e3ce2990e6ef40077c5ca428bd466290d4bd.jpg,200,300,11.6
67971,Patrick Walsh,https://www.sherdog.com/fighter/Patrick-Walsh-67971,2026-08-19T00:54:11.887467+00:00,"Nov 28, 1988",1988-11-28,United States,"5'11"" / 180.34 cm",180.34,258 lbs / 117.03 kg,117.03,Wai Kru MMA,full/f1ff7477b1022806dbd464713c4189d4b367f4ea.jpg,200,300,13.7
93683,Justin Jones,https://www.sherdog.com/fighter/Justin-Jones-93683,2026-08-19T00:54:11.890516+00:00,"Feb 14, 1980",1980-02-14,United States,"5'11"" / 180.34 cm",180.34,205 lbs / 92.99 kg,92.99,Victory MMA,full/e08bba04d6f31e826eb9e3bcd97c9e076d8898df.jpg,200,300,14.4
37528,Jimi Manuwa,https://www.sherdog.com/fighter/Jimi-Manuwa-37528,2026-08-19T00:54:11.893064+00:00,"Feb 18, 1980",1980-02-18,England,"6'0"" / 182.88 cm",182.88,205 lbs / 92.99 kg,92.99,Keddles Gym,full/ce210c68a542a1720442e1e5c5a260cb316501bd.jpg,200,300,18.3
18304,Shane Primm,https://www.sherdog.com/fighter/Shane-Primm-18304,2026-08-19T00:54:11.897034+00:00,"Jul 30, 1984",1984-07-30,United States,"6'4"" / 193.04 cm",193.04,185 lbs / 83.91 kg,83.91,Gracie Tampa,full/be85ec85bebc248d2feea80bf8d76254199d7f8c.jpg,200,300,10.8
21044,Ryan Jimmo,https://www.sherdog.com/fighter/Ryan-Jimmo-21044,2026-08-19T00:54:11.899672+00:00,"Nov 27, 1981",1981-11-27,Canada,"6'2"" / 187.96 cm",187.96,205 lbs / 92.99 kg,92.99,Power MMA Team,full/1ef7e59267f42c123ad8ee79622d3ecfc368db96.jpg,200,300,12.5
64754,Matt Van Buren,https://www.sherdog.com/fighter/Matt-Van-Buren-64754,2026-08-19T00:54:11.903237+00:00,"Jun 12, 1986",1986-06-12,United States,"6'5"" / 195.58 cm",195.58,205 lbs / 92.99 kg,92.99,Team Gutter,full/b12b5920caba8a40b834e98d654070f5010e225e.jpg,200,300,10.2
22732,Steve Bosse,https://www.sherdog.com/fighter/Steve-Bosse-22732,2026-08-19T00:54:11.906142+00:00,"Jul 29, 1981",1981-07-29,Canada,"5'11"" / 180.34 cm",180.34,202 lbs / 91.63 kg,91.63,Tristar Gym,full/dfe119f1dd8e35bb8c93bdc5779a56afb0bb7721.jpg,200,300,11.1
22111,James McSweeney,https://www.sherdog.com/fighter/James-McSweeney-22111,2026-08-19T00:54:11.908679+00:00,"Oct 24, 1980",1980-10-24,England,"6'4"" / 193.04 cm",193.04,248 lbs / 112.49 kg,112.49,McSweeney Martial Arts,full/81fd5754cbbf3facbc731e3206f7dd9482326afb.jpg,200,300,14.6
16558,Kyle Kingsbury,https://www.sherdog.com/fighter/Kyle-Kingsbury-16558,2026-08-19T00:54:11.914869+00:00,"Mar 22, 1982",1982-03-22,United States,"6'4"" / 193.04 cm",193.04,205 lbs / 92.99 kg,92.99,American Kickboxing Academy,full/d7f7bb3c6b84e285bbd37787f03509bd4b8136e0.jpg,200,300,12.2
7621,Igor Pokrajac,https://www.sherdog.com/fighter/Igor-Pokrajac-7621,2026-08-19T00:54:11.918772+00:00,"Jan 2, 1979",1979-01-02,Croatia,"6'0"" / 182.88 cm",182.88,205 lbs / 92.99 kg,92.99,American Top Team,full/b6448600388733a0ec77202f6a3d26020e043e2a.jpg,200,300,17.2
15907,Roger Hollett,https://www.sherdog.com/fighter/Roger-Hollett-15907,2026-08-19T00:54:11.923620+00:00,"Oct 8, 1978",1978-10-08,Canada,"5'10"" / 177.8 cm",177.8,205 lbs / 92.99 kg,92.99,Titans MMA,full/fdc892b77f986ae1dc388a170fcdfe0e656d8fd8.jpg,200,300,10.6
21219,Joey Beltran,https://www.sherdog.com/fighter/Joey-Beltran-21219,2026-08-19T00:54:11.926339+00:00,"Dec 9, 1981",1981-12-09,United States,"6'1"" / 185.42 cm",185.42,205 lbs / 92.99 kg,92.99,Blackline,full/ba947ddd4fbd479504ab44cdaed7a366ced4b488.jpg,200,300,15.8
39537,Stipe Miocic,https://www.sherdog.com/fighter/Stipe-Miocic-39537,2026-08-19T00:54:11.930440+00:00,"Aug 19, 1982",1982-08-19,United States,"6'4"" / 193.04 cm",193.04,249 lbs / 112.94 kg,112.94,Strong Style Fight Team,full/30a0e8c205b39b02f0dc2ecf8b0e6dbeac78ab41.jpg,200,300,10.6
14825,Hans Stringer,https://www.sherdog.com/fighter/Hans-Stringer-14825,2026-08-19T00:54:11.935470+00:00,"Jul 6, 1987",1987-07-06,Netherlands,"6'2"" / 187.96 cm",187.96,205 lbs / 92.99 kg,92.99,Blackzilians,full/79284780eaaaae21931baf796a8cd7f69bf927b9.jpg,200,300,11.5
348,Quinton Jackson,https://www.sherdog.com/fighter/Quinton-Jackson-348,2026-08-19T00:54:11.938580+00:00,"Jun 20, 1978",1978-06-20,United States,"6'1"" / 185.42 cm",185.42,265 lbs / 120.2 kg,120.2,Wolfslair Academy,full/5556491c66255632ad271a8ba94722596324b6dd.jpg,200,300,13.7
23736,Nick Penner,https://www.sherdog.com/fighter/Nick-Penner-23736,2026-08-19T00:54:11.943648+00:00,"Mar 26, 1980",1980-03-26,Canada,"6'0"" / 182.88 cm",182.88,205 lbs / 92.99 kg,92.99,Frank Lee's Muay Thai,full/343a1aa58b77280ac54255f5540b9af047655913.jpg,200,300,10.1
217983,Cesar Almeida,https://www.sherdog.com/fighter/Cesar-Almeida-217983,2026-08-19T00:54:11.946078+00:00,"Mar 28, 1988",1988-03-28,Brazil,"6'1"" / 185.42 cm",185.42,185 lbs / 83.91 kg,83.91,Lotus MMA,full/ee4cc558b6ebf810dc75e4d6df878b4ce349298d.jpg,200,300,12.6
22137,Magnus Cedenblad,https://www.sherdog.com/fighter/Magnus-Cedenblad-22137,2026-08-19T00:54:11.948911+00:00,"Apr 10, 1982",1982-04-10,Sweden,"6'3"" / 190.5 cm",190.5,185 lbs / 83.91 kg,83.91,Allstars Training Center,full/77a0cf222d900922a8a58101bf2e15019e817993.jpg,200,300,13.6
143157,Antonio Carlos Jr.,https://www.sherdog.com/fighter/Antonio-Carlos-Jr-143157,2026-08-19T00:54:11.952034+00:00,"Mar 16, 1990",1990-03-16,Brazil,"6'2"" / 187.96 cm",187.96,205 lbs / 92.99 kg,92.99,American Top Team,full/70469bde25baf65ef3a30e71ac403e510e1f0baf.jpg,200,300,16.2
13470,John Phillips,https://www.sherdog.com/fighter/John-Phillips-13470,2026-08-19T00:54:11.956328+00:00,"Jun 9, 1985",1985-06-09,Wales,"5'11"" / 180.34 cm",180.34,185 lbs / 83.91 kg,83.91,SBG Ireland,full/8e2b0e33f6bf60aa9078028c459e364d5ddaa5f2.jpg,200,300,10.3
39037,Doug Sparks,https://www.sherdog.com/fighter/Doug-Sparks-39037,2026-08-19T01:12:46.153026+00:00,"Oct 14, 1982",1982-10-14,United States,"5'10"" / 177.8 cm",177.8,203 lbs / 92.08 kg,92.08,Team Hoedown,full/06750042ca3546753bbb0eb81887e4093da8ed0e.jpg,200,300,11.3
8272,David Baggett,https://www.sherdog.com/fighter/David-Baggett-8272,2026-08-19T01:12:46.166941+00:00,"Apr 7, 1980",1980-04-07,United States,"6'0"" / 182.88 cm",182.88,203 lbs / 92.08 kg,92.08,The Jungle MMA & Fitness,full/06750042ca3546753bbb0eb81887e4093da8ed0e.jpg,200,300,11.3
75532,Adam Stroup,https://www.sherdog.com/fighter/Adam-Stroup-75532,2026-08-19T01:12:46.172738+00:00,"Dec 12, 1986",1986-12-12,United States,"6'3"" / 190.5 cm",190.5,185 lbs / 83.91 kg,83.91,Factory X,full/06750042ca3546753bbb0eb81887e4093da8ed0e.jpg,200,300,11.3
12826,Brendan Weafer,https://www.sherdog.com/fighter/Brendan-Weafer-12826,2026-08-19T01:12:46.299834+00:00,"Jul 6, 1983",1983-07-06,United States,,,155 lbs / 70.31 kg,70.31,,full/06750042ca3546753bbb0eb81887e4093da8ed0e.jpg,200,300,11.3
31151,Kamal Shalorus,https://www.sherdog.com/fighter/Kamal-Shalorus-31151,2026-08-19T00:54:11.960978+00:00,"Aug 27, 1977",1977-08-27,Iran,"5'8"" / 172.72 cm",172.72,155 lbs / 70.31 kg,70.31,Kaizen MMA,full/b5724b74b3c289ab69a980dace99d2194503084d.jpg,200,300,14.3
14971,Leonardo Guimaraes,https://www.sherdog.com/fighter/Leonardo-Guimaraes-14971,2026-08-19T01:12:46.118388+00:00,"Apr 15, 1982",1982-04-15,Brazil,"6'0"" / 182.88 cm",182.88,205 lbs / 92.99 kg,92.99,Tata Fight Team,full/b120e8a5dca25f6b57e586fef0318800f724be7b.jpg,200,300,15.1
171801,Cezary Oleksiejczuk,https://www.sherdog.com/fighter/Cezary-Oleksiejczuk-171801,2026-08-19T01:12:46.132322+00:00,"Jan 6, 2000",2000-01-06,Poland,"6'3"" / 190.5 cm",190.5,185 lbs / 83.91 kg,83.91,Akademia Sportow Walki Wilanow,full/fc757373f92657ca3fe74c292c8363a32f7d47b2.jpg,200,300,13.8
426729,Damian Pinas,https://www.sherdog.com/fighter/Damian-Pinas-426729,2026-08-19T01:12:46.135617+00:00,"Mar 12, 2002",2002-03-12,Aruba,"6'1"" / 185.42 cm",185.42,185 lbs / 83.91 kg,83.91,Nova Uniao,full/5a1534527f13c80a9256fea9ef2e0c77a6b697fe.jpg,200,300,9.6
24217,Rolles Gracie,https://www.sherdog.com/fighter/Rolles-Gracie-24217,2026-08-19T01:12:46.138325+00:00,"Jul 14, 1978",1978-07-14,Brazil,"6'4"" / 193.04 cm",193.04,249 lbs / 112.94 kg,112.94,Renzo Gracie Jiu-Jitsu,full/48eb2e2125902e2bf5a634100e9ba7a3a511e68c.jpg,200,300,16.4
49521,Wes Shivers,https://www.sherdog.com/fighter/Wes-Shivers-49521,2026-08-19T01:12:46.140771+00:00,"Mar 8, 1977",1977-03-08,United States,"6'8"" / 203.2 cm",203.2,265 lbs / 120.2 kg,120.2,Independent,full/bf798d2fb1e7bb53c431ba32c40f89ef36f8c780.jpg,200,300,16.5
67208,Daniel Vizcaya,https://www.sherdog.com/fighter/Daniel-Vizcaya-67208,2026-08-19T01:12:46.143230+00:00,"Jul 1, 1985",1985-07-01,United States,"6'0"" / 182.88 cm",182.88,185 lbs / 83.91 kg,83.91,Prime Muay Thai,full/68ccfe218c6bf7ab7a66296ae6227e2f8490ddd4.jpg,200,300,13.8
22505,Antwain Britt,https://www.sherdog.com/fighter/Antwain-Britt-22505,2026-08-19T01:12:46.145748+00:00,"May 9, 1978",1978-05-09,United States,"6'1"" / 185.42 cm",185.42,184 lbs / 83.46 kg,83.46,Hybrid Academy of Martial Arts,full/18db08d79960c3880af7b58d07a5382e0de35d3a.jpg,200,300,15.3
11950,Ron Stallings,https://www.sherdog.com/fighter/Ron-Stallings-11950,2026-08-19T01:12:46.148784+00:00,"Feb 25, 1983",1983-02-25,United States,"6'0"" / 182.88 cm",182.88,185 lbs / 83.91 kg,83.91,Team Lloyd Irvin,full/5c524500cc25313dd843d103c20b2dd113817b23.jpg,200,300,16.2
69707,Anton Berzin,https://www.sherdog.com/fighter/Anton-Berzin-69707,2026-08-19T01:12:46.155586+00:00,"Sep 29, 1989",1989-09-29,United States,"6'2"" / 187.96 cm",187.96,205 lbs / 92.99 kg,92.99,Rocco Mixed Martial Arts,full/f63b0ea8e820fee9860607a98b9ed8d142753e5b.jpg,200,300,9.9
39485,Dan Spohn,https://www.sherdog.com/fighter/Dan-Spohn-39485,2026-08-19T01:12:46.157903+00:00,"Oct 12, 1984",1984-10-12,United States,"6'4"" / 193.04 cm",193.04,206 lbs / 93.44 kg,93.44,Cambridge Martial Arts,full/e75f8baeff7138e954c0468303cd8e043bef1c37.jpg,200,300,9.9
42347,John Poppie,https://www.sherdog.com/fighter/John-Poppie-42347,2026-08-19T01:12:46.161510+00:00,"Jan 24, 1990",1990-01-24,United States,"6'0"" / 182.88 cm",182.88,184 lbs / 83.46 kg,83.46,Xtreme Couture,full/c91bba5a1be4686991c3ae16152569b7ce75bc97.jpg,200,300,20.6
3089,Tim McKenzie,https://www.sherdog.com/fighter/Tim-McKenzie-3089,2026-08-19T01:12:46.164346+00:00,"Jul 21, 1981",1981-07-21,United States,"5'11"" / 180.34 cm",180.34,174 lbs / 78.93 kg,78.93,,full/3d61a2809b462ba1fd3089313c11134cedc15659.jpg,200,300,13.8
186791,Khalid Murtazaliev,https://www.sherdog.com/fighter/Khalid-Murtazaliev-186791,2026-08-19T01:12:46.170153+00:00,"Jul 15, 1993",1993-07-15,Russia,"5'11"" / 180.34 cm",180.34,185 lbs / 83.91 kg,83.91,Fight Club Krepost,full/e4c95b38ef68e7cd35d56a3a19bfcc86e7d4c236.jpg,200,300,9.7
15380,Jorge Antonio Cezario de Oliveira,https://www.sherdog.com/fighter/Jorge-Antonio-Cezario-de-Oliveira-15380,2026-08-19T01:12:46.175341+00:00,"Jan 22, 1980",1980-01-22,Brazil,"5'10"" / 177.8 cm",177.8,170 lbs / 77.11 kg,77.11,Renovacao Fight Team,full/821ba3505940d3930132140b20ea3a4d0b68851f.jpg,200,300,8.7
31144,Todd Monaghan,https://www.sherdog.com/fighter/Todd-Monaghan-31144,2026-08-19T01:12:46.178089+00:00,"Feb 14, 1983",1983-02-14,United States,"6'2"" / 187.96 cm",187.96,205 lbs / 92.99 kg,92.99,Iowa Top Team,full/09e4ec27bf74050494eda5eb5bfd594e6685a47f.jpg,200,300,11.1
247,Jermaine Andre,https://www.sherdog.com/fighter/Jermaine-Andre-247,2026-08-19T01:12:46.183751+00:00,"Jul 16, 1973",1973-07-16,United States,"5'7"" / 170.18 cm",170.18,185 lbs / 83.91 kg,83.91,,full/1ec15c5afba2fe3e2fb39b9a77b75afa17917e08.jpg,200,300,14.8
17129,Abel Trujillo,https://www.sherdog.com/fighter/Abel-Trujillo-17129,2026-08-19T01:12:46.186153+00:00,"Sep 18, 1983",1983-09-18,United States,"5'8"" / 172.72 cm",172.72,155 lbs / 70.31 kg,70.31,Blackzilians,full/b5da2ab95a9103c31b8c043e9e6d2770566a77b0.jpg,200,300,18.7
6246,Pat Healy,https://www.sherdog.com/fighter/Pat-Healy-6246,2026-08-19T01:12:46.190332+00:00,"Jul 20, 1983",1983-07-20,United States,"5'10"" / 177.8 cm",177.8,155 lbs / 70.31 kg,70.31,Sports Lab,full/b5f72ca262a28daa530ff87fac9634d011d7598b.jpg,200,300,18.6
47899,Darrell Horcher,https://www.sherdog.com/fighter/Darrell-Horcher-47899,2026-08-19T01:12:46.194866+00:00,"Jul 28, 1987",1987-07-28,United States,"5'10"" / 177.8 cm",177.8,154 lbs / 69.85 kg,69.85,Unrivaled Athletics,full/03263eaa327856079ad6f7f0237c62eddb06b86b.jpg,200,300,15.0
5269,Brian Geraghty,https://www.sherdog.com/fighter/Brian-Geraghty-5269,2026-08-19T01:12:46.197928+00:00,"Nov 4, 1980",1980-11-04,United States,"5'7"" / 170.18 cm",170.18,155 lbs / 70.31 kg,70.31,Freestyle Academy,full/d49695ccc8b60604846d920facdcc105273987f9.jpg,200,300,11.1
228,Jens Pulver,https://www.sherdog.com/fighter/Jens-Pulver-228,2026-08-19T01:12:46.201453+00:00,"Dec 6, 1974",1974-12-06,United States,"5'7"" / 170.18 cm",170.18,135 lbs / 61.23 kg,61.23,Team Extreme,full/fd24b1f726ac01ee368bc5896c4c787908478399.jpg,200,300,20.7
2347,Jason Reinhardt,https://www.sherdog.com/fighter/Jason-Reinhardt-2347,2026-08-19T01:12:46.205967+00:00,"Oct 31, 1969",1969-10-31,United States,"5'6"" / 167.64 cm",167.64,135 lbs / 61.23 kg,61.23,Wand Fight Team,full/5d5e19be2ceec99e8c230ae6628856bdbd17355a.jpg,200,300,15.6
7918,Kyle Bradley,https://www.sherdog.com/fighter/Kyle-Bradley-7918,2026-08-19T01:12:46.209302+00:00,"Aug 19, 1982",1982-08-19,United States,"5'10"" / 177.8 cm",177.8,170 lbs / 77.11 kg,77.11,Team Voodoo,full/ede94c57a971fbaae932b42bc6882b69cd4a5222.jpg,200,300,18.2
5542,Gabe Ruediger,https://www.sherdog.com/fighter/Gabe-Ruediger-5542,2026-08-19T01:12:46.212621+00:00,"Aug 29, 1977",1977-08-29,United States,"5'10"" / 177.8 cm",177.8,155 lbs / 70.31 kg,70.31,PKG,full/a5f487ce408dba4f23d69a46d0701bb896f576e5.jpg,200,300,19.5
47065,Marcin Held,https://www.sherdog.com/fighter/Marcin-Held-47065,2026-08-19T01:12:46.215699+00:00,"Jan 18, 1992",1992-01-18,Poland,"5'9"" / 175.26 cm",175.26,155 lbs / 70.31 kg,70.31,Ankos MMA,full/238e1feaf8938305db1f1f1c2eb44eb71fc99143.jpg,200,300,17.4
22853,Richie Whitson,https://www.sherdog.com/fighter/Richie-Whitson-22853,2026-08-19T01:12:46.219421+00:00,"Feb 11, 1986",1986-02-11,United States,"5'9"" / 175.26 cm",175.26,155 lbs / 70.31 kg,70.31,American Kickboxing Academy,full/cf0dda8406bede327e4b218942bebeb106189980.jpg,200,300,10.9
8321,Jason Dent,https://www.sherdog.com/fighter/Jason-Dent-8321,2026-08-19T01:12:46.222063+00:00,"Jun 12, 1980",1980-06-12,United States,"5'10"" / 177.8 cm",177.8,158 lbs / 71.67 kg,71.67,GriffonRawl Thaiboxing & MMA Academy,full/1dca85a2f370d8bb14de26101616410622b93752.jpg,200,300,10.9
17034,Andre Winner,https://www.sherdog.com/fighter/Andre-Winner-17034,2026-08-19T01:12:46.226198+00:00,"Nov 9, 1981",1981-11-09,England,"5'11"" / 180.34 cm",180.34,155 lbs / 70.31 kg,70.31,Team Rough House,full/56799487297347b944b6121e7f5642dfa734b6a9.jpg,200,300,15.0
10380,Junior Assuncao,https://www.sherdog.com/fighter/Junior-Assuncao-10380,2026-08-19T01:12:46.232464+00:00,"Jun 24, 1981",1981-06-24,Brazil,"5'9"" / 175.26 cm",175.26,155 lbs / 70.31 kg,70.31,Ascension MMA,full/909194d7a5277f0e686e92852a4e18184a28fff1.jpg,200,300,11.8
11702,George Sotiropoulos,https://www.sherdog.com/fighter/George-Sotiropoulos-11702,2026-08-19T01:12:46.236135+00:00,"Jul 9, 1977",1977-07-09,Australia,"5'10"" / 177.8 cm",177.8,155 lbs / 70.31 kg,70.31,American Top Team,full/947f7876b46ec2c218a790de9c136f48dea8e18f.jpg,200,300,19.4
68205,Paul Felder,https://www.sherdog.com/fighter/Paul-Felder-68205,2026-08-19T01:12:46.241372+00:00,"Apr 25, 1985",1985-04-25,United States,"5'10"" / 177.8 cm",177.8,155 lbs / 70.31 kg,70.31,Roufusport,full/5d3b854e19b64f0dcc8f132df0c3116cdf03ec19.jpg,200,300,11.5
69681,Chad Laprise,https://www.sherdog.com/fighter/Chad-Laprise-69681,2026-08-19T01:12:46.247361+00:00,"Jul 23, 1986",1986-07-23,Canada,"5'10"" / 177.8 cm",177.8,159 lbs / 72.12 kg,72.12,Adrenaline Training Center,full/46c09065b673191f783558c59419113f3ce951db.jpg,200,300,10.3
76241,Will Brooks,https://www.sherdog.com/fighter/Will-Brooks-76241,2026-08-19T01:12:46.251494+00:00,"Oct 8, 1986",1986-10-08,United States,"5'11"" / 180.34 cm",180.34,155 lbs / 70.31 kg,70.31,American Top Team,full/a610559c6771fd653084dffc607409aaa2cdfb9b.jpg,200,300,19.4
89993,Desmond Green,https://www.sherdog.com/fighter/Desmond-Green-89993,2026-08-19T01:12:46.260290+00:00,"Oct 11, 1989",1989-10-11,United States,"5'10"" / 177.8 cm",177.8,155 lbs / 70.31 kg,70.31,Kill Cliff FC,full/4b09cdfe1c8750f6bff958c2d8c6d90ff4cefb75.jpg,200,300,19.2
21962,Anistavio Medeiros de Figueiredo,https://www.sherdog.com/fighter/Anistavio-Medeiros-de-Figueiredo-21962,2026-08-19T01:12:46.264090+00:00,"May 1, 1988",1988-05-01,Brazil,"5'7"" / 170.18 cm",170.18,145 lbs / 65.77 kg,65.77,Independent,full/9b6d4cf035e26a6756aa8320210bdc21a541a5e6.jpg,200,300,12.1
5346,Antonio Carvalho,https://www.sherdog.com/fighter/Antonio-Carvalho-5346,2026-08-19T01:12:46.266789+00:00,"May 30, 1979",1979-05-30,Canada,"5'8"" / 172.72 cm",172.72,145 lbs / 65.77 kg,65.77,Bruckmann Martial Arts,full/bd8eb8b0082d5c1abdde47b8aa6d69a33ec17154.jpg,200,300,15.1
12078,Mizuto Hirota,https://www.sherdog.com/fighter/Mizuto-Hirota-12078,2026-08-19T01:12:46.269776+00:00,"May 5, 1981",1981-05-05,Japan,"5'7"" / 170.18 cm",170.18,155 lbs / 70.31 kg,70.31,Cave,full/e8bb6828ae1c5a3fb079d118884b966086ad0caf.jpg,200,300,12.6
5432,Ivan Jorge,https://www.sherdog.com/fighter/Ivan-Jorge-5432,2026-08-19T01:12:46.273797+00:00,"Nov 7, 1980",1980-11-07,Brazil,"5'10"" / 177.8 cm",177.8,155 lbs / 70.31 kg,70.31,Team Tavares,full/922c2ba56e9155ec341ffaee50aedd11950b5dc1.jpg,200,300,13.6
41524,Rashid Magomedov,https://www.sherdog.com/fighter/Rashid-Magomedov-41524,2026-08-19T01:12:46.278815+00:00,"May 14, 1984",1984-05-14,Russia,"5'9"" / 175.26 cm",175.26,155 lbs / 70.31 kg,70.31,Gorets Fight Club,full/1cbaa11bd7246c9e6019b0bac463b460e39205a3.jpg,200,300,14.3
35867,John Cholish,https://www.sherdog.com/fighter/John-Cholish-35867,2026-08-19T01:12:46.282729+00:00,"Dec 17, 1983",1983-12-17,United States,"5'11"" / 180.34 cm",180.34,155 lbs / 70.31 kg,70.31,Renzo Gracie Jiu-Jitsu,full/65fbc1fcf70a0dfdc9b671169ad16dacaa5e5437.jpg,200,300,12.6
14865,Anton Kuivanen,https://www.sherdog.com/fighter/Anton-Kuivanen-14865,2026-08-19T01:12:46.285191+00:00,"May 1, 1984",1984-05-01,Finland,"5'9"" / 175.26 cm",175.26,155 lbs / 70.31 kg,70.31,Primus Fight Team,full/347db48576b6d256b6e05bb1aaa79a36536fdbe1.jpg,200,300,15.8
15574,John Maguire,https://www.sherdog.com/fighter/John-Maguire-15574,2026-08-19T01:12:46.288748+00:00,"May 19, 1983",1983-05-19,England,"5'9"" / 175.26 cm",175.26,169 lbs / 76.66 kg,76.66,Tsunami Gym,full/990632b9c90b14e6df2d40335c01b90648363ff9.jpg,200,300,12.5
17052,Joseph Duffy,https://www.sherdog.com/fighter/Joseph-Duffy-17052,2026-08-19T01:12:46.292354+00:00,"Feb 18, 1988",1988-02-18,Ireland,"5'10"" / 177.8 cm",177.8,155 lbs / 70.31 kg,70.31,Tristar Gym,full/d8d6aeede1d9a4271a77f888c63410c56dead953.jpg,200,300,12.2
55954,Alex White,https://www.sherdog.com/fighter/Alex-White-55954,2026-08-19T01:12:46.296116+00:00,"Oct 22, 1988",1988-10-22,United States,"6'0"" / 182.88 cm",182.88,155 lbs / 70.31 kg,70.31,Team Destruction,full/66a571d6780129d1772d3ff3c35b269fac81033b.jpg,200,300,10.8
38777,Robert Browning,https://www.sherdog.com/fighter/Robert-Browning-38777,2026-08-19T01:45:50.496064+00:00,"Aug 14, 1986",1986-08-14,United States,"5'7"" / 170.18 cm",170.18,153 lbs / 69.4 kg,69.4,,full/06750042ca3546753bbb0eb81887e4093da8ed0e.jpg,200,300,11.3
16330,Paul Bird,https://www.sherdog.com/fighter/Paul-Bird-16330,2026-08-19T01:45:50.500710+00:00,"Sep 11, 1983",1983-09-11,United States,"5'9"" / 175.26 cm",175.26,170 lbs / 77.11 kg,77.11,Roundkick Martial Arts & Fitness,full/06750042ca3546753bbb0eb81887e4093da8ed0e.jpg,200,300,11.3
58606,Leonardo dos Santos,https://www.sherdog.com/fighter/Leonardo-dos-Santos-58606,2026-08-19T01:45:50.512014+00:00,,,Brazil,,,170 lbs / 77.11 kg,77.11,Jorge Turco Team,full/06750042ca3546753bbb0eb81887e4093da8ed0e.jpg,200,300,11.3
75133,Cody Mumma,https://www.sherdog.com/fighter/Cody-Mumma-75133,2026-08-19T01:45:50.516498+00:00,"Jan 13, 1984",1984-01-13,United States,"6'0"" / 182.88 cm",182.88,205 lbs / 92.99 kg,92.99,Grudge Training Center,full/06750042ca3546753bbb0eb81887e4093da8ed0e.jpg,200,300,11.3
59838,Steven Ray,https://www.sherdog.com/fighter/Steven-Ray-59838,2026-08-19T01:12:46.255000+00:00,"Mar 25, 1990",1990-03-25,Scotland,"5'10"" / 177.8 cm",177.8,170 lbs / 77.11 kg,77.11,Higher Level MMA,full/15f57c374e8a8025c295ee6d37a3256c48c4fbd0.jpg,200,300,13.4
78465,Clay Collard,https://www.sherdog.com/fighter/Clay-Collard-78465,2026-08-19T01:45:50.362228+00:00,"Mar 10, 1993",1993-03-10,United States,"5'11"" / 180.34 cm",180.34,155 lbs / 70.31 kg,70.31,Four7 Training Center,full/f190a08dd9f4e6eb3aefe2c79ac1558b5851b7f1.jpg,200,300,12.7
52514,Dan Moret,https://www.sherdog.com/fighter/Dan-Moret-52514,2026-08-19T01:45:50.470337+00:00,"Nov 21, 1986",1986-11-21,United States,"6'0"" / 182.88 cm",182.88,155 lbs / 70.31 kg,70.31,The Academy MN,full/90bac62c4b225180a73e012cd8ae55b13caa1f9f.jpg,200,300,19.5
76953,Nobumitsu Osawa,https://www.sherdog.com/fighter/Nobumitsu-Osawa-76953,2026-08-19T01:45:50.473768+00:00,"Jul 3, 1986",1986-07-03,Japan,"5'7"" / 170.18 cm",170.18,155 lbs / 70.31 kg,70.31,Noda Bodybuilding Club,full/9e4b64efada63dcdab838044aeb4647948de54ff.jpg,200,300,12.0
12315,Daiki Hata,https://www.sherdog.com/fighter/Daiki-Hata-12315,2026-08-19T01:45:50.476455+00:00,"Aug 24, 1982",1982-08-24,Japan,"5'8"" / 172.72 cm",172.72,135 lbs / 61.23 kg,61.23,Pancraseism Yokohama,full/536978e7c69dfd820c6dfd37e2a4b99dd1c807c5.jpg,200,300,16.7
101093,Brian Camozzi,https://www.sherdog.com/fighter/Brian-Camozzi-101093,2026-08-19T01:45:50.480086+00:00,"Jun 24, 1991",1991-06-24,United States,"6'2"" / 187.96 cm",187.96,170 lbs / 77.11 kg,77.11,Factory X,full/facf52031e94e4644467f190555282f988921319.jpg,200,300,20.4
59466,Galore Bofando,https://www.sherdog.com/fighter/Galore-Bofando-59466,2026-08-19T01:45:50.482698+00:00,,,England,"5'11"" / 180.34 cm",180.34,170 lbs / 77.11 kg,77.11,London Shootfighters,full/25fd6a03e75f5334f094afb8b0328d00861bd6b1.jpg,200,300,13.4
74266,Alessandro Ricci,https://www.sherdog.com/fighter/Alessandro-Ricci-74266,2026-08-19T01:45:50.484976+00:00,"Jul 21, 1982",1982-07-21,Canada,"5'11"" / 180.34 cm",180.34,155 lbs / 70.31 kg,70.31,M-1 Thai Boxing,full/9d840383db2702922dc91674083bbcc135cf1da8.jpg,200,300,14.1
1135,Santino Defranco,https://www.sherdog.com/fighter/Santino-Defranco-1135,2026-08-19T01:45:50.493411+00:00,"May 20, 1982",1982-05-20,United States,"5'9"" / 175.26 cm",175.26,155 lbs / 70.31 kg,70.31,Southwest MMA,full/168dd0bec5469e1f0a5e90f302e8fdd7c990de7b.jpg,200,300,11.8
16606,Jeff Lawson,https://www.sherdog.com/fighter/Jeff-Lawson-16606,2026-08-19T01:45:50.498057+00:00,"Aug 19, 1978",1978-08-19,England,"5'11"" / 180.34 cm",180.34,145 lbs / 65.77 kg,65.77,Bulldog Team,full/6e028f8189a41774ab9eedca1d37aae5086f47bb.jpg,200,300,10.7
229,Alfonso Alcarez,https://www.sherdog.com/fighter/Alfonso-Alcarez-229,2026-08-19T01:45:50.503214+00:00,"Jun 10, 1970",1970-06-10,United States,"5'3"" / 160.02 cm",160.02,135 lbs / 61.23 kg,61.23,Nickwan Kick Gym,full/878d7ca04c2becf1ec2649513deca53d1fcad592.jpg,200,300,9.7
243,David Velasquez,https://www.sherdog.com/fighter/David-Velasquez-243,2026-08-19T01:45:50.505081+00:00,"Oct 19, 1966",1966-10-19,United States,"5'5"" / 165.1 cm",165.1,145 lbs / 65.77 kg,65.77,American Kickboxing Academy,full/284f5eefcfabfd4e096e2ee75759e583e8977092.jpg,200,300,15.1
256,Joao Roque,https://www.sherdog.com/fighter/Joao-Roque-256,2026-08-19T01:45:50.507512+00:00,"Jul 22, 1971",1971-07-22,Angola,"5'6"" / 167.64 cm",167.64,145 lbs / 65.77 kg,65.77,Nova Uniao,full/95c32929daad0ded7b642152e9540b2ed29e09ba.jpg,200,300,12.9
230,John Lewis,https://www.sherdog.com/fighter/John-Lewis-230,2026-08-19T01:45:50.509673+00:00,"Jul 16, 1969",1969-07-16,United States,"6'0"" / 182.88 cm",182.88,160 lbs / 72.57 kg,72.57,Lewis,full/47a8987554bf0ec0e86a40aecfea9f7abd82a559.jpg,200,300,12.6
70710,Tyler King,https://www.sherdog.com/fighter/Tyler-King-70710,2026-08-19T01:45:50.513830+00:00,"Sep 5, 1980",1980-09-05,United States,"6'5"" / 195.58 cm",195.58,246 lbs / 111.58 kg,111.58,Connors MMA,full/7d57129abf44ae950c6e461bc532c361aa1fd16b.jpg,200,300,17.0
338469,Wesley Schultz,https://www.sherdog.com/fighter/Wesley-Schultz-338469,2026-08-19T01:45:50.518804+00:00,"Aug 9, 1996",1996-08-09,United States,"6'2"" / 187.96 cm",187.96,185 lbs / 83.91 kg,83.91,Pura Vida BJJ,full/985919814a565c1b1a8554f6496afc469eba7b5b.jpg,200,300,11.1
54833,Mike Rio,https://www.sherdog.com/fighter/Mike-Rio-54833,2026-08-19T01:45:50.521422+00:00,"Jul 6, 1981",1981-07-06,United States,"5'10"" / 177.8 cm",177.8,155 lbs / 70.31 kg,70.31,Zen Jiu-Jitsu,full/710f45de6c6abdcf5e1044c927f3247a5876334c.jpg,200,300,12.7
22641,Akira Corassani,https://www.sherdog.com/fighter/Akira-Corassani-22641,2026-08-19T01:45:50.524518+00:00,"Aug 27, 1982",1982-08-27,Sweden,"5'8"" / 172.72 cm",172.72,145 lbs / 65.77 kg,65.77,Renzo Gracie Jiu-Jitsu,full/a95717cee64cb34e43e2d28f8a3e8ae292c892d5.jpg,200,300,17.9
20416,Josh Grispi,https://www.sherdog.com/fighter/Josh-Grispi-20416,2026-08-19T01:45:50.528231+00:00,"Oct 14, 1988",1988-10-14,United States,"5'11"" / 180.34 cm",180.34,146 lbs / 66.22 kg,66.22,South Shore Sportfighting,full/288435eb06a5f45c85df1464c17f67efa400f8da.jpg,200,300,16.5
36618,Maximo Blanco,https://www.sherdog.com/fighter/Maximo-Blanco-36618,2026-08-19T01:45:50.531049+00:00,"Oct 16, 1983",1983-10-16,Venezuela,"5'8"" / 172.72 cm",172.72,145 lbs / 65.77 kg,65.77,Yoshida Dojo,full/a743f64f06f8b0a1958c2aba453b3698e67db2e9.jpg,200,300,14.6
103485,Aalon Cruz,https://www.sherdog.com/fighter/Aalon-Cruz-103485,2026-08-19T01:45:50.534651+00:00,"Sep 20, 1989",1989-09-20,United States,"6'0"" / 182.88 cm",182.88,155 lbs / 70.31 kg,70.31,Team Darkside MMA,full/c40c337fd151aee0412826d529fcc8277ba4d13a.jpg,200,300,10.4
189483,Paulo Boer,https://www.sherdog.com/fighter/Paulo-Boer-189483,2026-08-19T01:45:50.540016+00:00,"Nov 26, 1985",1985-11-26,Netherlands,"5'9"" / 175.26 cm",175.26,170 lbs / 77.11 kg,77.11,Fight Team 050,full/6356abf858d57f2044cfe0a4192d9c28c4a13df4.jpg,200,300,10.2
85623,Marcin Wrzosek,https://www.sherdog.com/fighter/Marcin-Wrzosek-85623,2026-08-19T01:45:50.542447+00:00,"Oct 14, 1987",1987-10-14,Poland,"5'9"" / 175.26 cm",175.26,145 lbs / 65.77 kg,65.77,FitFabric Shark Top Team,full/37dc4464bf1703f41f8a25d50ecf9471fdca1343.jpg,200,300,10.3
1301,Din Thomas,https://www.sherdog.com/fighter/Din-Thomas-1301,2026-08-19T01:45:50.545644+00:00,"Sep 28, 1976",1976-09-28,United States,"5'9"" / 175.26 cm",175.26,143 lbs / 64.86 kg,64.86,American Top Team,full/44e3ceaa43546816f4323abef79e2141f8b5b78c.jpg,200,300,19.2
9534,Diego Saraiva,https://www.sherdog.com/fighter/Diego-Saraiva-9534,2026-08-19T01:45:50.550670+00:00,"Apr 23, 1982",1982-04-23,United States,"5'6"" / 167.64 cm",167.64,149 lbs / 67.59 kg,67.59,Team Octopus,full/1e764037363740c5c7d94670d0fff9496d56e3d6.jpg,200,300,13.9
13133,Cole  Miller,https://www.sherdog.com/fighter/Cole-Miller-13133,2026-08-19T01:45:50.554122+00:00,"Apr 26, 1984",1984-04-26,United States,"6'1"" / 185.42 cm",185.42,145 lbs / 65.77 kg,65.77,American Top Team,full/58690e7947689649a4ddccf064089521246e84a0.jpg,200,300,13.6
18062,Justin Buchholz,https://www.sherdog.com/fighter/Justin-Buchholz-18062,2026-08-19T01:45:50.559981+00:00,"Aug 22, 1983",1983-08-22,United States,"5'10"" / 177.8 cm",177.8,170 lbs / 77.11 kg,77.11,Independent,full/86248edb08cbfe22e08ed5e16652b0846b71bd56.jpg,200,300,17.5
7431,Melvin Guillard,https://www.sherdog.com/fighter/Melvin-Guillard-7431,2026-08-19T01:45:50.563202+00:00,"Mar 30, 1983",1983-03-30,United States,"5'9"" / 175.26 cm",175.26,171 lbs / 77.56 kg,77.56,Genesis Training Center,full/df6fec131ea17d1939b9815707829e93647487bc.jpg,200,300,16.2
8592,Marcus Davis,https://www.sherdog.com/fighter/Marcus-Davis-8592,2026-08-19T01:45:50.569992+00:00,"Aug 24, 1973",1973-08-24,United States,"5'8"" / 172.72 cm",172.72,170 lbs / 77.11 kg,77.11,Team Irish,full/2be6c621a2374dab804ba56fe2d8c22af624cade.jpg,200,300,21.5
41666,Daniel Downes,https://www.sherdog.com/fighter/Daniel-Downes-41666,2026-08-19T01:45:50.574966+00:00,"Apr 8, 1986",1986-04-08,United States,"6'0"" / 182.88 cm",182.88,155 lbs / 70.31 kg,70.31,Roufusport,full/48330bdf9e0ba68a6a17efa4e0cec31eba12518e.jpg,200,300,14.3
24952,Estevan Payan,https://www.sherdog.com/fighter/Estevan-Payan-24952,2026-08-19T01:45:50.577297+00:00,"Apr 3, 1982",1982-04-03,United States,"5'10"" / 177.8 cm",177.8,148 lbs / 67.13 kg,67.13,Arizona Combat Sports,full/16cfa5ed5242fdd792a1629e8b1516dbea0d5b07.jpg,200,300,18.5
38190,Rony Mariano Bezerra,https://www.sherdog.com/fighter/Rony-Mariano-Bezerra-38190,2026-08-19T01:45:50.580461+00:00,"Mar 21, 1984",1984-03-21,Brazil,"5'7"" / 170.18 cm",170.18,145 lbs / 65.77 kg,65.77,Pitbull Brothers,full/08747eba2a03abf466668d93e94e3a277302ff48.jpg,200,300,13.0
56689,Doo Ho Choi,https://www.sherdog.com/fighter/Doo-Ho-Choi-56689,2026-08-19T01:45:50.584468+00:00,"Apr 10, 1991",1991-04-10,South Korea,"5'9"" / 175.26 cm",175.26,145 lbs / 65.77 kg,65.77,Busan Team MAD,full/20f74a4c27d4a020cd0341d18b24766a73f81e37.jpg,200,300,9.7
13005,Michihiro Omigawa,https://www.sherdog.com/fighter/Michihiro-Omigawa-13005,2026-08-19T01:45:50.588232+00:00,"Dec 19, 1975",1975-12-19,Japan,"5'6"" / 167.64 cm",167.64,145 lbs / 65.77 kg,65.77,Neo Judo Academy,full/3c36c093eb15bd27f63b97a9544503fd2c5189f5.jpg,200,300,17.1
22173,Cody McKenzie,https://www.sherdog.com/fighter/Cody-McKenzie-22173,2026-08-19T01:45:50.591951+00:00,"Dec 16, 1987",1987-12-16,United States,"6'0"" / 182.88 cm",182.88,170 lbs / 77.11 kg,77.11,Warrior Camp,full/e74562e0588fd0d0542f622724a82810a0ee144d.jpg,200,300,19.3
15937,Yaotzin Meza,https://www.sherdog.com/fighter/Yaotzin-Meza-15937,2026-08-19T01:45:50.596169+00:00,"Feb 4, 1981",1981-02-04,United States,"5'9"" / 175.26 cm",175.26,145 lbs / 65.77 kg,65.77,MMA Lab,full/19b6888d597b54a85c6d71f2fcebcb6b34b9d40b.jpg,200,300,14.8
32051,Ricardo Lamas,https://www.sherdog.com/fighter/Ricardo-Lamas-32051,2026-08-19T01:45:50.599888+00:00,"May 21, 1982",1982-05-21,United States,"5'8"" / 172.72 cm",172.72,145 lbs / 65.77 kg,65.77,MMA Masters,full/5b68e509a93972703fd79dbec2650585491a2b35.jpg,200,300,21.0
29688,Conor McGregor,https://www.sherdog.com/fighter/Conor-McGregor-29688,2026-08-19T01:45:50.604695+00:00,"Jul 14, 1988",1988-07-14,Ireland,"5'8"" / 172.72 cm",172.72,170 lbs / 77.11 kg,77.11,SBG Ireland,full/6cc968284791cb135dd64dd67e86dc9bdcf8fec0.jpg,200,300,14.4
18944,Brian Bowles,https://www.sherdog.com/fighter/Brian-Bowles-18944,2026-08-19T01:45:50.609408+00:00,"Jun 22, 1980",1980-06-22,United States,"5'7"" / 170.18 cm",170.18,135 lbs / 61.23 kg,61.23,Hardcore Gym,full/da76a69b52ad943203bf27dff432592f2650f298.jpg,200,300,16.6
993,Ivan Menjivar,https://www.sherdog.com/fighter/Ivan-Menjivar-993,2026-08-19T01:45:50.612079+00:00,"May 30, 1982",1982-05-30,El Salvador,"5'6"" / 167.64 cm",167.64,135 lbs / 61.23 kg,61.23,Tristar Gym,full/6727dcf8087103c3644318a99793c5277b92e0b2.jpg,200,300,17.8
16852,Scott Jorgensen,https://www.sherdog.com/fighter/Scott-Jorgensen-16852,2026-08-19T01:45:50.616143+00:00,"Sep 17, 1982",1982-09-17,United States,"5'5"" / 165.1 cm",165.1,135 lbs / 61.23 kg,61.23,Twisted Genetiks,full/0fa45d47941389a635cd3ddd9ba6554113da4519.jpg,200,300,20.9
16129,Iuri Alcantara,https://www.sherdog.com/fighter/Iuri-Alcantara-16129,2026-08-19T01:45:50.620239+00:00,"Aug 4, 1980",1980-08-04,Brazil,"5'9"" / 175.26 cm",175.26,135 lbs / 61.23 kg,61.23,Marajo Brothers Team,full/a58ca81b8ad86ae07c26dbb6b4780663110fe09c.jpg,200,300,12.5
30297,Michael McDonald,https://www.sherdog.com/fighter/Michael-McDonald-30297,2026-08-19T01:45:50.625874+00:00,"Jan 15, 1991",1991-01-15,United States,"5'8"" / 172.72 cm",172.72,136 lbs / 61.69 kg,61.69,Last Stand Fight Team,full/488b0b59eb52fc272f82f3ff0e6a6f6888fa1b8c.jpg,200,300,18.7
23156,Renan Barao,https://www.sherdog.com/fighter/Renan-Barao-23156,2026-08-19T01:45:50.629433+00:00,"Jan 31, 1987",1987-01-31,Brazil,"5'7"" / 170.18 cm",170.18,135 lbs / 61.23 kg,61.23,Pitbull Brothers,full/187adb7dd7f10bcb7412f3cd8170507ec8087394.jpg,200,300,21.0
11908,Francisco Rivera,https://www.sherdog.com/fighter/Francisco-Rivera-11908,2026-08-19T01:45:50.634670+00:00,"Oct 8, 1981",1981-10-08,United States,"5'8"" / 172.72 cm",172.72,135 lbs / 61.23 kg,61.23,All In MMA,full/df9cacefc9ed7318944404a7a385b0ba99b47739.jpg,200,300,18.2
45228,Brian Pearman,https://www.sherdog.com/fighter/Brian-Pearman-45228,2026-08-19T02:02:36.630738+00:00,"Feb 2, 1985",1985-02-02,United States,"5'9"" / 175.26 cm",175.26,135 lbs / 61.23 kg,61.23,,full/06750042ca3546753bbb0eb81887e4093da8ed0e.jpg,200,300,11.3
236341,Austin Lingo,https://www.sherdog.com/fighter/Austin-Lingo-236341,2026-08-19T01:45:50.537167+00:00,"Jul 10, 1994",1994-07-10,United States,"5'10"" / 177.8 cm",177.8,145 lbs / 65.77 kg,65.77,Fortis MMA,full/45c08d6efb2c7c2057dc2124ed3dc7ad982776c8.jpg,200,300,10.9
50367,Alex Soto,https://www.sherdog.com/fighter/Alex-Soto-50367,2026-08-19T02:02:36.584183+00:00,"Feb 15, 1984",1984-02-15,United States,"5'7"" / 170.18 cm",170.18,135 lbs / 61.23 kg,61.23,KHK MMA,full/0b077bf3f1384067b552d8447cab14e5dfd0dd1d.jpg,200,300,16.9
13767,Masanori Kanehara,https://www.sherdog.com/fighter/Masanori-Kanehara-13767,2026-08-19T02:02:36.588796+00:00,"Nov 18, 1982",1982-11-18,Japan,"5'8"" / 172.72 cm",172.72,145 lbs / 65.77 kg,65.77,Reversal Gym Tachikawa Alpha,full/f3989c4ff2da453d06d47eac25a43f4f4b401b59.jpg,200,300,15.2
44211,Pedro Nobre,https://www.sherdog.com/fighter/Pedro-Nobre-44211,2026-08-19T02:02:36.596436+00:00,"Feb 13, 1986",1986-02-13,Brazil,"5'5"" / 165.1 cm",165.1,125 lbs / 56.7 kg,56.7,Brazilian Top Team,full/4f43ff7c115aa99978456c8fb0b9d9191c63e76b.jpg,200,300,10.3
503,Charlie Valencia,https://www.sherdog.com/fighter/Charlie-Valencia-503,2026-08-19T02:02:36.600036+00:00,"Oct 31, 1974",1974-10-31,United States,"5'3"" / 160.02 cm",160.02,135 lbs / 61.23 kg,61.23,Millennia MMA,full/e890597ff3ba82f93df22bfe914a39011333c5c2.jpg,200,300,17.4
9265,Eddie Alvarez,https://www.sherdog.com/fighter/Eddie-Alvarez-9265,2026-08-19T02:02:36.607394+00:00,"Jan 11, 1984",1984-01-11,United States,"5'9"" / 175.26 cm",175.26,170 lbs / 77.11 kg,77.11,Ricardo Almeida Jiu-Jitsu,full/666fce8dec16a1c34826f9c41cd6128c2debb29d.jpg,200,300,15.8
86920,Damian Stasiak,https://www.sherdog.com/fighter/Damian-Stasiak-86920,2026-08-19T02:02:36.611968+00:00,"Feb 20, 1990",1990-02-20,Poland,"5'5"" / 165.1 cm",165.1,145 lbs / 65.77 kg,65.77,Octopus Lodz,full/aff91fc7462c0f63ba8b71742b5a24f14663107f.jpg,200,300,13.2
19803,Amir Khillah,https://www.sherdog.com/fighter/Amir-Khillah-19803,2026-08-19T02:02:36.615588+00:00,"Aug 15, 1979",1979-08-15,United States,"5'9"" / 175.26 cm",175.26,155 lbs / 70.31 kg,70.31,Elite Performance,full/b4079b501f6efb27c140f9950c1709a6c3d73fae.jpg,200,300,11.8
4832,Rick Davis,https://www.sherdog.com/fighter/Rick-Davis-4832,2026-08-19T02:02:36.618174+00:00,,,United States,"5'9"" / 175.26 cm",175.26,155 lbs / 70.31 kg,70.31,Las Vegas Combat Club,full/d9b150d65064f1357a423937dc3d52a4eff2e5b2.jpg,200,300,9.7
23864,Corey Hill,https://www.sherdog.com/fighter/Corey-Hill-23864,2026-08-19T02:02:36.620610+00:00,"Oct 3, 1978",1978-10-03,United States,"6'4"" / 193.04 cm",193.04,168 lbs / 76.2 kg,76.2,KO Evolution,full/6e94229e5b85428aa83d6d0c277fcf723a442a69.jpg,200,300,12.0
1331,Andy Wang,https://www.sherdog.com/fighter/Andy-Wang-1331,2026-08-19T02:02:36.625144+00:00,"May 28, 1977",1977-05-28,United States,"5'6"" / 167.64 cm",167.64,155 lbs / 70.31 kg,70.31,Grappling Unlimited,full/e9d876ea7aeb51e6c7228b92fb7c100b0f3ae412.jpg,200,300,15.7
78386,Djamil Chan,https://www.sherdog.com/fighter/Djamil-Chan-78386,2026-08-19T02:02:36.627879+00:00,"Jun 14, 1990",1990-06-14,Netherlands,"6'2"" / 187.96 cm",187.96,155 lbs / 70.31 kg,70.31,Ruthless Fight Company,full/004cd07f6347932f7936e2598d13038d3f0d07b4.jpg,200,300,16.9
25354,Ali Maclean,https://www.sherdog.com/fighter/Ali-Maclean-25354,2026-08-19T02:02:36.632942+00:00,"Feb 5, 1990",1990-02-05,Northern Ireland,"5'9"" / 175.26 cm",175.26,154 lbs / 69.85 kg,69.85,Team Kaobon,full/d15b31980840fa21dd97b5c3314d99f83718e092.jpg,200,300,9.6
226767,Ben Johnston,https://www.sherdog.com/fighter/Ben-Johnston-226767,2026-08-19T02:02:36.635661+00:00,"Oct 11, 1990",1990-10-11,Australia,"6'4"" / 193.04 cm",193.04,185 lbs / 83.91 kg,83.91,The Fight Centre,full/f16e200eeba3fff5afe908fe03860a1c306a1518.jpg,200,300,12.2
231,Lowell Anderson,https://www.sherdog.com/fighter/Lowell-Anderson-231,2026-08-19T02:02:36.637671+00:00,,,United States,"5'6"" / 167.64 cm",167.64,158 lbs / 71.67 kg,71.67,Gracie Jiu-Jitsu,full/984ec813cb524e4aafd61e27474fe100d26b0921.jpg,200,300,12.3
18744,Waylon Lowe,https://www.sherdog.com/fighter/Waylon-Lowe-18744,2026-08-19T02:02:36.639345+00:00,"Oct 31, 1980",1980-10-31,United States,"5'7"" / 170.18 cm",170.18,155 lbs / 70.31 kg,70.31,,full/d75c706b9f3df361fd84353ac8f9a7595abb70bc.jpg,200,300,17.2
104645,Jeremy Kennedy,https://www.sherdog.com/fighter/Jeremy-Kennedy-104645,2026-08-19T02:02:36.642556+00:00,"Sep 16, 1992",1992-09-16,Canada,"5'11"" / 180.34 cm",180.34,145 lbs / 65.77 kg,65.77,Xtreme Couture,full/f15e534ed74c734a003801759ff53d81979c7ce9.jpg,200,300,10.7
163615,Charlie Ward,https://www.sherdog.com/fighter/Charlie-Ward-163615,2026-08-19T02:02:36.646722+00:00,"Dec 17, 1980",1980-12-17,Ireland,"5'11"" / 180.34 cm",180.34,185 lbs / 83.91 kg,83.91,SBG Ireland,full/d063dd8dd6635bae230fc78bfc3c8dc627cf92bf.jpg,200,300,13.7
41776,Tatsunao Nagakura,https://www.sherdog.com/fighter/Tatsunao-Nagakura-41776,2026-08-19T02:02:36.649373+00:00,"Jun 22, 1984",1984-06-22,Japan,"5'7"" / 170.18 cm",170.18,154 lbs / 69.85 kg,69.85,Yoshida Dojo,full/5c71021f4466819d5b481c3d1d11de9554c0dbca.jpg,200,300,10.5
78479,Tiago dos Santos e Silva,https://www.sherdog.com/fighter/Tiago-dos-Santos-e-Silva-78479,2026-08-19T02:02:36.652083+00:00,"Apr 12, 1987",1987-04-12,Brazil,"5'10"" / 177.8 cm",177.8,155 lbs / 70.31 kg,70.31,Team Nogueira,full/27cbe38630ac011add81bf497d38c16d1ecc9ece.jpg,200,300,17.9
55410,Frankie Saenz,https://www.sherdog.com/fighter/Frankie-Saenz-55410,2026-08-19T02:02:36.657929+00:00,"Aug 12, 1980",1980-08-12,United States,"5'6"" / 167.64 cm",167.64,135 lbs / 61.23 kg,61.23,Fight Ready,full/ea801dbddbf96429b2b40e92717ed1c06756dd69.jpg,200,300,13.7
40954,Jimmie Rivera,https://www.sherdog.com/fighter/Jimmie-Rivera-40954,2026-08-19T02:02:36.662246+00:00,"Jun 29, 1989",1989-06-29,United States,"5'4"" / 162.56 cm",162.56,135 lbs / 61.23 kg,61.23,Team Tiger Schulmann,full/b18d84018c4a06ec85a24b47be99e2eb04a2e86c.jpg,200,300,13.3
11743,Brad Pickett,https://www.sherdog.com/fighter/Brad-Pickett-11743,2026-08-19T02:02:36.666651+00:00,"Sep 24, 1978",1978-09-24,England,"5'6"" / 167.64 cm",167.64,125 lbs / 56.7 kg,56.7,American Top Team,full/c96fbf354ce7866a7fb7f2286d773bc1aa53d961.jpg,200,300,15.7
5545,Gilbert Melendez,https://www.sherdog.com/fighter/Gilbert-Melendez-5545,2026-08-19T02:02:36.671517+00:00,"Apr 12, 1982",1982-04-12,United States,"5'9"" / 175.26 cm",175.26,155 lbs / 70.31 kg,70.31,Skrap Pack,full/8f3e1f6d80273ba20164ca418109d41f246da9a3.jpg,200,300,17.9
26627,Anthony Pettis,https://www.sherdog.com/fighter/Anthony-Pettis-26627,2026-08-19T02:02:36.675257+00:00,"Jan 27, 1987",1987-01-27,United States,"5'10"" / 177.8 cm",177.8,155 lbs / 70.31 kg,70.31,Roufusport,full/2c2505a3f24dc1d65946bd783eeb4603ff1fb444.jpg,200,300,14.7
45417,Rustam Khabilov,https://www.sherdog.com/fighter/Rustam-Khabilov-45417,2026-08-19T02:02:36.680864+00:00,"Nov 4, 1986",1986-11-04,Russia,"5'8"" / 172.72 cm",172.72,170 lbs / 77.11 kg,77.11,Jackson-Wink MMA,full/9f7bc365f8e19d67a0426167ea148a1d9b7d6083.jpg,200,300,18.1
10769,Wayne Weems,https://www.sherdog.com/fighter/Wayne-Weems-10769,2026-08-19T02:02:36.685148+00:00,"Jun 23, 1982",1982-06-23,United States,"5'7"" / 170.18 cm",170.18,155 lbs / 70.31 kg,70.31,Reality Fighting Concepts,full/5227a669618c58cec878437b4f3d0ece714aa7db.jpg,200,300,13.3
10515,Brandon Melendez,https://www.sherdog.com/fighter/Brandon-Melendez-10515,2026-08-19T02:02:36.687401+00:00,"Mar 24, 1983",1983-03-24,United States,"5'10"" / 177.8 cm",177.8,170 lbs / 77.11 kg,77.11,Elite Performance,full/9f6f8624cb92731cc2a98341ab21c1fc03971250.jpg,200,300,14.6
5286,Robert Emerson,https://www.sherdog.com/fighter/Robert-Emerson-5286,2026-08-19T02:02:36.691292+00:00,"Jul 30, 1981",1981-07-30,United States,"5'8"" / 172.72 cm",172.72,135 lbs / 61.23 kg,61.23,MMA Lab,full/45448cc69edcb6b5baf3983d8b0f9ceac3134779.jpg,200,300,17.4
7329,Joe Veres,https://www.sherdog.com/fighter/Joe-Veres-7329,2026-08-19T02:02:36.695457+00:00,"Nov 9, 1977",1977-11-09,United States,"5'6"" / 167.64 cm",167.64,155 lbs / 70.31 kg,70.31,MMA Lab,full/9428ba8d0f6a9472bf0dd0c27857b1f36962d090.jpg,200,300,17.2
1046,Rich Clementi,https://www.sherdog.com/fighter/Rich-Clementi-1046,2026-08-19T02:02:36.697651+00:00,"Mar 31, 1976",1976-03-31,United States,"5'9"" / 175.26 cm",175.26,155 lbs / 70.31 kg,70.31,Team Voodoo,full/90644cc46a366d6b1de78915c535a7940761b283.jpg,200,300,17.3
10089,Roger Huerta,https://www.sherdog.com/fighter/Roger-Huerta-10089,2026-08-19T02:02:36.703002+00:00,"May 20, 1983",1983-05-20,United States,"5'9"" / 175.26 cm",175.26,155 lbs / 70.31 kg,70.31,Bali Fit Corner,full/3fa611984b7e961943c911c3507913f35e076e96.jpg,200,300,20.7
8021,Kenny Florian,https://www.sherdog.com/fighter/Kenny-Florian-8021,2026-08-19T02:02:36.707154+00:00,"May 26, 1976",1976-05-26,United States,"5'10"" / 177.8 cm",177.8,145 lbs / 65.77 kg,65.77,Florian Martial Arts Center,full/e49be9c629becce1c348d0c291f585231617fe4c.jpg,200,300,17.2
15906,T.J. Grant,https://www.sherdog.com/fighter/TJ-Grant-15906,2026-08-19T02:02:36.711812+00:00,"Feb 26, 1984",1984-02-26,Canada,"5'10"" / 177.8 cm",177.8,155 lbs / 70.31 kg,70.31,Fit Plus,full/67426a7181de1e2a0c74c3ac9e862a42f911d96e.jpg,200,300,19.8
10846,Alexander Yakovlev,https://www.sherdog.com/fighter/Alexander-Yakovlev-10846,2026-08-19T02:02:36.715800+00:00,"Jul 18, 1984",1984-07-18,Russia,"6'1"" / 185.42 cm",185.42,170 lbs / 77.11 kg,77.11,K Dojo Warrior Tribe,full/7abb4c8968b051356faecd6b2b964bff9dc7c9a4.jpg,200,300,16.0
25491,Fernando Bruno,https://www.sherdog.com/fighter/Fernando-Bruno-25491,2026-08-19T02:02:36.719936+00:00,"Feb 24, 1982",1982-02-24,Brazil,"5'6"" / 167.64 cm",167.64,145 lbs / 65.77 kg,65.77,CTC Nova Uniao,full/95e5ae10e95b1e19a70fe18c700e13a205cc29c9.jpg,200,300,10.8
78898,Teruto Ishihara,https://www.sherdog.com/fighter/Teruto-Ishihara-78898,2026-08-19T02:02:36.723813+00:00,"Jul 23, 1991",1991-07-23,Japan,"5'7"" / 170.18 cm",170.18,145 lbs / 65.77 kg,65.77,Team Alpha Male Japan,full/be281822ac0dd00533b9af46f022c91d95c0cdf8.jpg,200,300,13.0
14539,Matt Grice,https://www.sherdog.com/fighter/Matt-Grice-14539,2026-08-19T02:02:36.730256+00:00,"Jul 29, 1981",1981-07-29,United States,"5'8"" / 172.72 cm",172.72,145 lbs / 65.77 kg,65.77,R-1 MMA,full/9ed20010fba373d17abc96f8dd2cc09044142a31.jpg,200,300,15.2
14028,Paul Kelly,https://www.sherdog.com/fighter/Paul-Kelly-14028,2026-08-19T02:02:36.733753+00:00,"Sep 12, 1984",1984-09-12,England,"5'9"" / 175.26 cm",175.26,169 lbs / 76.66 kg,76.66,Team Kaobon,full/5ab07075b9ee04ca53bab0303c16c0f8861181a9.jpg,200,300,21.1
1542,Rich Crunkilton,https://www.sherdog.com/fighter/Rich-Crunkilton-1542,2026-08-19T02:02:36.737250+00:00,"Nov 25, 1979",1979-11-25,United States,"5'7"" / 170.18 cm",170.18,155 lbs / 70.31 kg,70.31,American Kickboxing Academy,full/7af1a11a0ee14846eb30714504a773241a55048b.jpg,200,300,13.8
2394,Josh Thomson,https://www.sherdog.com/fighter/Josh-Thomson-2394,2026-08-19T02:02:36.739774+00:00,"Sep 21, 1978",1978-09-21,United States,"5'10"" / 177.8 cm",177.8,153 lbs / 69.4 kg,69.4,American Kickboxing Academy,full/4cb50285dfc4cffe33cd6582300fd320177881f4.jpg,200,300,19.0
344,Yves Edwards,https://www.sherdog.com/fighter/Yves-Edwards-344,2026-08-19T02:02:36.743551+00:00,"Sep 30, 1976",1976-09-30,United States,"5'10"" / 177.8 cm",177.8,155 lbs / 70.31 kg,70.31,American Top Team,full/13f5c0c2fe946598db2728b1e85a937f0022e1f3.jpg,200,300,13.7
4582,Joe Jordan,https://www.sherdog.com/fighter/Joe-Jordan-4582,2026-08-19T02:02:36.749983+00:00,"Jul 28, 1978",1978-07-28,United States,"5'6"" / 167.64 cm",167.64,170 lbs / 77.11 kg,77.11,Miletich Fighting Systems,full/9a9a72b4f42f8756aab97a1b561d9039231913ab.jpg,200,300,11.4
7168,Jamie Varner,https://www.sherdog.com/fighter/Jamie-Varner-7168,2026-08-19T02:02:36.753909+00:00,"Dec 10, 1984",1984-12-10,United States,"5'8"" / 172.72 cm",172.72,155 lbs / 70.31 kg,70.31,Arizona Combat Sports,full/a63af3dfb3b459fbdced67418fb5df2c01011ca3.jpg,200,300,13.8
1567,Aaron Riley,https://www.sherdog.com/fighter/Aaron-Riley-1567,2026-08-19T02:02:36.757918+00:00,"Dec 9, 1980",1980-12-09,United States,"5'9"" / 175.26 cm",175.26,155 lbs / 70.31 kg,70.31,Jackson-Wink MMA,full/5818c6f25e978566e1313953dc4701e0c9e53b88.jpg,200,300,18.8
12236,Matt Wiman,https://www.sherdog.com/fighter/Matt-Wiman-12236,2026-08-19T02:02:36.762158+00:00,"Sep 19, 1983",1983-09-19,United States,"5'10"" / 177.8 cm",177.8,155 lbs / 70.31 kg,70.31,Skrap Pack,full/b736887cc9d9ec2e08c07ad2ab2b7b08221c2727.jpg,200,300,18.2
16556,Dan Lauzon,https://www.sherdog.com/fighter/Dan-Lauzon-16556,2026-08-19T02:02:36.769028+00:00,"Mar 30, 1988",1988-03-30,United States,"5'10"" / 177.8 cm",177.8,170 lbs / 77.11 kg,77.11,Lauzon MMA,full/5547f15147c31f1925984e480878bba678c40d10.jpg,200,300,13.1
3265,Eddie Ruiz,https://www.sherdog.com/fighter/Eddie-Ruiz-3265,2026-08-19T02:22:26.640159+00:00,"Jun 10, 1967",1967-06-10,United States,"5'7"" / 170.18 cm",170.18,155 lbs / 70.31 kg,70.31,,full/06750042ca3546753bbb0eb81887e4093da8ed0e.jpg,200,300,11.3
12158,Damacio Page,https://www.sherdog.com/fighter/Damacio-Page-12158,2026-08-19T02:02:36.602880+00:00,"Sep 30, 1982",1982-09-30,United States,"5'6"" / 167.64 cm",167.64,125 lbs / 56.7 kg,56.7,Jackson-Wink MMA,full/0a8dca96ae1367acb526af7e9e6ec6e4e6286f76.jpg,200,300,16.0
14211,Marlon Sims,https://www.sherdog.com/fighter/Marlon-Sims-14211,2026-08-19T02:22:26.629269+00:00,"Jan 18, 1974",1974-01-18,United States,,,155 lbs / 70.31 kg,70.31,Shamrock Submission Fight Team,full/82f45ba74d08f6c76384d99165d642de8ecc8e7e.jpg,200,300,13.5
2490,Joao Marcos Pierini,https://www.sherdog.com/fighter/Joao-Marcos-Pierini-2490,2026-08-19T02:22:26.637925+00:00,"Dec 11, 1971",1971-12-11,Mexico,"6'1"" / 185.42 cm",185.42,170 lbs / 77.11 kg,77.11,Team JM,full/4f83cae665dce5602ef09c480bba091065241387.jpg,200,300,11.5
2295,Nick Agallar,https://www.sherdog.com/fighter/Nick-Agallar-2295,2026-08-19T02:22:26.642242+00:00,"Jan 13, 1979",1979-01-13,United States,"5'8"" / 172.72 cm",172.72,155 lbs / 70.31 kg,70.31,Agallar Combative Systems,full/c911e4f9be96d1b19bd4ab7f3589a49eff287ec8.jpg,200,300,13.0
2327,Gerald Strebendt,https://www.sherdog.com/fighter/Gerald-Strebendt-2327,2026-08-19T02:22:26.645542+00:00,"Mar 1, 1979",1979-03-01,United States,"5'9"" / 175.26 cm",175.26,155 lbs / 70.31 kg,70.31,10th Planet Jiu-Jitsu,full/eff923c633ded8d649d5ffe6f845098bf3d783b7.jpg,200,300,15.1
1042,Jason Black,https://www.sherdog.com/fighter/Jason-Black-1042,2026-08-19T02:22:26.649127+00:00,"Aug 15, 1972",1972-08-15,United States,"5'10"" / 177.8 cm",177.8,169 lbs / 76.66 kg,76.66,Miletich Martial Arts,full/ed14d3d3a8feb89074dccda4c89039a298cddaec.jpg,200,300,16.6
174625,Tatsuya Ando,https://www.sherdog.com/fighter/Tatsuya-Ando-174625,2026-08-19T02:22:26.652265+00:00,"Apr 26, 1990",1990-04-26,Japan,"5'7"" / 170.18 cm",170.18,134 lbs / 60.78 kg,60.78,Freelance,full/92f426df3ae72f1698c3be4a0b7f47a441915805.jpg,200,300,17.8
13085,Akiyo Nishiura,https://www.sherdog.com/fighter/Akiyo-Nishiura-13085,2026-08-19T02:22:26.655165+00:00,"Aug 8, 1983",1983-08-08,Japan,"5'8"" / 172.72 cm",172.72,145 lbs / 65.77 kg,65.77,Shooting Gym Yokohama,full/7c6bb095371c2bff8a9e96c4593847bc32544058.jpg,200,300,12.1
87380,Rolando Dy,https://www.sherdog.com/fighter/Rolando-Dy-87380,2026-08-19T02:22:26.658163+00:00,"Aug 11, 1991",1991-08-11,Philippines,"5'8"" / 172.72 cm",172.72,155 lbs / 70.31 kg,70.31,Biagtan Muaythai MMA,full/a76d2d7c6ec9f0af0e66ec8143bc8e6cc253d47e.jpg,200,300,10.1
119627,Bruno Murata,https://www.sherdog.com/fighter/Bruno-Murata-119627,2026-08-19T02:22:26.662530+00:00,"Jul 7, 1981",1981-07-07,Brazil,"5'10"" / 177.8 cm",177.8,155 lbs / 70.31 kg,70.31,Demian Maia Jiu-Jitsu,full/cf5604a7a3df8746289a042add175f764496be0f.jpg,200,300,9.5
74010,Adilson Fernandes Ribeiro Jr.,https://www.sherdog.com/fighter/Adilson-Fernandes-Ribeiro-Jr-74010,2026-08-19T02:22:26.665058+00:00,"Oct 20, 1989",1989-10-20,Brazil,"6'0"" / 182.88 cm",182.88,170 lbs / 77.11 kg,77.11,CM System,full/07731531fec8fd8185bf232c1b0bc0ebcff0f904.jpg,200,300,9.9
33115,Nazareno Malegarie,https://www.sherdog.com/fighter/Nazareno-Malegarie-33115,2026-08-19T02:22:26.668040+00:00,"May 16, 1986",1986-05-16,Argentina,"5'8"" / 172.72 cm",172.72,145 lbs / 65.77 kg,65.77,Team Tavares,full/f8883358308ad2194b0d2125e9a21983d9cc651a.jpg,200,300,12.3
117927,Glaico Franca,https://www.sherdog.com/fighter/Glaico-Franca-117927,2026-08-19T02:22:26.671640+00:00,"Feb 28, 1991",1991-02-28,Brazil,"6'0"" / 182.88 cm",182.88,170 lbs / 77.11 kg,77.11,American Top Team,full/46d747be07a0e60dc58929354bfcc6dbb574fe7e.jpg,200,300,14.4
67,Kit Cope,https://www.sherdog.com/fighter/Kit-Cope-67,2026-08-19T02:22:26.675384+00:00,"Mar 17, 1977",1977-03-17,United States,"6'0"" / 182.88 cm",182.88,167 lbs / 75.75 kg,75.75,Twisted Genetiks,full/2ad13ecde74311360af63277c010008f45bccf5a.jpg,200,300,14.4
1170,Dokonjonosuke Mishima,https://www.sherdog.com/fighter/Dokonjonosuke-Mishima-1170,2026-08-19T02:22:26.677612+00:00,"Apr 19, 1972",1972-04-19,Japan,"5'7"" / 170.18 cm",170.18,154 lbs / 69.85 kg,69.85,Cobra Kai MMA Dojo,full/422eb295b8694ee7cc49ffe1881667480fa93e50.jpg,200,300,14.1
160663,Augusto Mendes,https://www.sherdog.com/fighter/Augusto-Mendes-160663,2026-08-19T02:22:26.680557+00:00,"Mar 3, 1983",1983-03-03,Brazil,"5'6"" / 167.64 cm",167.64,135 lbs / 61.23 kg,61.23,Soul Fighters BJJ,full/09b8e77b44865954a38324b472da724b564f0974.jpg,200,300,13.0
20939,Enrique Briones,https://www.sherdog.com/fighter/Enrique-Briones-20939,2026-08-19T02:22:26.683522+00:00,"Oct 22, 1980",1980-10-22,Mexico,"5'8"" / 172.72 cm",172.72,135 lbs / 61.23 kg,61.23,Entram Gym,full/27c2dddf0fd9406890970f775c3b1727341c5ff4.jpg,200,300,18.0
6120,Akbarh Arreola,https://www.sherdog.com/fighter/Akbarh-Arreola-6120,2026-08-19T02:22:26.764442+00:00,"Jan 14, 1983",1983-01-14,Mexico,"5'10"" / 177.8 cm",177.8,170 lbs / 77.11 kg,77.11,Entram Gym,full/0ebdab5ed374c196deaf5e6e78702fce4b15876a.jpg,200,300,15.3
29129,Steve Lopez,https://www.sherdog.com/fighter/Steve-Lopez-29129,2026-08-19T02:22:26.768415+00:00,"Jul 30, 1984",1984-07-30,United States,"5'11"" / 180.34 cm",180.34,155 lbs / 70.31 kg,70.31,Syndicate MMA,full/7459b771f396b0d14c3dfe76fd56521e21d0e4a9.jpg,200,300,12.0
12553,Willamy Freire,https://www.sherdog.com/fighter/Willamy-Freire-12553,2026-08-19T02:22:26.771077+00:00,"Jul 28, 1987",1987-07-28,Brazil,"5'8"" / 172.72 cm",172.72,155 lbs / 70.31 kg,70.31,Dragon Fight,full/332f0bc332d8de054f62120078a72ae11e7732eb.jpg,200,300,15.7
11970,Dale Hartt,https://www.sherdog.com/fighter/Dale-Hartt-11970,2026-08-19T02:22:26.773983+00:00,"Apr 4, 1979",1979-04-04,United States,"5'10"" / 177.8 cm",177.8,155 lbs / 70.31 kg,70.31,Team Sityodtong,full/00a245d18cb1cf96421a6bfbd128aa83416cc9e4.jpg,200,300,13.2
85664,Filip Pejic,https://www.sherdog.com/fighter/Filip-Pejic-85664,2026-08-19T02:22:26.776368+00:00,"Jul 21, 1992",1992-07-21,Croatia,"5'10"" / 177.8 cm",177.8,152 lbs / 68.95 kg,68.95,American Top Team Zagreb,full/ee2c9f622996719ce59a5af7f4d85823407a6eda.jpg,200,300,10.2
83520,Pingyuan Liu,https://www.sherdog.com/fighter/Pingyuan-Liu-83520,2026-08-19T02:22:26.779129+00:00,"Feb 13, 1993",1993-02-13,China,"5'6"" / 167.64 cm",167.64,135 lbs / 61.23 kg,61.23,Team Alpha Male,full/bd9f92aaa7dc0ffff1ef5493e4ebe25a41cc435b.jpg,200,300,11.7
28758,Adam Antolin,https://www.sherdog.com/fighter/Adam-Antolin-28758,2026-08-19T02:22:26.782079+00:00,"Feb 28, 1982",1982-02-28,United States,"5'5"" / 165.1 cm",165.1,125 lbs / 56.7 kg,56.7,American Kickboxing Academy,full/ee80fa3560e44e3946590097bd117621c19b9077.jpg,200,300,15.7
11001,Shannon Gugerty,https://www.sherdog.com/fighter/Shannon-Gugerty-11001,2026-08-19T02:22:26.784836+00:00,"Dec 30, 1981",1981-12-30,United States,"5'10"" / 177.8 cm",177.8,145 lbs / 65.77 kg,65.77,Victory MMA,full/dcf8c430e74b890164fa3f06fb1d067a8d1adf46.jpg,200,300,13.5
283,Caol Uno,https://www.sherdog.com/fighter/Caol-Uno-283,2026-08-19T02:22:26.787877+00:00,"May 8, 1975",1975-05-08,Japan,"5'7"" / 170.18 cm",170.18,145 lbs / 65.77 kg,65.77,Uno Dojo,full/282f65b02d54b5c5b03df2ae9b5e541716d66ffd.jpg,200,300,13.5
65,Joe Stevenson,https://www.sherdog.com/fighter/Joe-Stevenson-65,2026-08-19T02:22:26.793176+00:00,"Jun 15, 1982",1982-06-15,United States,"5'7"" / 170.18 cm",170.18,155 lbs / 70.31 kg,70.31,Joe Stevenson's Cobra Kai,full/5feb5f3da212f1b05dae175a194a9c30ac87d0d4.jpg,200,300,18.0
9817,Dennis Siver,https://www.sherdog.com/fighter/Dennis-Siver-9817,2026-08-19T02:22:26.799236+00:00,"Jan 13, 1979",1979-01-13,Germany,"5'7"" / 170.18 cm",170.18,145 lbs / 65.77 kg,65.77,Kiboju,full/4773dfe7973cba79c1ae88105feb70491acee201.jpg,200,300,18.7
34623,Curt Warburton,https://www.sherdog.com/fighter/Curt-Warburton-34623,2026-08-19T02:22:26.804721+00:00,,,England,"6'0"" / 182.88 cm",182.88,155 lbs / 70.31 kg,70.31,NEVT,full/a26a74f29847f49d2b671377dff9d060eedd9ee4.jpg,200,300,10.0
9901,Sam Stout,https://www.sherdog.com/fighter/Sam-Stout-9901,2026-08-19T02:22:26.807511+00:00,"Apr 23, 1984",1984-04-23,Canada,"5'9"" / 175.26 cm",175.26,155 lbs / 70.31 kg,70.31,Team Tompkins,full/43d8788e356b4bed31f35daee9cc66007aca999a.jpg,200,300,18.6
18184,Douglas Evans,https://www.sherdog.com/fighter/Douglas-Evans-18184,2026-08-19T02:22:26.812819+00:00,"Oct 10, 1980",1980-10-10,United States,"5'9"" / 175.26 cm",175.26,144 lbs / 65.32 kg,65.32,AK Wolfpack,full/6a9fd84dca42dc7aac93e416eef3146fe3b7350b.jpg,200,300,12.4
3396,Mac Danzig,https://www.sherdog.com/fighter/Mac-Danzig-3396,2026-08-19T02:22:26.815486+00:00,"Jan 2, 1980",1980-01-02,United States,"5'8"" / 172.72 cm",172.72,155 lbs / 70.31 kg,70.31,Danzig MMA,full/6cd36b611f7e9cacf8fe0b64dfd5baa758d72de3.jpg,200,300,19.5
12212,Alvin Robinson,https://www.sherdog.com/fighter/Alvin-Robinson-12212,2026-08-19T02:22:26.820639+00:00,"Jul 16, 1982",1982-07-16,United States,"5'9"" / 175.26 cm",175.26,145 lbs / 65.77 kg,65.77,Grudge Training Center,full/bf76615c826be4f5d6eb2b00d6c283d7c819e8a2.jpg,200,300,16.6
3863,David Bielkheden,https://www.sherdog.com/fighter/David-Bielkheden-3863,2026-08-19T02:22:26.823636+00:00,"Jun 6, 1979",1979-06-06,Sweden,"5'10"" / 177.8 cm",177.8,170 lbs / 77.11 kg,77.11,Allstars Training Center,full/4acaf3802e2a32e6b6390913b8ed1fbf4e8d5649.jpg,200,300,18.3
17016,Joe Brammer,https://www.sherdog.com/fighter/Joe-Brammer-17016,2026-08-19T02:22:26.827910+00:00,"Aug 30, 1983",1983-08-30,United States,"5'8"" / 172.72 cm",172.72,156 lbs / 70.76 kg,70.76,Victory MMA,full/2b7f1024edd2a9afa73b4bfcd0aa2526f9c07261.jpg,200,300,12.5
11481,Dustin Hazelett,https://www.sherdog.com/fighter/Dustin-Hazelett-11481,2026-08-19T02:22:26.830231+00:00,"Apr 29, 1986",1986-04-29,United States,"6'1"" / 185.42 cm",185.42,155 lbs / 70.31 kg,70.31,Team Jorge Gurgel,full/6b7109078c5b290ea8032baef0257e6f3b9ac866.jpg,200,300,16.4
259,John Alessio,https://www.sherdog.com/fighter/John-Alessio-259,2026-08-19T02:22:26.837371+00:00,"Jul 5, 1979",1979-07-05,Canada,"5'10"" / 177.8 cm",177.8,155 lbs / 70.31 kg,70.31,Xtreme Couture,full/5b4dd0aced388728ba07bb9a803d92b34e81dab1.jpg,200,300,16.0
17915,Mike de la Torre,https://www.sherdog.com/fighter/Mike-de-la-Torre-17915,2026-08-19T02:22:26.841765+00:00,"Sep 22, 1986",1986-09-22,United States,"6'0"" / 182.88 cm",182.88,155 lbs / 70.31 kg,70.31,Inv1ktus MMA,full/700e1ebd34cd870b58dc2d7f7a99b03ad9b69cb9.jpg,200,300,10.5
6945,David Lee,https://www.sherdog.com/fighter/David-Lee-6945,2026-08-19T02:22:26.845152+00:00,,,England,"5'11"" / 180.34 cm",180.34,145 lbs / 65.77 kg,65.77,Team Crossface,full/84e28120d30ae5df81cf6b53d938cf73ffa53f28.jpg,200,300,11.1
4647,Thiago Tavares,https://www.sherdog.com/fighter/Thiago-Tavares-4647,2026-08-19T02:22:26.847837+00:00,"Nov 8, 1984",1984-11-08,Brazil,"5'7"" / 170.18 cm",170.18,145 lbs / 65.77 kg,65.77,Team Tavares,full/8c9b75e1e61fb4083146ce41e2f4066002d902c3.jpg,200,300,19.7
4833,Marcus Aurelio,https://www.sherdog.com/fighter/Marcus-Aurelio-4833,2026-08-19T02:22:26.853073+00:00,"Aug 18, 1973",1973-08-18,Brazil,"5'10"" / 177.8 cm",177.8,170 lbs / 77.11 kg,77.11,Elite Mixed Fighters,full/d26654385480eac255a549aadc471a31f041eec5.jpg,200,300,15.9
425,Takanori Gomi,https://www.sherdog.com/fighter/Takanori-Gomi-425,2026-08-19T02:22:26.856580+00:00,"Sep 22, 1978",1978-09-22,Japan,"5'8"" / 172.72 cm",172.72,155 lbs / 70.31 kg,70.31,Kugayama Rascal,full/d852fcb9a9e0d576ae9caa1c329b3846efe191f7.jpg,200,300,13.9
15058,Nik Lentz,https://www.sherdog.com/fighter/Nik-Lentz-15058,2026-08-19T02:22:26.861554+00:00,"Aug 13, 1984",1984-08-13,United States,"5'8"" / 172.72 cm",172.72,155 lbs / 70.31 kg,70.31,Kill Cliff FC,full/93ed9b15d75d4131febcdab98a337dd1e257dffd.jpg,200,300,16.3
3496,Bart Palaszewski,https://www.sherdog.com/fighter/Bart-Palaszewski-3496,2026-08-19T02:22:26.867864+00:00,"May 30, 1983",1983-05-30,United States,"5'9"" / 175.26 cm",175.26,145 lbs / 65.77 kg,65.77,Team Curran,full/aabd42dd6a723aac48ac6e6ac0c6295727b649e9.jpg,200,300,17.8
4227,Tara LaRosa,https://www.sherdog.com/fighter/Tara-LaRosa-4227,2026-08-19T02:22:26.871815+00:00,"Jan 8, 1978",1978-01-08,United States,"5'6"" / 167.64 cm",167.64,121 lbs / 54.88 kg,54.88,Jackson-Wink MMA,full/5cbaa4df7912c732b1bcc888f027f3b3145dba8d.jpg,200,300,14.9
91565,Peggy Morgan,https://www.sherdog.com/fighter/Peggy-Morgan-91565,2026-08-19T02:22:26.874581+00:00,"Dec 6, 1979",1979-12-06,United States,"6'1"" / 185.42 cm",185.42,145 lbs / 65.77 kg,65.77,Triumph MMA,full/52e886280fd2a650eafbebbdb2ebba0615a4b13d.jpg,200,300,19.0
113687,Alexis Dufresne,https://www.sherdog.com/fighter/Alexis-Dufresne-113687,2026-08-19T02:22:26.877079+00:00,"Aug 31, 1990",1990-08-31,United States,"5'9"" / 175.26 cm",175.26,150 lbs / 68.04 kg,68.04,Team Quest,full/fe7992bc1deee55001306dfe7b0962557321a5ec.jpg,200,300,18.6
75021,Ashlee Evans-Smith,https://www.sherdog.com/fighter/Ashlee-EvansSmith-75021,2026-08-19T02:22:26.879312+00:00,"Jul 9, 1987",1987-07-09,United States,"5'8"" / 172.72 cm",172.72,135 lbs / 61.23 kg,61.23,Reign MMA,full/202fc9b27a2e2a287f19f638319d5122fa0cded8.jpg,200,300,20.5
186831,Talita Bernardo,https://www.sherdog.com/fighter/Talita-Bernardo-186831,2026-08-19T02:22:26.882717+00:00,"Mar 4, 1987",1987-03-04,Brazil,"5'4"" / 162.56 cm",162.56,134 lbs / 60.78 kg,60.78,Imperio Fight,full/8f255ba4ee4e4726f1d1381a3543f2272447e7f8.jpg,200,300,21.8
15882,Steven Lynch,https://www.sherdog.com/fighter/Steven-Lynch-15882,2026-08-19T02:39:02.021288+00:00,,,Northern Ireland,"5'10"" / 177.8 cm",177.8,170 lbs / 77.11 kg,77.11,,full/06750042ca3546753bbb0eb81887e4093da8ed0e.jpg,200,300,11.3
6184,Joe Scarola,https://www.sherdog.com/fighter/Joe-Scarola-6184,2026-08-19T02:39:02.023184+00:00,"Mar 12, 1979",1979-03-12,United States,"5'8"" / 172.72 cm",172.72,169 lbs / 76.66 kg,76.66,Serra-Longo Fight Team,full/06750042ca3546753bbb0eb81887e4093da8ed0e.jpg,200,300,11.3
120777,Vanessa Melo,https://www.sherdog.com/fighter/Vanessa-Melo-120777,2026-08-19T02:22:26.885477+00:00,"Mar 27, 1988",1988-03-27,Brazil,"5'5"" / 165.1 cm",165.1,155 lbs / 70.31 kg,70.31,Babuino Gold Team,full/3dcadc2ac578b4f7245d9a1e5c4503873e1813b6.jpg,200,300,11.3
84964,Bec Rawlings,https://www.sherdog.com/fighter/Bec-Rawlings-84964,2026-08-19T02:39:01.997194+00:00,"Feb 11, 1989",1989-02-11,Australia,"5'6"" / 167.64 cm",167.64,116 lbs / 52.62 kg,52.62,Alliance MMA,full/4b82cd95dcfd4d72f32932155c491fcc26ee41e9.jpg,200,300,13.6
40834,Bethany Marshall,https://www.sherdog.com/fighter/Bethany-Marshall-40834,2026-08-19T02:39:02.008199+00:00,"May 2, 1988",1988-05-02,United States,"5'8"" / 172.72 cm",172.72,124 lbs / 56.25 kg,56.25,Modern American Mixed Martial Arts,full/2982f1e9948ac554b0465439a958934212da6b7c.jpg,200,300,17.5
2235,Eiji Mitsuoka,https://www.sherdog.com/fighter/Eiji-Mitsuoka-2235,2026-08-19T02:39:02.010827+00:00,"Jan 1, 1976",1976-01-01,Japan,"5'7"" / 170.18 cm",170.18,145 lbs / 65.77 kg,65.77,Wajutsu Keishukai RJW,full/3dec10a3e0a63fd624d70ea8473c243a74daee5d.jpg,200,300,10.4
19761,Ryan Roberts,https://www.sherdog.com/fighter/Ryan-Roberts-19761,2026-08-19T02:39:02.014031+00:00,"Jul 16, 1978",1978-07-16,United States,"5'6"" / 167.64 cm",167.64,145 lbs / 65.77 kg,65.77,Disorderly Conduct,full/046744912eb0be68ee581a81eb8a9ac2671c0fb9.jpg,200,300,13.3
25476,Pat Audinwood,https://www.sherdog.com/fighter/Pat-Audinwood-25476,2026-08-19T02:39:02.018665+00:00,"Apr 16, 1986",1986-04-16,United States,"6'0"" / 182.88 cm",182.88,155 lbs / 70.31 kg,70.31,Team Bombsquad,full/c1c88eac9601fcb84914a46370c4fa74ec6b403a.jpg,200,300,19.2
3707,Per Eklund,https://www.sherdog.com/fighter/Per-Eklund-3707,2026-08-19T02:39:02.025309+00:00,"Nov 12, 1980",1980-11-12,Sweden,"5'10"" / 177.8 cm",177.8,145 lbs / 65.77 kg,65.77,Orla,full/157a66348382748343b6f452704f9ab48f461f3e.jpg,200,300,9.5
27440,Maciej Jewtuszko,https://www.sherdog.com/fighter/Maciej-Jewtuszko-27440,2026-08-19T02:39:02.031640+00:00,"Jan 31, 1981",1981-01-31,Poland,"6'0"" / 182.88 cm",182.88,170 lbs / 77.11 kg,77.11,Berserker's Team,full/6cede1842e1739b43f2feb199d269072cbf3f884.jpg,200,300,12.4
511,Javier Vazquez,https://www.sherdog.com/fighter/Javier-Vazquez-511,2026-08-19T02:39:02.034143+00:00,"Jul 16, 1977",1977-07-16,United States,"5'7"" / 170.18 cm",170.18,145 lbs / 65.77 kg,65.77,Gracie Jiu-Jitsu,full/3eb786a2617fa67d93ad0db4103ea9dd51330fb2.jpg,200,300,21.9
18883,Hiromasa Ougikubo,https://www.sherdog.com/fighter/Hiromasa-Ougikubo-18883,2026-08-19T02:39:02.036636+00:00,"Apr 1, 1987",1987-04-01,Japan,"5'3"" / 160.02 cm",160.02,126 lbs / 57.15 kg,57.15,The Blackbelt Japan,full/fa349e713aacc68a59c7bc35c43c458de2082a5d.jpg,200,300,15.1
155883,Martin Day,https://www.sherdog.com/fighter/Martin-Day-155883,2026-08-19T02:39:02.040481+00:00,"Nov 10, 1988",1988-11-10,United States,"5'10"" / 177.8 cm",177.8,145 lbs / 65.77 kg,65.77,Hawaii Elite MMA,full/680c46b5867fddd1fe1f509f97a0b775a2a9fd8e.jpg,200,300,10.2
109031,Raush Manfio,https://www.sherdog.com/fighter/Raush-Manfio-109031,2026-08-19T02:39:02.043597+00:00,"Nov 3, 1991",1991-11-03,Brazil,"5'8"" / 172.72 cm",172.72,170 lbs / 77.11 kg,77.11,American Top Team,full/94ef606dd16437d5ca8e43e828a2a95c694bb31e.jpg,200,300,12.8
22926,Edson Pereira,https://www.sherdog.com/fighter/Edson-Pereira-22926,2026-08-19T02:39:02.047669+00:00,"Feb 29, 1984",1984-02-29,Brazil,,,155 lbs / 70.31 kg,70.31,Fight Fitness,full/e289746706962b49f74ec8cb49ab13d76a82f7a6.jpg,200,300,11.8
138493,Andre Ricardo,https://www.sherdog.com/fighter/Andre-Ricardo-138493,2026-08-19T02:39:02.050025+00:00,"Oct 7, 1991",1991-10-07,Brazil,"5'11"" / 180.34 cm",180.34,170 lbs / 77.11 kg,77.11,Corinthians MMA,full/f37a23e94b5e2a8bd3b0b5e4534b74b67e217386.jpg,200,300,13.7
114747,Arlen Ribeiro,https://www.sherdog.com/fighter/Arlen-Ribeiro-114747,2026-08-19T02:39:02.052995+00:00,"Mar 18, 1991",1991-03-18,Brazil,"5'9"" / 175.26 cm",175.26,155 lbs / 70.31 kg,70.31,V8 MMA,full/fc19a3d98bde06577be4c735a9202a3897eb6f19.jpg,200,300,11.1
84215,Shane Young,https://www.sherdog.com/fighter/Shane-Young-84215,2026-08-19T02:39:02.055387+00:00,"Jul 31, 1993",1993-07-31,New Zealand,"5'8"" / 172.72 cm",172.72,150 lbs / 68.04 kg,68.04,City Kickboxing,full/4934c1325604522cb362806a5030d22dc54d716c.jpg,200,300,15.6
108157,Hiroyuki Oshiro,https://www.sherdog.com/fighter/Hiroyuki-Oshiro-108157,2026-08-19T02:39:02.058783+00:00,"Aug 5, 1986",1986-08-05,Japan,"5'4"" / 162.56 cm",162.56,135 lbs / 61.23 kg,61.23,Boss Gym,full/a3a1ea46d4d3311d4832db24b1650e8fcacc060e.jpg,200,300,15.0
341915,Kangjie Zhu,https://www.sherdog.com/fighter/Kangjie-Zhu-341915,2026-08-19T02:39:02.061342+00:00,"Jan 16, 1996",1996-01-16,China,"5'7"" / 170.18 cm",170.18,145 lbs / 65.77 kg,65.77,Haosheng Fight Gym,full/09e6e56f10f7ab193cddba7436ee9cf81a9d1033.jpg,200,300,9.7
249137,Duda Santana,https://www.sherdog.com/fighter/Duda-Santana-249137,2026-08-19T02:39:02.064679+00:00,"Oct 1, 1996",1996-10-01,Brazil,"5'7"" / 170.18 cm",170.18,135 lbs / 61.23 kg,61.23,Tata Fight Team,full/13eedde1257f0de9f8fc5371f2293279bb51cc63.jpg,200,300,10.0
180217,Veronica Hardy,https://www.sherdog.com/fighter/Veronica-Hardy-180217,2026-08-19T02:39:02.066666+00:00,"Oct 30, 1995",1995-10-30,Venezuela,"5'3"" / 160.02 cm",160.02,125 lbs / 56.7 kg,56.7,Renzo Gracie Academy,full/2eb59ce0d4907994574a5f63bab953ce7bd9d5f6.jpg,200,300,12.3
94411,Cyril Asker,https://www.sherdog.com/fighter/Cyril-Asker-94411,2026-08-19T02:39:02.071036+00:00,"Dec 24, 1985",1985-12-24,France,"6'0"" / 182.88 cm",182.88,244 lbs / 110.68 kg,110.68,Bushido Academie,full/64a5d0ee662a83ec4c97a01ac9952126b96706ae.jpg,200,300,9.4
81719,Rashad Coulter,https://www.sherdog.com/fighter/Rashad-Coulter-81719,2026-08-19T02:39:02.073914+00:00,"Nov 27, 1981",1981-11-27,United States,"5'11"" / 180.34 cm",180.34,208 lbs / 94.35 kg,94.35,Fortis MMA,full/685fa140ee3bdfe18b08766de737f92ce1800edd.jpg,200,300,18.5
22038,Evan Dunham,https://www.sherdog.com/fighter/Evan-Dunham-22038,2026-08-19T02:39:02.076611+00:00,"Dec 18, 1981",1981-12-18,United States,"5'10"" / 177.8 cm",177.8,155 lbs / 70.31 kg,70.31,Xtreme Couture,full/a8c4ba70cce0e9d6eac6b359b1edc2ef835b4299.jpg,200,300,15.8
7415,Phillipe Nover,https://www.sherdog.com/fighter/Phillipe-Nover-7415,2026-08-19T02:39:02.082256+00:00,"Feb 3, 1984",1984-02-03,United States,"5'9"" / 175.26 cm",175.26,145 lbs / 65.77 kg,65.77,Team Renzo Gracie,full/d7efc15af1699b9086d6f0f4114e24194e6a5fc7.jpg,200,300,18.0
78469,Gavin Tucker,https://www.sherdog.com/fighter/Gavin-Tucker-78469,2026-08-19T02:39:02.088848+00:00,"Jun 17, 1986",1986-06-17,Canada,"5'7"" / 170.18 cm",170.18,145 lbs / 65.77 kg,65.77,Titans MMA,full/ad2fd6667880ecd51adae32f9587932305806f00.jpg,200,300,16.3
34236,Myles Jury,https://www.sherdog.com/fighter/Myles-Jury-34236,2026-08-19T02:39:02.092046+00:00,"Oct 31, 1988",1988-10-31,United States,"5'11"" / 180.34 cm",180.34,155 lbs / 70.31 kg,70.31,Power MMA,full/ad3f5109e56d480995ea77db9b0d25d1b423f1a1.jpg,200,300,13.2
58065,Dennis Bermudez,https://www.sherdog.com/fighter/Dennis-Bermudez-58065,2026-08-19T02:39:02.096598+00:00,"Dec 13, 1986",1986-12-13,United States,"5'6"" / 167.64 cm",167.64,145 lbs / 65.77 kg,65.77,Long Island MMA,full/ceab7aea7b9730c13858ecb7637576cac49a82ca.jpg,200,300,20.5
57838,Kevin Aguilar,https://www.sherdog.com/fighter/Kevin-Aguilar-57838,2026-08-19T02:39:02.101936+00:00,"Sep 7, 1988",1988-09-07,United States,"5'7"" / 170.18 cm",170.18,145 lbs / 65.77 kg,65.77,Longview MMA,full/d2aebac05d0b438d96b607057f8894259ef24b1e.jpg,200,300,10.7
146291,Joaquim Silva,https://www.sherdog.com/fighter/Joaquim-Silva-146291,2026-08-19T02:39:02.105296+00:00,"Feb 5, 1989",1989-02-05,Brazil,"5'8"" / 172.72 cm",172.72,155 lbs / 70.31 kg,70.31,American Top Team,full/30023bf073c5197fec9f99528965c03b52f8cae3.jpg,200,300,13.8
181737,Kenan Song,https://www.sherdog.com/fighter/Kenan-Song-181737,2026-08-19T02:39:02.109694+00:00,"Mar 10, 1990",1990-03-10,China,"6'0"" / 182.88 cm",182.88,170 lbs / 77.11 kg,77.11,Black Tiger,full/1f4b2cd46092db5327702245b4027366b0261fea.jpg,200,300,11.0
82725,Hector Aldana,https://www.sherdog.com/fighter/Hector-Aldana-82725,2026-08-19T02:39:02.113872+00:00,"Aug 17, 1988",1988-08-17,Mexico,"5'11"" / 180.34 cm",180.34,170 lbs / 77.11 kg,77.11,Torture Athletics,full/e80aefa881960f2c8aa69b6d4e499bd60f68a986.jpg,200,300,11.3
5998,Thiago Alves,https://www.sherdog.com/fighter/Thiago-Alves-5998,2026-08-19T02:39:02.116591+00:00,"Oct 3, 1983",1983-10-03,Brazil,"5'10"" / 177.8 cm",177.8,170 lbs / 77.11 kg,77.11,American Top Team,full/ef5b8ab11e993e7f5412ff73b9925d9526c00138.jpg,200,300,16.0
174693,Luis Pena,https://www.sherdog.com/fighter/Luis-Pena-174693,2026-08-19T02:39:02.122942+00:00,"Jul 5, 1993",1993-07-05,United States,"6'3"" / 190.5 cm",190.5,155 lbs / 70.31 kg,70.31,American Top Team Sunrise,full/7f206eeddfb196a042da410783715ebff8447bac.jpg,200,300,12.5
173073,Ottman Azaitar,https://www.sherdog.com/fighter/Ottman-Azaitar-173073,2026-08-19T02:39:02.126714+00:00,"Feb 20, 1990",1990-02-20,Germany,"5'7"" / 170.18 cm",170.18,156 lbs / 70.76 kg,70.76,Jupps Fight Team,full/e908b7743564073008883105a720b3400c3f10c9.jpg,200,300,14.5
25245,Aisling Daly,https://www.sherdog.com/fighter/Aisling-Daly-25245,2026-08-19T02:39:02.129614+00:00,"Dec 24, 1987",1987-12-24,Ireland,"5'3"" / 160.02 cm",160.02,116 lbs / 52.62 kg,52.62,SBG Ireland,full/d22a9db147a9e05cd0d17cdebc80ac8ffa39a046.jpg,200,300,14.0
68957,Jocelyn Jones-Lybarger,https://www.sherdog.com/fighter/Jocelyn-JonesLybarger-68957,2026-08-19T02:39:02.132754+00:00,"Oct 4, 1985",1985-10-04,United States,"5'7"" / 170.18 cm",170.18,115 lbs / 52.16 kg,52.16,MMA Lab,full/df27a14da70a6910e12acb01b3a6594625b21844.jpg,200,300,17.1
73710,Juliana Lima,https://www.sherdog.com/fighter/Juliana-Lima-73710,2026-08-19T02:39:02.135320+00:00,"Mar 15, 1982",1982-03-15,Brazil,"5'5"" / 165.1 cm",165.1,116 lbs / 52.62 kg,52.62,Gracie Barra BH,full/a8bd396dd3215a7cad96094320949ef0802c5b91.jpg,200,300,13.9
48404,Claudia Gadelha,https://www.sherdog.com/fighter/Claudia-Gadelha-48404,2026-08-19T02:39:02.138459+00:00,"Dec 7, 1988",1988-12-07,Brazil,"5'3"" / 160.02 cm",160.02,115 lbs / 52.16 kg,52.16,Luttrell-Yee MMA,full/ce78c22fcaf0a0f66884c532d129c7472d196349.jpg,200,300,13.9
219081,Kanako Murata,https://www.sherdog.com/fighter/Kanako-Murata-219081,2026-08-19T02:39:02.142473+00:00,"Aug 10, 1993",1993-08-10,Japan,"5'1"" / 154.94 cm",154.94,115 lbs / 52.16 kg,52.16,Combat Sports Academy,full/76db2d04629aad13ba0f496a4e40d6f1e98e4e12.jpg,200,300,12.5
65649,Alex Chambers,https://www.sherdog.com/fighter/Alex-Chambers-65649,2026-08-19T02:39:02.145110+00:00,"Oct 28, 1978",1978-10-28,Australia,"5'3"" / 160.02 cm",160.02,115 lbs / 52.16 kg,52.16,American Top Team,full/4a6d0349573cd4f94a2d99197a5c5ea061914c50.jpg,200,300,16.4
222541,Sarah Frota,https://www.sherdog.com/fighter/Sarah-Frota-222541,2026-08-19T02:39:02.147970+00:00,"Apr 14, 1987",1987-04-14,Brazil,"5'6"" / 167.64 cm",167.64,115 lbs / 52.16 kg,52.16,Astra Fight Team,full/2109fe1a9841330aeb62b17517dba9b50ab9973c.jpg,200,300,18.1
98559,Brianna Fortino,https://www.sherdog.com/fighter/Brianna-Fortino-98559,2026-08-19T02:39:02.150402+00:00,"Aug 4, 1993",1993-08-04,United States,"4'11"" / 149.86 cm",149.86,115 lbs / 52.16 kg,52.16,American Kickboxing Academy,full/c73ce0a91b9cb0783afc631cba23567b481daf43.jpg,200,300,13.4
39298,Ashley Yoder,https://www.sherdog.com/fighter/Ashley-Yoder-39298,2026-08-19T02:39:02.154585+00:00,"Oct 20, 1987",1987-10-20,United States,"5'7"" / 170.18 cm",170.18,116 lbs / 52.62 kg,52.62,Team Quest,full/1c3235b69bf2f7b53bdc129a2ea3019d3ba0fbf3.jpg,200,300,12.2
176091,Yorgan De Castro,https://www.sherdog.com/fighter/Yorgan-De-Castro-176091,2026-08-19T02:39:02.158767+00:00,"Dec 19, 1986",1986-12-19,Cape Verde,"6'1"" / 185.42 cm",185.42,265 lbs / 120.2 kg,120.2,Regiment Training Center,full/14610cdad8ce41f830f77b6262eb4b9a28d3bc74.jpg,200,300,9.5
48240,Myron Dennis,https://www.sherdog.com/fighter/Myron-Dennis-48240,2026-08-19T02:39:02.161711+00:00,"Mar 26, 1989",1989-03-26,United States,"6'2"" / 187.96 cm",187.96,246 lbs / 111.58 kg,111.58,Lovato's School of Brazilian Jiu-Jitsu,full/1ba142c523a0bdde014968310bb7f4edda1cf6f7.jpg,200,300,19.8
40126,Ryan Janes,https://www.sherdog.com/fighter/Ryan-Janes-40126,2026-08-19T02:39:02.164829+00:00,"Aug 22, 1981",1981-08-22,Canada,"6'3"" / 190.5 cm",190.5,185 lbs / 83.91 kg,83.91,Zugec Ultimate Martial Arts,full/7b90973a2892e6fb40b0c11f5b236e38041c4c1d.jpg,200,300,11.5
131219,Markus Perez,https://www.sherdog.com/fighter/Markus-Perez-131219,2026-08-19T02:39:02.167497+00:00,"Jun 22, 1990",1990-06-22,Brazil,"6'2"" / 187.96 cm",187.96,185 lbs / 83.91 kg,83.91,Viscardi Andrade Team,full/ac811f5390205320076b354e6c59b36e53eb744f.jpg,200,300,12.0
86246,Kyle Bochniak,https://www.sherdog.com/fighter/Kyle-Bochniak-86246,2026-08-19T02:39:02.170835+00:00,"Feb 5, 1987",1987-02-05,United States,"5'7"" / 170.18 cm",170.18,145 lbs / 65.77 kg,65.77,Broadway Jiu-Jitsu,full/ba770eeed5b1dd2032ef0f2cdd6b4b232531c224.jpg,200,300,9.9
129351,Enrique Barzola,https://www.sherdog.com/fighter/Enrique-Barzola-129351,2026-08-19T02:39:02.174159+00:00,"Apr 25, 1989",1989-04-25,Peru,"5'7"" / 170.18 cm",170.18,146 lbs / 66.22 kg,66.22,American Kickboxing Academy,full/97f41c1bd45530e92cc53980c9af2b1eb06f2b6f.jpg,200,300,13.9
180307,Jose Martinez Jr.,https://www.sherdog.com/fighter/Jose-Martinez-Jr-180307,2026-08-19T03:14:12.840024+00:00,"Jan 12, 1990",1990-01-12,United States,,,161 lbs / 73.03 kg,73.03,,full/06750042ca3546753bbb0eb81887e4093da8ed0e.jpg,200,300,11.3
136989,Jeferson Negrini,https://www.sherdog.com/fighter/Jeferson-Negrini-136989,2026-08-19T03:14:12.977769+00:00,"Jul 22, 1990",1990-07-22,Brazil,"5'8"" / 172.72 cm",172.72,155 lbs / 70.31 kg,70.31,Sombra Team,full/06750042ca3546753bbb0eb81887e4093da8ed0e.jpg,200,300,11.3
45430,Caros Fodor,https://www.sherdog.com/fighter/Caros-Fodor-45430,2026-08-19T02:39:02.028267+00:00,"Jan 7, 1984",1984-01-07,United States,"5'9"" / 175.26 cm",175.26,156 lbs / 70.76 kg,70.76,AMC Pankration,full/71845201ea48d61a544ecf76e7b52468e9cf7800.jpg,200,300,15.0
50103,Jonathan Ortega,https://www.sherdog.com/fighter/Jonathan-Ortega-50103,2026-08-19T03:14:12.779732+00:00,"Aug 14, 1983",1983-08-14,Chile,"5'9"" / 175.26 cm",175.26,145 lbs / 65.77 kg,65.77,Elemental Dojo,full/22b97043c310b86d2b4012030f91c44253d5de14.jpg,200,300,15.9
34374,Matt Bessette,https://www.sherdog.com/fighter/Matt-Bessette-34374,2026-08-19T03:14:12.790877+00:00,"Dec 28, 1984",1984-12-28,United States,"5'10"" / 177.8 cm",177.8,145 lbs / 65.77 kg,65.77,Underdog Brazilian Jiu-Jitsu,full/b56d68c64eff2659ea236d777e3b5fe5f9a58235.jpg,200,300,14.5
159019,Bobby Moffett,https://www.sherdog.com/fighter/Bobby-Moffett-159019,2026-08-19T03:14:12.794741+00:00,"Jun 1, 1990",1990-06-01,United States,"5'10"" / 177.8 cm",177.8,145 lbs / 65.77 kg,65.77,MMA Lab,full/19238700bbef0fffa0ed5931a0eae1f199fd9b8c.jpg,200,300,19.0
130011,James Bochnovic,https://www.sherdog.com/fighter/James-Bochnovic-130011,2026-08-19T03:14:12.798020+00:00,"Feb 13, 1989",1989-02-13,United States,"6'4"" / 193.04 cm",193.04,185 lbs / 83.91 kg,83.91,Rothwell MMA,full/d2cc74e2f84b227205ee0f63f5cd1b4fe0f2ff2d.jpg,200,300,15.7
46314,Keith Berish,https://www.sherdog.com/fighter/Keith-Berish-46314,2026-08-19T03:14:12.802877+00:00,"Nov 14, 1985",1985-11-14,United States,"6'0"" / 182.88 cm",182.88,185 lbs / 83.91 kg,83.91,Black & Blue MMA,full/ea6f547287790be7b379775eb1c95050cdfbc6c1.jpg,200,300,14.8
47542,Kate Jackson,https://www.sherdog.com/fighter/Kate-Jackson-47542,2026-08-19T03:14:12.805362+00:00,"Aug 13, 1986",1986-08-13,England,"5'6"" / 167.64 cm",167.64,125 lbs / 56.7 kg,56.7,Koncept Gym,full/47a3f567b08e5229c9f196fd9c2ea0cea312a52b.jpg,200,300,13.1
67098,Justine Kish,https://www.sherdog.com/fighter/Justine-Kish-67098,2026-08-19T03:14:12.808521+00:00,"Apr 13, 1988",1988-04-13,United States,"5'5"" / 165.1 cm",165.1,125 lbs / 56.7 kg,56.7,Black House,full/753bd9ee798163f6885c7522bb5ac6d287405a09.jpg,200,300,11.8
138223,Amanda Bobby Brundage,https://www.sherdog.com/fighter/Amanda-Bobby-Brundage-138223,2026-08-19T03:14:12.813510+00:00,"Oct 22, 1991",1991-10-22,United States,"5'3"" / 160.02 cm",160.02,125 lbs / 56.7 kg,56.7,Scorpion Fighting System,full/2ac3591df1f6e309cc101bcfa58d95df89a5de68.jpg,200,300,20.2
216929,Syuri Kondo,https://www.sherdog.com/fighter/Syuri-Kondo-216929,2026-08-19T03:14:12.817082+00:00,"Feb 8, 1989",1989-02-08,Japan,"5'4"" / 162.56 cm",162.56,115 lbs / 52.16 kg,52.16,Vos Gym,full/9ab110226efeba9bdffa9b24d8ec03a465aa7704.jpg,200,300,14.4
62703,Kailin Curran,https://www.sherdog.com/fighter/Kailin-Curran-62703,2026-08-19T03:14:12.819607+00:00,"Apr 11, 1991",1991-04-11,United States,"5'4"" / 162.56 cm",162.56,113 lbs / 51.26 kg,51.26,RVCA,full/412c78f2c1e442f4392cc2de3812b280ab4ebd0d.jpg,200,300,16.5
214579,Nadia Kassem,https://www.sherdog.com/fighter/Nadia-Kassem-214579,2026-08-19T03:14:12.822885+00:00,"Nov 15, 1995",1995-11-15,Australia,"5'5"" / 165.1 cm",165.1,120 lbs / 54.43 kg,54.43,Australian Top Team,full/b9a91b33a8b5b2070934253722b3115f9031016c.jpg,200,300,14.6
70795,Tina Lahdemaki,https://www.sherdog.com/fighter/Tina-Lahdemaki-70795,2026-08-19T03:14:12.825226+00:00,"May 28, 1988",1988-05-28,Finland,"5'2"" / 157.48 cm",157.48,115 lbs / 52.16 kg,52.16,RNC Sport Club,full/999614ad9234f0dc70ef7864345525498a5ed34d.jpg,200,300,15.5
15174,Jessica Aguilar,https://www.sherdog.com/fighter/Jessica-Aguilar-15174,2026-08-19T03:14:12.827433+00:00,"May 8, 1982",1982-05-08,United States,"5'3"" / 160.02 cm",160.02,107 lbs / 48.53 kg,48.53,Liborio Experience,full/985a7d0d6bc23533651a406c191544adc19ba9e6.jpg,200,300,16.0
21720,Angela Magana,https://www.sherdog.com/fighter/Angela-Magana-21720,2026-08-19T03:14:12.830754+00:00,"Aug 2, 1983",1983-08-02,United States,"5'1"" / 154.94 cm",154.94,115 lbs / 52.16 kg,52.16,Independent,full/a9984b90d68df8e939f33c45fbccbac3e496511b.jpg,200,300,17.0
337565,Francisco Prado,https://www.sherdog.com/fighter/Francisco-Prado-337565,2026-08-19T03:14:12.836790+00:00,"Jun 16, 2002",2002-06-16,Argentina,"5'10"" / 177.8 cm",177.8,170 lbs / 77.11 kg,77.11,American Top Team,full/18569da23cfd13b83aec76424debedbff19ac63c.jpg,200,300,25.6
136361,Richie Smullen,https://www.sherdog.com/fighter/Richie-Smullen-136361,2026-08-19T03:14:12.842119+00:00,"Aug 17, 1991",1991-08-17,Ireland,"5'9"" / 175.26 cm",175.26,145 lbs / 65.77 kg,65.77,SBG Ireland,full/8ca47db97cbe7137ab5c20792a86840ecf539ab4.jpg,200,300,16.0
207057,Alex Munoz,https://www.sherdog.com/fighter/Alex-Munoz-207057,2026-08-19T03:14:12.927813+00:00,"Feb 27, 1990",1990-02-27,United States,"5'9"" / 175.26 cm",175.26,155 lbs / 70.31 kg,70.31,Team Alpha Male,full/a884b8f10a62d03561f63f866609a27ff466e9f7.jpg,200,300,17.5
4556,Derrick Noble,https://www.sherdog.com/fighter/Derrick-Noble-4556,2026-08-19T03:14:12.930469+00:00,"Aug 14, 1978",1978-08-14,United States,"5'9"" / 175.26 cm",175.26,169 lbs / 76.66 kg,76.66,The Academy MN,full/0174c25af407faac477d3b832e50b67690aba1e6.jpg,200,300,13.7
75423,Bobby Nash,https://www.sherdog.com/fighter/Bobby-Nash-75423,2026-08-19T03:14:12.933698+00:00,"Mar 26, 1990",1990-03-26,United States,"6'0"" / 182.88 cm",182.88,170 lbs / 77.11 kg,77.11,Fit NHB,full/3d78a5a254b453b352cdfe6c5afd0ad2dc7e1cbb.jpg,200,300,15.3
35518,Derrick Krantz,https://www.sherdog.com/fighter/Derrick-Krantz-35518,2026-08-19T03:14:12.936401+00:00,"Jan 13, 1988",1988-01-13,United States,"5'10"" / 177.8 cm",177.8,170 lbs / 77.11 kg,77.11,Team 515,full/0538ceba89f4f6acc982890d609e83578cf51218.jpg,200,300,19.3
105689,Callan Potter,https://www.sherdog.com/fighter/Callan-Potter-105689,2026-08-19T03:14:12.939554+00:00,"Sep 6, 1984",1984-09-06,Australia,"6'1"" / 185.42 cm",185.42,155 lbs / 70.31 kg,70.31,Renegade MMA,full/2a1631c2d3163d27594262a1d868a0a3575cd536.jpg,200,300,10.9
178707,Rolando Bedoya,https://www.sherdog.com/fighter/Rolando-Bedoya-178707,2026-08-19T03:14:12.942470+00:00,"Jan 13, 1997",1997-01-13,Peru,"5'11"" / 180.34 cm",180.34,155 lbs / 70.31 kg,70.31,Chute Boxe,full/bf0aecb2645fe02f2c48f36920eebd45d1e2d797.jpg,200,300,15.4
38726,Carlos Alexandre,https://www.sherdog.com/fighter/Carlos-Alexandre-38726,2026-08-19T03:14:12.945269+00:00,"Nov 10, 1991",1991-11-10,Brazil,"5'9"" / 175.26 cm",175.26,155 lbs / 70.31 kg,70.31,RPlay Thai,full/2e46d4641d87341d9ee350b561360a6ed7990284.jpg,200,300,13.5
50122,Erick da Silva,https://www.sherdog.com/fighter/Erick-da-Silva-50122,2026-08-19T03:14:12.948185+00:00,"Dec 7, 1988",1988-12-07,Brazil,"5'8"" / 172.72 cm",172.72,154 lbs / 69.85 kg,69.85,Astra Fight Team,full/33cfc8bd2c1cf86b4ea71adf3c2f96c8f259c175.jpg,200,300,14.6
156303,Te Edwards,https://www.sherdog.com/fighter/Te-Edwards-156303,2026-08-19T03:14:12.951281+00:00,"Sep 11, 1990",1990-09-11,United States,"5'8"" / 172.72 cm",172.72,155 lbs / 70.31 kg,70.31,MMA Lab,full/b1cc607811b4f8c4fddbabd0a497dbac6f86bd57.jpg,200,300,11.4
53713,Justin Jaynes,https://www.sherdog.com/fighter/Justin-Jaynes-53713,2026-08-19T03:14:12.953555+00:00,"Aug 10, 1989",1989-08-10,United States,"5'8"" / 172.72 cm",172.72,159 lbs / 72.12 kg,72.12,Xtreme Couture,full/e4a143011802bb5fc13e89cefadfa5175d12ad89.jpg,200,300,19.9
18615,Joe Duarte,https://www.sherdog.com/fighter/Joe-Duarte-18615,2026-08-19T03:14:12.956963+00:00,"Aug 4, 1983",1983-08-04,United States,"5'9"" / 175.26 cm",175.26,155 lbs / 70.31 kg,70.31,The Arena,full/0dd1296a9ddc69ea8da7f15b43fe8733b92738e5.jpg,200,300,16.6
246541,Jamey-Lyn Horth,https://www.sherdog.com/fighter/JameyLyn-Horth-246541,2026-08-19T03:14:12.959295+00:00,"Mar 30, 1990",1990-03-30,Canada,"5'7"" / 170.18 cm",170.18,126 lbs / 57.15 kg,57.15,The Sound Martial Arts,full/d955501094f6ccd7ccc50d73f0f08611e13d0e8c.jpg,200,300,11.2
395040,Eduarda Moura,https://www.sherdog.com/fighter/Eduarda-Moura-395040,2026-08-19T03:14:12.962496+00:00,"Feb 28, 1994",1994-02-28,Brazil,"5'5"" / 165.1 cm",165.1,127 lbs / 57.61 kg,57.61,Galpao da Luta,full/e018cdc4125c804f13bea1b2cb13361e58f23d00.jpg,200,300,11.4
393466,Shin Haraguchi,https://www.sherdog.com/fighter/Shin-Haraguchi-393466,2026-08-19T03:14:12.965477+00:00,"Nov 27, 1998",1998-11-27,Japan,"5'6"" / 167.64 cm",167.64,145 lbs / 65.77 kg,65.77,Brave,full/d0c31947b2a322c3987d42dee0397a63214e9647.jpg,200,300,11.2
191425,Rodrigo Vera,https://www.sherdog.com/fighter/Rodrigo-Vera-191425,2026-08-19T03:14:12.968176+00:00,"Oct 18, 1995",1995-10-18,Peru,"5'7"" / 170.18 cm",170.18,145 lbs / 65.77 kg,65.77,Pitbull Martial Arts Center,full/ba3fa2d322bfec65c8a60b9469360fbf9fbed70a.jpg,200,300,15.3
57016,Austin Arnett,https://www.sherdog.com/fighter/Austin-Arnett-57016,2026-08-19T03:14:12.970956+00:00,"Oct 22, 1991",1991-10-22,United States,"6'0"" / 182.88 cm",182.88,156 lbs / 70.76 kg,70.76,Sikjitsu,full/60e340e0934fb88dd3abce0d63bbba9f3a39f733.jpg,200,300,11.1
179949,Blake Bilder,https://www.sherdog.com/fighter/Blake-Bilder-179949,2026-08-19T03:14:12.974164+00:00,"Jul 12, 1990",1990-07-12,United States,"5'8"" / 172.72 cm",172.72,145 lbs / 65.77 kg,65.77,Spartan Martial Arts,full/2ca5270ec9668ea83eab769dbe6cf2feb001f4e2.jpg,200,300,12.7
95053,Anderson dos Santos,https://www.sherdog.com/fighter/Anderson-dos-Santos-95053,2026-08-19T03:14:12.983481+00:00,"Jul 24, 1985",1985-07-24,Brazil,"5'6"" / 167.64 cm",167.64,155 lbs / 70.31 kg,70.31,Babuino Gold Team,full/a8504ecdf2855ff172642732f56a502df94c216b.jpg,200,300,12.8
131543,Nkazimulo Zulu,https://www.sherdog.com/fighter/Nkazimulo-Zulu-131543,2026-08-19T03:14:12.986996+00:00,"Aug 19, 1989",1989-08-19,South Africa,"5'8"" / 172.72 cm",172.72,126 lbs / 57.15 kg,57.15,CIT Performance Institute,full/cdd36411a8b72cc76043d5a40df7a97ab2dd8c6f.jpg,200,300,13.4
4038,Samy Schiavo,https://www.sherdog.com/fighter/Samy-Schiavo-4038,2026-08-19T03:14:12.989689+00:00,"Dec 24, 1975",1975-12-24,France,"5'7"" / 170.18 cm",170.18,135 lbs / 61.23 kg,61.23,Bushido Academie,full/4c9238dd1bb85d12f19b481df1874e49f8bbdb99.jpg,200,300,12.9
67132,Heather Clark,https://www.sherdog.com/fighter/Heather-Clark-67132,2026-08-19T03:14:12.992132+00:00,"Sep 19, 1980",1980-09-19,United States,"5'6"" / 167.64 cm",167.64,115 lbs / 52.16 kg,52.16,Syndicate MMA,full/db03fcf958132e94749afcd5b146c7908b57cfce.jpg,200,300,15.2
10071,Lisa Ellis,https://www.sherdog.com/fighter/Lisa-Ellis-10071,2026-08-19T03:14:12.994878+00:00,"Nov 15, 1982",1982-11-15,United States,"5'4"" / 162.56 cm",162.56,110 lbs / 49.9 kg,49.9,United Training Center,full/c18b920c8eb284734a4567e3945cfdc10b465cb4.jpg,200,300,15.7
21246,Seo Hee Ham,https://www.sherdog.com/fighter/Seo-Hee-Ham-21246,2026-08-19T03:14:12.997941+00:00,"Mar 8, 1987",1987-03-08,South Korea,"5'2"" / 157.48 cm",157.48,114 lbs / 51.71 kg,51.71,Busan Team MAD,full/aaca8be324c043eba9c7631da7ed922f08676929.jpg,200,300,14.2
99019,Paige VanZant,https://www.sherdog.com/fighter/Paige-VanZant-99019,2026-08-19T03:14:13.001381+00:00,"Mar 26, 1994",1994-03-26,United States,"5'4"" / 162.56 cm",162.56,125 lbs / 56.7 kg,56.7,Gracie Barra Portland,full/94c25f273af667aa200736ff874c6544dd3ad320.jpg,200,300,17.0
114261,Zabit Magomedsharipov,https://www.sherdog.com/fighter/Zabit-Magomedsharipov-114261,2026-08-19T03:14:13.004713+00:00,"Mar 1, 1991",1991-03-01,Russia,"6'1"" / 185.42 cm",185.42,145 lbs / 65.77 kg,65.77,Ricardo Almeida Jiu-Jitsu,full/b990362bc11efb87c651e216662e6dc7afbc2092.jpg,200,300,15.4
22298,Brandon Thatch,https://www.sherdog.com/fighter/Brandon-Thatch-22298,2026-08-19T03:14:13.007841+00:00,"Jul 11, 1985",1985-07-11,United States,"6'2"" / 187.96 cm",187.96,170 lbs / 77.11 kg,77.11,Elevation Fight Team,full/3fbf6578f1f8c5d9916b749b28115e43631875bf.jpg,200,300,13.0
65878,Alan Jouban,https://www.sherdog.com/fighter/Alan-Jouban-65878,2026-08-19T03:14:13.010906+00:00,"Nov 25, 1982",1982-11-25,United States,"6'0"" / 182.88 cm",182.88,170 lbs / 77.11 kg,77.11,Black House,full/772d0ae24f4ddd6a6f152bf5a0c5d977454a5147.jpg,200,300,14.9
15148,George Sullivan,https://www.sherdog.com/fighter/George-Sullivan-15148,2026-08-19T03:14:13.015063+00:00,"Mar 13, 1981",1981-03-13,United States,"6'0"" / 182.88 cm",182.88,169 lbs / 76.66 kg,76.66,Pellegrino MMA,full/1bc8e8395f82808777ade0133755c545524fa611.jpg,200,300,11.4
81956,James Vick,https://www.sherdog.com/fighter/James-Vick-81956,2026-08-19T03:14:13.018590+00:00,"Feb 23, 1987",1987-02-23,United States,"6'3"" / 190.5 cm",190.5,170 lbs / 77.11 kg,77.11,Team Lloyd Irvin,full/7be4227c5cb551e18633956b917a99bb494d265c.jpg,200,300,12.1
117729,Themba Gorimbo,https://www.sherdog.com/fighter/Themba-Gorimbo-117729,2026-08-19T03:14:13.023348+00:00,"Jan 23, 1991",1991-01-23,Zimbabwe,"6'1"" / 185.42 cm",185.42,170 lbs / 77.11 kg,77.11,MMA Masters,full/d7efb71dc6d0d58b0df4917e1acadbe4e35c2dc0.jpg,200,300,13.5
394506,Jacobe Smith,https://www.sherdog.com/fighter/Jacobe-Smith-394506,2026-08-19T03:14:13.026842+00:00,"Jan 17, 1996",1996-01-17,United States,"5'10"" / 177.8 cm",177.8,170 lbs / 77.11 kg,77.11,Ranger 47,full/9ece55eb124f27f37ff57bf9ab667039816b1c7a.jpg,200,300,10.4
186789,Nikolay Veretennikov,https://www.sherdog.com/fighter/Nikolay-Veretennikov-186789,2026-08-19T03:14:13.029365+00:00,"Dec 22, 1989",1989-12-22,Kazakhstan,"6'0"" / 182.88 cm",182.88,170 lbs / 77.11 kg,77.11,Kings MMA,full/383477e6fca6a08fab3b007e23080655e7343725.jpg,200,300,9.9
162539,Anna Elmose,https://www.sherdog.com/fighter/Anna-Elmose-162539,2026-08-19T03:31:27.234820+00:00,,,Denmark,,,135 lbs / 61.23 kg,61.23,Rumble Sports,full/06750042ca3546753bbb0eb81887e4093da8ed0e.jpg,200,300,11.3
98419,Ericka Almeida,https://www.sherdog.com/fighter/Ericka-Almeida-98419,2026-08-19T03:14:12.833776+00:00,"Mar 5, 1989",1989-03-05,Brazil,"5'6"" / 167.64 cm",167.64,135 lbs / 61.23 kg,61.23,Team Nogueira,full/0d2bfe59b9d729ed6261a41ba549a4faef31a835.jpg,200,300,11.5
206919,Austin Vanderford,https://www.sherdog.com/fighter/Austin-Vanderford-206919,2026-08-19T03:31:27.155838+00:00,"Mar 21, 1990",1990-03-21,United States,"5'11"" / 180.34 cm",180.34,170 lbs / 77.11 kg,77.11,Gracie Barra Portland,full/0046a125dd1ee972412ee8b205007f2068337aee.jpg,200,300,17.6
317135,Josiah Harrell,https://www.sherdog.com/fighter/Josiah-Harrell-317135,2026-08-19T03:31:27.166826+00:00,"Nov 13, 1998",1998-11-13,United States,"5'7"" / 170.18 cm",170.18,171 lbs / 77.56 kg,77.56,Grove City BJJ,full/0e42d1a85022feef851e75c04d5bdf044b58793f.jpg,200,300,15.1
48554,Dakota Cochrane,https://www.sherdog.com/fighter/Dakota-Cochrane-48554,2026-08-19T03:31:27.169635+00:00,"May 1, 1986",1986-05-01,United States,"5'8"" / 172.72 cm",172.72,170 lbs / 77.11 kg,77.11,Premier Combat Center,full/b7e962a370cf9446b072365e2156aa689fa1cb9d.jpg,200,300,20.3
66110,Mike Santiago,https://www.sherdog.com/fighter/Mike-Santiago-66110,2026-08-19T03:31:27.173557+00:00,"Jul 28, 1989",1989-07-28,United States,"5'10"" / 177.8 cm",177.8,145 lbs / 65.77 kg,65.77,Top Notch Fitness,full/e3a9046924fb069994435f1ab7917b69d1595d45.jpg,200,300,17.4
93951,Sheymon Moraes,https://www.sherdog.com/fighter/Sheymon-Moraes-93951,2026-08-19T03:31:27.177192+00:00,"Oct 11, 1990",1990-10-11,Brazil,"5'8"" / 172.72 cm",172.72,145 lbs / 65.77 kg,65.77,Black House,full/3c9b63454acbfc581b42105d5b8bba2b4ba6506a.jpg,200,300,13.6
69142,Rachael Ostovich,https://www.sherdog.com/fighter/Rachael-Ostovich-69142,2026-08-19T03:31:27.182010+00:00,"Feb 25, 1991",1991-02-25,United States,"5'3"" / 160.02 cm",160.02,125 lbs / 56.7 kg,56.7,Jesus Is Lord,full/9c9e1b9ea6660d1f3543a8445456d505cb2f697f.jpg,200,300,17.1
123439,Danielle Taylor,https://www.sherdog.com/fighter/Danielle-Taylor-123439,2026-08-19T03:31:27.185341+00:00,"Oct 25, 1989",1989-10-25,United States,"5'0"" / 152.4 cm",152.4,115 lbs / 52.16 kg,52.16,Saekson Muay Thai,full/f4c076902b0c15f809278d21d93f6f6cde5a86c3.jpg,200,300,14.5
67643,Nad Narimani,https://www.sherdog.com/fighter/Nad-Narimani-67643,2026-08-19T03:31:27.188572+00:00,"Apr 14, 1987",1987-04-14,England,"5'8"" / 172.72 cm",172.72,150 lbs / 68.04 kg,68.04,Team Alpha Male,full/440b9fcf5279ae98f01764dc2ba03c3bebf67233.jpg,200,300,15.4
110397,Humberto Bandenay,https://www.sherdog.com/fighter/Humberto-Bandenay-110397,2026-08-19T03:31:27.191453+00:00,"Sep 4, 1994",1994-09-04,Peru,"5'11"" / 180.34 cm",180.34,145 lbs / 65.77 kg,65.77,El Dogo Training Center,full/902643b4f86f39fa38030c913767e1198b70b5ee.jpg,200,300,17.9
323519,Windri Patilima,https://www.sherdog.com/fighter/Windri-Patilima-323519,2026-08-19T03:31:27.195009+00:00,"Jul 19, 1993",1993-07-19,Indonesia,"5'6"" / 167.64 cm",167.64,170 lbs / 77.11 kg,77.11,TCW Fighting Camp,full/2fd5a561029efbd1eeb83cdd0bf2c3fe6e708a05.jpg,200,300,11.6
325247,Jae Hyun Park,https://www.sherdog.com/fighter/Jae-Hyun-Park-325247,2026-08-19T03:31:27.197121+00:00,"Dec 10, 2001",2001-12-10,South Korea,"5'10"" / 177.8 cm",177.8,156 lbs / 70.76 kg,70.76,Korean Zombie MMA,full/48f8304a6cddd057d4c4b4ffbe8039e8b76baa47.jpg,200,300,13.6
175799,Montserrat Ruiz,https://www.sherdog.com/fighter/Montserrat-Ruiz-175799,2026-08-19T03:31:27.200065+00:00,"Feb 3, 1993",1993-02-03,Mexico,"5'0"" / 152.4 cm",152.4,115 lbs / 52.16 kg,52.16,Kings MMA,full/3592982349db0cb47eb164afb08ccb06af173ef4.jpg,200,300,9.3
413126,Cong Wang,https://www.sherdog.com/fighter/Cong-Wang-413126,2026-08-19T03:31:27.204788+00:00,"May 15, 1992",1992-05-15,China,"5'7"" / 170.18 cm",170.18,125 lbs / 56.7 kg,56.7,,full/278ddfeda4a70d302026363dc1daac07360bdd5e.jpg,200,300,12.3
271495,Hailey Cowan,https://www.sherdog.com/fighter/Hailey-Cowan-271495,2026-08-19T03:31:27.207834+00:00,"Feb 12, 1992",1992-02-12,United States,"5'8"" / 172.72 cm",172.72,136 lbs / 61.69 kg,61.69,Blitz MMA,full/1786143e98d93ea43a59beb88c2d845ed0d05394.jpg,200,300,12.8
331333,Ivana Petrovic,https://www.sherdog.com/fighter/Ivana-Petrovic-331333,2026-08-19T03:31:27.210613+00:00,"Jun 11, 1994",1994-06-11,Norway,"5'8"" / 172.72 cm",172.72,125 lbs / 56.7 kg,56.7,Valhall Gym,full/5276a6d4e76d94fa9eacd94097417800cb4ad4b1.jpg,200,300,16.7
280807,Tereza Bleda,https://www.sherdog.com/fighter/Tereza-Bleda-280807,2026-08-19T03:31:27.213442+00:00,"Nov 30, 2001",2001-11-30,Czech Republic,"5'9"" / 175.26 cm",175.26,125 lbs / 56.7 kg,56.7,Reinders MMA,full/a080a063721d2fc6d9b6a54d84a0f472ece74222.jpg,200,300,19.4
86651,Don Madge,https://www.sherdog.com/fighter/Don-Madge-86651,2026-08-19T03:31:27.215984+00:00,"Nov 12, 1990",1990-11-12,South Africa,"6'0"" / 182.88 cm",182.88,170 lbs / 77.11 kg,77.11,FightFit Militia,full/12a0bf0087ad05feda70e1dd88fd69789a766e33.jpg,200,300,16.0
148537,Gabriel Macario,https://www.sherdog.com/fighter/Gabriel-Macario-148537,2026-08-19T03:31:27.218558+00:00,"Jun 28, 1993",1993-06-28,Brazil,"5'9"" / 175.26 cm",175.26,145 lbs / 65.77 kg,65.77,4oz. Fight Club,full/162e1361471b95a63db03ec1164cb5f3220c4cdc.jpg,200,300,11.8
57423,Carl Deaton,https://www.sherdog.com/fighter/Carl-Deaton-57423,2026-08-19T03:31:27.220991+00:00,"Nov 24, 1989",1989-11-24,United States,"5'6"" / 167.64 cm",167.64,155 lbs / 70.31 kg,70.31,The Academy MN,full/f7e3c9aeae65adbd640ced2c34a0a8614edfd620.jpg,200,300,15.0
66876,Jodie Esquibel,https://www.sherdog.com/fighter/Jodie-Esquibel-66876,2026-08-19T03:31:27.223887+00:00,"May 7, 1986",1986-05-07,United States,"5'1"" / 154.94 cm",154.94,116 lbs / 52.62 kg,52.62,Jackson-Wink MMA,full/db01bfb3ecbafcbf3f2471603bf949565bd8bb90.jpg,200,300,16.6
68959,Emily Kagan,https://www.sherdog.com/fighter/Emily-Kagan-68959,2026-08-19T03:31:27.226612+00:00,"Jul 14, 1981",1981-07-14,United States,"5'3"" / 160.02 cm",160.02,115 lbs / 52.16 kg,52.16,Jackson-Wink MMA,full/55ecfcd4decb277d3aebb0f1a95a507649e60f93.jpg,200,300,13.3
128633,Chanmi Jeon,https://www.sherdog.com/fighter/Chanmi-Jeon-128633,2026-08-19T03:31:27.229185+00:00,"Aug 28, 1997",1997-08-28,South Korea,"5'5"" / 165.1 cm",165.1,125 lbs / 56.7 kg,56.7,Busan Team MAD,full/1e47a7b0c2762d90eec4afd276ac3ba9e1dd08f1.jpg,200,300,11.3
159987,Lanchana Green,https://www.sherdog.com/fighter/Lanchana-Green-159987,2026-08-19T03:31:27.231402+00:00,"Jun 25, 1989",1989-06-25,England,"5'4"" / 162.56 cm",162.56,115 lbs / 52.16 kg,52.16,The Lab Darlington,full/a032f78fbf79005bf5cd546664907af1a7142b2e.jpg,200,300,12.9
161107,Tatiana Suarez,https://www.sherdog.com/fighter/Tatiana-Suarez-161107,2026-08-19T03:31:27.237033+00:00,"Dec 19, 1990",1990-12-19,United States,"5'5"" / 165.1 cm",165.1,115 lbs / 52.16 kg,52.16,Millennia MMA,full/a7438774d72fcdab37c159095f439c385b272a7a.jpg,200,300,13.6
67894,Robert Drysdale,https://www.sherdog.com/fighter/Robert-Drysdale-67894,2026-08-19T03:31:27.240938+00:00,"Oct 5, 1981",1981-10-05,United States,"6'3"" / 190.5 cm",190.5,205 lbs / 92.99 kg,92.99,Drysdale Jiu-Jitsu,full/76e6116d22219158f7724b5079f19e424dc5c2c0.jpg,200,300,12.3
10093,Julie Kedzie,https://www.sherdog.com/fighter/Julie-Kedzie-10093,2026-08-19T03:31:27.243122+00:00,"Mar 18, 1981",1981-03-18,United States,"5'5"" / 165.1 cm",165.1,135 lbs / 61.23 kg,61.23,Jackson-Wink MMA,full/3e6b861b9d6f0a7fd8867d6d4c32698fa7ec4b97.jpg,200,300,13.0
71307,Jessamyn Duke,https://www.sherdog.com/fighter/Jessamyn-Duke-71307,2026-08-19T03:31:27.249341+00:00,"Jun 24, 1986",1986-06-24,United States,"5'11"" / 180.34 cm",180.34,136 lbs / 61.69 kg,61.69,UWF USA,full/ef20abcf38ed4c7e5d1eab1e9adaeae590cd4098.jpg,200,300,13.4
12116,Shayna Baszler,https://www.sherdog.com/fighter/Shayna-Baszler-12116,2026-08-19T03:31:27.252809+00:00,"Aug 8, 1980",1980-08-08,United States,"5'7"" / 170.18 cm",170.18,153 lbs / 69.4 kg,69.4,UWF USA,full/c2ff1b779ec59c6023056d20ea33d795ca8c0aaf.jpg,200,300,13.7
73073,Ronda Rousey,https://www.sherdog.com/fighter/Ronda-Rousey-73073,2026-08-19T03:31:27.256137+00:00,"Feb 1, 1987",1987-02-01,United States,"5'6"" / 167.64 cm",167.64,142 lbs / 64.41 kg,64.41,Team Hayastan,full/d2c955fd47ad8edac6c39b841419fecf687bf778.jpg,200,300,21.4
61266,Marion Reneau,https://www.sherdog.com/fighter/Marion-Reneau-61266,2026-08-19T03:31:27.259532+00:00,"Jun 20, 1977",1977-06-20,United States,"5'6"" / 167.64 cm",167.64,135 lbs / 61.23 kg,61.23,Elite Team,full/355f5555f63eb770adf6c23a7a2fef057636e847.jpg,200,300,13.7
770,Jeff Curran,https://www.sherdog.com/fighter/Jeff-Curran-770,2026-08-19T03:31:27.263485+00:00,"Sep 2, 1977",1977-09-02,United States,"5'6"" / 167.64 cm",167.64,135 lbs / 61.23 kg,61.23,Team Curran,full/4fe08bdc96d9f3647e2bfc63b32d15cd2bdd8822.jpg,200,300,15.0
5185,Manny Gamburyan,https://www.sherdog.com/fighter/Manny-Gamburyan-5185,2026-08-19T03:31:27.267478+00:00,"May 8, 1981",1981-05-08,United States,"5'5"" / 165.1 cm",165.1,135 lbs / 61.23 kg,61.23,Team Hayastan,full/4e397a753113b1aa213f074df4207d0e0aec80f9.jpg,200,300,19.1
136139,Matthew Lopez,https://www.sherdog.com/fighter/Matthew-Lopez-136139,2026-08-19T03:31:27.272462+00:00,"Jan 21, 1987",1987-01-21,United States,"5'7"" / 170.18 cm",170.18,135 lbs / 61.23 kg,61.23,Genesis Training Center,full/ba27b83c57f303ee1a93a1dd576547c0c24cf4b8.jpg,200,300,22.5
2651,Jeremy Jackson,https://www.sherdog.com/fighter/Jeremy-Jackson-2651,2026-08-19T03:31:27.275400+00:00,"Sep 19, 1982",1982-09-19,United States,"5'10"" / 177.8 cm",177.8,170 lbs / 77.11 kg,77.11,Team Freedom,full/21d3b609002ea8eca400e34fca805049815e5236.jpg,200,300,13.8
5153,Karo Parisyan,https://www.sherdog.com/fighter/Karo-Parisyan-5153,2026-08-19T03:31:27.277816+00:00,"Aug 28, 1982",1982-08-28,United States,"5'10"" / 177.8 cm",177.8,169 lbs / 76.66 kg,76.66,,full/db75a04012bc2e469b835f0def87038f32a1da68.jpg,200,300,14.8
725,Drew Fickett,https://www.sherdog.com/fighter/Drew-Fickett-725,2026-08-19T03:31:27.282328+00:00,"Dec 24, 1979",1979-12-24,United States,"5'10"" / 177.8 cm",177.8,151 lbs / 68.49 kg,68.49,Team Scrub,full/db4bca0c1d336afdb780fa5e51e11585c1aba393.jpg,200,300,10.9
249,Koji Oishi,https://www.sherdog.com/fighter/Koji-Oishi-249,2026-08-19T03:31:27.287014+00:00,"May 31, 1977",1977-05-31,Japan,"5'8"" / 172.72 cm",172.72,145 lbs / 65.77 kg,65.77,PANCRASEism,full/459c96371825830fc0e68dea813f2e7d69d1abb1.jpg,200,300,11.8
4824,Diego Sanchez,https://www.sherdog.com/fighter/Diego-Sanchez-4824,2026-08-19T03:31:27.290417+00:00,"Dec 31, 1981",1981-12-31,United States,"5'10"" / 177.8 cm",177.8,170 lbs / 77.11 kg,77.11,Jackson-Wink MMA,full/5c7826894a0d2794c7f5476c715f4663eeabb20d.jpg,200,300,18.3
2765,Joe Riggs,https://www.sherdog.com/fighter/Joe-Riggs-2765,2026-08-19T03:31:27.298415+00:00,"Sep 23, 1982",1982-09-23,United States,"6'0"" / 182.88 cm",182.88,170 lbs / 77.11 kg,77.11,Soul Fighters,full/b0661bafde241dcbdc440799ec9b905b7099cd1a.jpg,200,300,14.1
277,Sean Sherk,https://www.sherdog.com/fighter/Sean-Sherk-277,2026-08-19T03:31:27.303996+00:00,"Aug 5, 1973",1973-08-05,United States,"5'6"" / 167.64 cm",167.64,155 lbs / 70.31 kg,70.31,The Academy MN,full/7be4fef5756b2a6bff3d587003700dcf1b59c366.jpg,200,300,20.8
9179,Josh Neer,https://www.sherdog.com/fighter/Josh-Neer-9179,2026-08-19T03:31:27.308482+00:00,"Mar 24, 1983",1983-03-24,United States,"5'11"" / 180.34 cm",180.34,170 lbs / 77.11 kg,77.11,Cesar Gracie Fight Team,full/3b9d0cea52222508028c895dd0575a20069b4b39.jpg,200,300,15.8
5993,Gleison Tibau,https://www.sherdog.com/fighter/Gleison-Tibau-5993,2026-08-19T03:31:27.314000+00:00,"Jul 10, 1983",1983-07-10,Brazil,"5'10"" / 177.8 cm",177.8,170 lbs / 77.11 kg,77.11,American Top Team,full/966822cf4bda648d1dd1225c4297815f83c222fb.jpg,200,300,12.0
1307,B.J. Penn,https://www.sherdog.com/fighter/BJ-Penn-1307,2026-08-19T03:31:27.321183+00:00,"Dec 13, 1978",1978-12-13,United States,"5'9"" / 175.26 cm",175.26,145 lbs / 65.77 kg,65.77,BJ Penn's MMA,full/d8923fb4a9633662a8b9ebc6ccdbcd75dfab839e.jpg,200,300,16.5
6765,Carlos Condit,https://www.sherdog.com/fighter/Carlos-Condit-6765,2026-08-19T03:31:27.327236+00:00,"Apr 26, 1984",1984-04-26,United States,"6'1"" / 185.42 cm",185.42,170 lbs / 77.11 kg,77.11,Jackson-Wink MMA,full/1accf2d7ca6ae317c521af8842aac22c4461990b.jpg,200,300,18.2
3500,Georges St. Pierre,https://www.sherdog.com/fighter/Georges-St-Pierre-3500,2026-08-19T03:31:27.332851+00:00,"May 19, 1981",1981-05-19,Canada,"5'10"" / 177.8 cm",177.8,170 lbs / 77.11 kg,77.11,Tristar Gym,full/58bfefd6eede06c94d3a3208b21148cab7533607.jpg,200,300,12.3
1356,Anderson Silva,https://www.sherdog.com/fighter/Anderson-Silva-1356,2026-08-19T03:31:27.338130+00:00,"Apr 14, 1975",1975-04-14,Brazil,"6'2"" / 187.96 cm",187.96,185 lbs / 83.91 kg,83.91,Team Nogueira,full/9979c144a64adbd976c517cd69e8158c87ff5429.jpg,200,300,16.7
60258,Adam Milstead,https://www.sherdog.com/fighter/Adam-Milstead-60258,2026-08-19T03:31:27.344469+00:00,"Jul 3, 1987",1987-07-03,United States,"6'3"" / 190.5 cm",190.5,205 lbs / 92.99 kg,92.99,Pittsburgh Fight Club,full/2db79a8b63d56343a98b5f1e221a393e84780160.jpg,200,300,10.8
6561,Ed Herman,https://www.sherdog.com/fighter/Ed-Herman-6561,2026-08-19T03:31:27.349225+00:00,"Oct 2, 1980",1980-10-02,United States,"6'2"" / 187.96 cm",187.96,205 lbs / 92.99 kg,92.99,American Top Team Portland,full/b94bb4754aece3288c742ae0741484d7c9f37851.jpg,200,300,13.2
265067,Khadis Ibragimov,https://www.sherdog.com/fighter/Khadis-Ibragimov-265067,2026-08-19T03:32:55.270450+00:00,"May 21, 1995",1995-05-21,Russia,"6'2"" / 187.96 cm",187.96,266 lbs / 120.66 kg,120.66,Sambo Piter,full/baa8ee70fe341eaacd757a2082aa026899fe2d23.jpg,200,300,17.4
1306,Joey Gilbert,https://www.sherdog.com/fighter/Joey-Gilbert-1306,2026-08-19T03:32:55.275395+00:00,"Apr 14, 1970",1970-04-14,United States,"5'5"" / 165.1 cm",165.1,154 lbs / 69.85 kg,69.85,Gilbert Grappling,,,,
4441,Paul Creighton,https://www.sherdog.com/fighter/Paul-Creighton-4441,2026-08-19T03:32:55.277706+00:00,"Jul 4, 1970",1970-07-04,United States,"5'6"" / 167.64 cm",167.64,155 lbs / 70.31 kg,70.31,Renzo Gracie Jiu-Jitsu,full/c4ff95c22ce3d79d27db0d730527ae74d850fe35.jpg,200,300,8.2
886,Brian Gassaway,https://www.sherdog.com/fighter/Brian-Gassaway-886,2026-08-19T03:32:55.280123+00:00,"Aug 7, 1972",1972-08-07,United States,"6'0"" / 182.88 cm",182.88,171 lbs / 77.56 kg,77.56,,full/1783dbb6eb11f7589b7a7716bdcd5621486566f7.jpg,200,300,17.9
47948,Craig White,https://www.sherdog.com/fighter/Craig-White-47948,2026-08-19T03:32:55.284372+00:00,"Jul 1, 1990",1990-07-01,England,"6'2"" / 187.96 cm",187.96,170 lbs / 77.11 kg,77.11,Team Lionheart,full/3d3c12826b67e96fbea0e6b0aef002c269593751.jpg,200,300,12.4
615,Dave Strasser,https://www.sherdog.com/fighter/Dave-Strasser-615,2026-08-19T03:32:55.287632+00:00,"Jul 13, 1969",1969-07-13,United States,"5'10"" / 177.8 cm",177.8,167 lbs / 75.75 kg,75.75,Freestyle Academy,full/9a2fe7055e03204cd7323ad6e7314b6fd42eac6f.jpg,200,300,14.1
11880,Noah Thomas,https://www.sherdog.com/fighter/Noah-Thomas-11880,2026-08-19T03:32:55.291877+00:00,"Mar 27, 1981",1981-03-27,United States,"5'9"" / 175.26 cm",175.26,155 lbs / 70.31 kg,70.31,,full/b6daa6e9a586a4ed037a06e65bc3b5e2f6d9e550.jpg,200,300,13.8
9785,Jeff Cox,https://www.sherdog.com/fighter/Jeff-Cox-9785,2026-08-19T03:32:55.294712+00:00,"Aug 2, 1968",1968-08-02,United States,"5'10"" / 177.8 cm",177.8,155 lbs / 70.31 kg,70.31,Strong Style Fight Team,full/670c629b469994b5ca6607195183cd36d5aaa304.jpg,200,300,10.7
43885,Milana Dudieva,https://www.sherdog.com/fighter/Milana-Dudieva-43885,2026-08-19T03:32:55.297288+00:00,"Apr 8, 1989",1989-04-08,Russia,"5'5"" / 165.1 cm",165.1,126 lbs / 57.15 kg,57.15,Peresvet Fight Team,full/ad75d5f05c17ad981e58355654861d69486fcdae.jpg,200,300,11.9
49412,Yana Santos,https://www.sherdog.com/fighter/Yana-Santos-49412,2026-08-19T03:32:55.301189+00:00,"Nov 11, 1989",1989-11-11,Russia,"5'8"" / 172.72 cm",172.72,135 lbs / 61.23 kg,61.23,American Top Team,full/eaf26aa76c693f6557f77b8f63ffcac76711d9b4.jpg,200,300,14.1
67007,Liz Carmouche,https://www.sherdog.com/fighter/Liz-Carmouche-67007,2026-08-19T03:32:55.305413+00:00,"Feb 19, 1984",1984-02-19,United States,"5'6"" / 167.64 cm",167.64,125 lbs / 56.7 kg,56.7,The Arena,full/102d33b9e17476e5492624ac5febc1d1405806f4.jpg,200,300,14.3
33932,Cat Zingano,https://www.sherdog.com/fighter/Cat-Zingano-33932,2026-08-19T03:32:55.309555+00:00,"Jul 1, 1982",1982-07-01,United States,"5'6"" / 167.64 cm",167.64,145 lbs / 65.77 kg,65.77,Zingano Brazilian Jiu-Jitsu,full/27f69a3fd4182d79bcfbe47897069dd06b387161.jpg,200,300,9.3
50014,Colleen Schneider,https://www.sherdog.com/fighter/Colleen-Schneider-50014,2026-08-19T03:32:55.312913+00:00,"Mar 12, 1982",1982-03-12,United States,"5'9"" / 175.26 cm",175.26,132 lbs / 59.87 kg,59.87,CMMA,full/b5eeb8d710b191ecb5126cc3c4a77aa6220bf9f1.jpg,200,300,17.2
130753,Laura Howarth,https://www.sherdog.com/fighter/Laura-Howarth-130753,2026-08-19T03:32:55.315499+00:00,"Jul 6, 1987",1987-07-06,England,"5'4"" / 162.56 cm",162.56,135 lbs / 61.23 kg,61.23,Gym01,full/e88a4ddd71394d9fd39d5cb8501444b961495318.jpg,200,300,16.5
46542,Leslie Smith,https://www.sherdog.com/fighter/Leslie-Smith-46542,2026-08-19T03:32:55.317587+00:00,"Aug 17, 1982",1982-08-17,United States,"5'9"" / 175.26 cm",175.26,145 lbs / 65.77 kg,65.77,Cesar Gracie Fight Team,full/9d76a3fb1796f949f4d0fef30e55f37e28da1422.jpg,200,300,13.5
83021,Elizabeth Phillips,https://www.sherdog.com/fighter/Elizabeth-Phillips-83021,2026-08-19T03:32:55.323171+00:00,"Aug 20, 1986",1986-08-20,United States,"5'6"" / 167.64 cm",167.64,135 lbs / 61.23 kg,61.23,SikJitsu,full/c77f96904be192f31f93cd7a52c7bda5b4a65df3.jpg,200,300,17.8
136367,Viviane Pereira,https://www.sherdog.com/fighter/Viviane-Pereira-136367,2026-08-19T03:32:55.326136+00:00,"Aug 28, 1993",1993-08-28,Brazil,"5'0"" / 152.4 cm",152.4,145 lbs / 65.77 kg,65.77,Astra Fight Team,full/f5668eeabf465b5d08e048e0b25799105c970dd9.jpg,200,300,10.0
41745,Germaine de Randamie,https://www.sherdog.com/fighter/Germaine-de-Randamie-41745,2026-08-19T03:32:55.329059+00:00,"Apr 24, 1984",1984-04-24,Netherlands,"5'9"" / 175.26 cm",175.26,135 lbs / 61.23 kg,61.23,American Kickboxing Academy,full/ae4ca8ddfa9661fcbe2858af069f659b89e4ab62.jpg,200,300,12.6
136035,Helen Harper,https://www.sherdog.com/fighter/Helen-Harper-136035,2026-08-19T03:32:55.332564+00:00,"May 5, 1987",1987-05-05,England,"5'1"" / 154.94 cm",154.94,115 lbs / 52.16 kg,52.16,Andy Roberts BJJ,full/7d965763e4b029d97723f5d21d841fcc51adf94a.jpg,200,300,16.4
117571,Hannah Cifers,https://www.sherdog.com/fighter/Hannah-Cifers-117571,2026-08-19T03:32:55.334665+00:00,"Jun 26, 1992",1992-06-26,United States,"5'1"" / 154.94 cm",154.94,115 lbs / 52.16 kg,52.16,Embrace Martial Arts,full/f6b9de3ac97768851fc1a377ae1a1d56e44ef7c1.jpg,200,300,9.6
367103,Nora Cornolle,https://www.sherdog.com/fighter/Nora-Cornolle-367103,2026-08-19T03:32:55.337948+00:00,"Dec 6, 1989",1989-12-06,France,"5'7"" / 170.18 cm",170.18,135 lbs / 61.23 kg,61.23,Team Cornolle,full/5d98513da1e70aaedc8d3330011b6ecee36ac15f.jpg,200,300,14.2
433004,Alice Pereira,https://www.sherdog.com/fighter/Alice-Pereira-433004,2026-08-19T03:32:55.340958+00:00,"Dec 20, 2005",2005-12-20,Brazil,"5'8"" / 172.72 cm",172.72,135 lbs / 61.23 kg,61.23,Life Martial Arts,full/7db4c7432c8339fade30576d2f5087c4d7f40693.jpg,200,300,9.7
399822,Nina Nikolija Milosevic,https://www.sherdog.com/fighter/Nina-Nikolija-Milosevic-399822,2026-08-19T03:32:55.343254+00:00,"Aug 8, 1996",1996-08-08,Serbia,"5'5"" / 165.1 cm",165.1,135 lbs / 61.23 kg,61.23,Family Fight Team,full/ff8a4e73244c82054e0124111e88f7144e9398c5.jpg,200,300,11.1
232327,Gabriella Fernandes,https://www.sherdog.com/fighter/Gabriella-Fernandes-232327,2026-08-19T03:32:55.347413+00:00,"Aug 13, 1993",1993-08-13,Brazil,"5'6"" / 167.64 cm",167.64,125 lbs / 56.7 kg,56.7,MMA Masters,full/12e7287626113567054898b2fa197cf021898efc.jpg,200,300,10.6
182855,Bruna Brasil,https://www.sherdog.com/fighter/Bruna-Brasil-182855,2026-08-19T03:32:55.350470+00:00,"Sep 7, 1993",1993-09-07,Brazil,"5'6"" / 167.64 cm",167.64,116 lbs / 52.62 kg,52.62,Insanis MMA 013,full/299bf93d553eb0c0b4f9d6f4d475541a8e2952f4.jpg,200,300,16.7
375210,Jaqueline Amorim,https://www.sherdog.com/fighter/Jaqueline-Amorim-375210,2026-08-19T03:32:55.353877+00:00,"Jun 24, 1995",1995-06-24,Brazil,"5'3"" / 160.02 cm",160.02,116 lbs / 52.62 kg,52.62,American Top Team,full/38659cd559fcd395b5cf73efd2f7c75f36f06376.jpg,200,300,12.1
181889,Alice Ardelean,https://www.sherdog.com/fighter/Alice-Ardelean-181889,2026-08-19T03:32:55.356909+00:00,"Apr 19, 1992",1992-04-19,Romania,"5'3"" / 160.02 cm",160.02,115 lbs / 52.16 kg,52.16,Fearless MMA,full/e1d9b44384443665743b62cd8ca4662286fe2301.jpg,200,300,8.3
84392,Jack Becker,https://www.sherdog.com/fighter/Jack-Becker-84392,2026-08-19T03:32:55.359946+00:00,"Dec 20, 1992",1992-12-20,Australia,"5'10"" / 177.8 cm",177.8,156 lbs / 70.76 kg,70.76,Tristar Gym,full/b0783e39dfe1759f62d6754af2be399771f3514f.jpg,200,300,12.3
305329,Dom Mar Fan,https://www.sherdog.com/fighter/Dom-Mar-Fan-305329,2026-08-19T03:32:55.363140+00:00,"Mar 19, 2000",2000-03-19,Australia,"6'0"" / 182.88 cm",182.88,156 lbs / 70.76 kg,70.76,Team Compton Training Centre,full/0ea8c2c9ba47c4c73e6b01b723c7afc7c68a573f.jpg,200,300,10.2
99699,Martin Bravo,https://www.sherdog.com/fighter/Martin-Bravo-99699,2026-08-19T03:32:55.366137+00:00,"Sep 21, 1993",1993-09-21,Mexico,"5'8"" / 172.72 cm",172.72,146 lbs / 66.22 kg,66.22,Entram Gym,full/e609e55127bf1a676414d47d4bd8acaa63513b3e.jpg,200,300,10.9
202081,Luiz Eduardo Garagorri,https://www.sherdog.com/fighter/Luiz-Eduardo-Garagorri-202081,2026-08-19T03:32:55.442761+00:00,"May 28, 1989",1989-05-28,Uruguay,"5'10"" / 177.8 cm",177.8,145 lbs / 65.77 kg,65.77,Fronteira Fight Team,full/8715f1486f7bf612be55a316934a2bb2e06f4026.jpg,200,300,11.5
198055,Melinda Fabian,https://www.sherdog.com/fighter/Melinda-Fabian-198055,2026-08-19T03:32:55.445679+00:00,"Jun 25, 1987",1987-06-25,Hungary,"5'6"" / 167.64 cm",167.64,125 lbs / 56.7 kg,56.7,Budapest Top Team,full/be48130633abee7a6d8041f46a6099e1f678dbca.jpg,200,300,11.4
41484,Barb Honchak,https://www.sherdog.com/fighter/Barb-Honchak-41484,2026-08-19T03:32:55.448239+00:00,"Aug 30, 1979",1979-08-30,United States,"5'4"" / 162.56 cm",162.56,124 lbs / 56.25 kg,56.25,Miletich Fighting Systems,full/77e57688b53e003e6979c2dfba5cfdbfb372337d.jpg,200,300,20.4
180823,Karine Gevorgyan,https://www.sherdog.com/fighter/Karine-Gevorgyan-180823,2026-08-19T03:32:55.451389+00:00,"Mar 9, 1989",1989-03-09,Armenia,"5'4"" / 162.56 cm",162.56,130 lbs / 58.97 kg,58.97,Professional Armfighting Federation,full/a2593d39e8cfb8df2faba0b2d0bf9c3fcc3bac6d.jpg,200,300,14.8
84910,Mads Burnell,https://www.sherdog.com/fighter/Mads-Burnell-84910,2026-08-19T03:32:55.453589+00:00,"Mar 6, 1994",1994-03-06,Denmark,"5'8"" / 172.72 cm",172.72,155 lbs / 70.31 kg,70.31,Arte Suave Copenhagen,full/9fdcf67380838e0aecfa3a9bd3cf0fa79c08c606.jpg,200,300,13.1
67967,Andre Soukhamthath,https://www.sherdog.com/fighter/Andre-Soukhamthath-67967,2026-08-19T03:32:55.456775+00:00,"Oct 23, 1988",1988-10-23,United States,"5'9"" / 175.26 cm",175.26,135 lbs / 61.23 kg,61.23,Combat Club,full/e691d22a8cbea26c25f3794d8069d80c56c0bc29.jpg,200,300,13.9
92891,Brett Johns,https://www.sherdog.com/fighter/Brett-Johns-92891,2026-08-19T03:32:55.460275+00:00,"Feb 21, 1992",1992-02-21,Wales,"5'7"" / 170.18 cm",170.18,145 lbs / 65.77 kg,65.77,Chris Rees Academy,full/47c49245117cf793e13048007d270f08e4fc936f.jpg,200,300,14.0
205313,Daniel Marcos,https://www.sherdog.com/fighter/Daniel-Marcos-205313,2026-08-19T03:32:55.463870+00:00,"Mar 7, 1993",1993-03-07,Peru,"5'7"" / 170.18 cm",170.18,135 lbs / 61.23 kg,61.23,Los Perros Sarnosos,full/70a6a132c9d04f55ec70e9a867ab3487889b12a5.jpg,200,300,17.9
200413,Sasha Palatnikov,https://www.sherdog.com/fighter/Sasha-Palatnikov-200413,2026-08-19T03:32:55.467293+00:00,"Mar 15, 1989",1989-03-15,Hong Kong,"6'0"" / 182.88 cm",182.88,170 lbs / 77.11 kg,77.11,Warrior Academy,full/19d8be1f3919efe9818df2fcbd63f084fef39ab0.jpg,200,300,6.9
53300,Anthony Birchak,https://www.sherdog.com/fighter/Anthony-Birchak-53300,2026-08-19T03:32:55.469807+00:00,"May 16, 1986",1986-05-16,United States,"5'8"" / 172.72 cm",172.72,155 lbs / 70.31 kg,70.31,Luta Elite MMA,full/8468822374d68ebc5acb7fff8992a9bb7f2e54d4.jpg,200,300,15.4
49840,Christina Marks,https://www.sherdog.com/fighter/Christina-Marks-49840,2026-08-19T03:32:55.473134+00:00,"Nov 9, 1985",1985-11-09,United States,"5'7"" / 170.18 cm",170.18,125 lbs / 56.7 kg,56.7,Fight Ugly,full/b38922d16802965349de2f1ea96cce6edee935e8.jpg,200,300,15.7
85597,Jamie Moyle,https://www.sherdog.com/fighter/Jamie-Moyle-85597,2026-08-19T03:32:55.475740+00:00,"Mar 17, 1989",1989-03-17,United States,"5'1"" / 154.94 cm",154.94,125 lbs / 56.7 kg,56.7,Team Alpha Male,full/035e7836a61f52ae99366283a8048d3cb34c58bc.jpg,200,300,17.2
144949,Aleksandra Albu,https://www.sherdog.com/fighter/Aleksandra-Albu-144949,2026-08-19T03:32:55.478435+00:00,"Jul 14, 1990",1990-07-14,Russia,"5'2"" / 157.48 cm",157.48,115 lbs / 52.16 kg,52.16,Red Fury Fight Team,full/3d619670d13f95b00868bdcf0a3270db0ba9f4e6.jpg,200,300,15.0
86474,Abubakar Nurmagomedov,https://www.sherdog.com/fighter/Abubakar-Nurmagomedov-86474,2026-08-19T03:32:55.480816+00:00,"Nov 13, 1989",1989-11-13,Russia,"5'11"" / 180.34 cm",180.34,170 lbs / 77.11 kg,77.11,Fightspirit Team,full/af8e04a18043843a9ef304e93e2b38cad95025bc.jpg,200,300,14.5
255313,Vitor Petrino,https://www.sherdog.com/fighter/Vitor-Petrino-255313,2026-08-19T03:32:55.483807+00:00,"Aug 28, 1997",1997-08-28,Brazil,"6'3"" / 190.5 cm",190.5,250 lbs / 113.4 kg,113.4,CM System,full/2cc60e3b2fac14dfc89339e412308bb0f628acd1.jpg,200,300,12.6
344561,Raffael Cerqueira,https://www.sherdog.com/fighter/Raffael-Cerqueira-344561,2026-08-19T03:32:55.487963+00:00,"Mar 15, 1990",1990-03-15,Brazil,"6'3"" / 190.5 cm",190.5,205 lbs / 92.99 kg,92.99,CTJ Judo & Jiu-Jitsu,full/cd6a3bda91625bbf4ad7bf1609788ee778924832.jpg,200,300,12.8
270755,Christian Edwards,https://www.sherdog.com/fighter/Christian-Edwards-270755,2026-08-19T03:32:55.491003+00:00,"Nov 5, 1998",1998-11-05,United States,"6'5"" / 195.58 cm",195.58,205 lbs / 92.99 kg,92.99,Jackson-Wink MMA,full/7072d06f443fd76d6e639994eb88220670aa3cf7.jpg,200,300,10.4
278793,Mitch Raposo,https://www.sherdog.com/fighter/Mitch-Raposo-278793,2026-08-19T03:32:55.493517+00:00,"Oct 16, 1998",1998-10-16,United States,"5'5"" / 165.1 cm",165.1,125 lbs / 56.7 kg,56.7,Regiment Training Center,full/11d6c3fd9899ef6d7e8fed7b7450b50aea610373.jpg,200,300,14.4
15393,Wendell de Oliveira Marques,https://www.sherdog.com/fighter/Wendell-de-Oliveira-Marques-15393,2026-08-19T03:32:55.496611+00:00,"Jun 1, 1983",1983-06-01,Brazil,"5'11"" / 180.34 cm",180.34,170 lbs / 77.11 kg,77.11,War Machine,full/44300496794cc0865fb37f1f6837319c62ffe184.jpg,200,300,14.1
55449,Jessin Ayari,https://www.sherdog.com/fighter/Jessin-Ayari-55449,2026-08-19T03:32:55.502680+00:00,"May 31, 1992",1992-05-31,Germany,"6'0"" / 182.88 cm",182.88,170 lbs / 77.11 kg,77.11,Hammers Team,full/3a305d569a921ceb27fed8726d6dc21e5c2b3ad9.jpg,200,300,9.3
377310,Paula Luna,https://www.sherdog.com/fighter/Paula-Luna-377310,2026-08-19T03:32:55.345500+00:00,"May 7, 1999",1999-05-07,Peru,"5'3"" / 160.02 cm",160.02,115 lbs / 52.16 kg,52.16,Capone BJJ,full/6db45930ef23f89c8f611a3e1a7487739687dfa7.jpg,200,300,18.9
257699,Azat Maksum,https://www.sherdog.com/fighter/Azat-Maksum-257699,2026-08-19T03:50:00.887437+00:00,"May 7, 1995",1995-05-07,Kazakhstan,"5'8"" / 172.72 cm",172.72,125 lbs / 56.7 kg,56.7,Octagon Fight Team,full/672927a86f9740e3eb5f77c0dc61cd01a543b6bc.jpg,200,300,17.4
247071,Ibo Aslan,https://www.sherdog.com/fighter/Ibo-Aslan-247071,2026-08-19T03:50:00.892047+00:00,"Apr 23, 1996",1996-04-23,Turkey,"6'3"" / 190.5 cm",190.5,205 lbs / 92.99 kg,92.99,Gym 23,full/3575b03b3c5405fbffd34f9ca353188c3ec1d22f.jpg,200,300,11.2
366067,Julius Walker,https://www.sherdog.com/fighter/Julius-Walker-366067,2026-08-19T03:50:00.895934+00:00,"Jul 16, 1999",1999-07-16,United States,"6'4"" / 193.04 cm",193.04,205 lbs / 92.99 kg,92.99,Team Fusion,full/0d9a5b4c99288f1319d6a5a81ae062824995a443.jpg,200,300,17.1
395509,Abdul-Rakhman Yakhyaev,https://www.sherdog.com/fighter/AbdulRakhman-Yakhyaev-395509,2026-08-19T03:50:00.899148+00:00,"Jan 3, 2001",2001-01-03,Turkey,"6'2"" / 187.96 cm",187.96,205 lbs / 92.99 kg,92.99,Nuremberg MMA,full/b1654f0c4ca73c175441c730511c7be5783b9115.jpg,200,300,17.1
249439,Austen Lane,https://www.sherdog.com/fighter/Austen-Lane-249439,2026-08-19T03:50:00.903089+00:00,"Nov 9, 1987",1987-11-09,United States,"6'6"" / 198.12 cm",198.12,245 lbs / 111.13 kg,111.13,Bulldog Boxing,full/a41d062bc0bb2d56eea8c0f1131d699c3dea13a7.jpg,200,300,10.5
287525,Thomas Petersen,https://www.sherdog.com/fighter/Thomas-Petersen-287525,2026-08-19T03:50:00.906753+00:00,"Mar 30, 1995",1995-03-30,United States,"6'1"" / 185.42 cm",185.42,245 lbs / 111.13 kg,111.13,Spartan MMA,full/28adfbc16c6a670572960ab51e286c03143bdd5c.jpg,200,300,16.5
407940,Steven Asplund,https://www.sherdog.com/fighter/Steven-Asplund-407940,2026-08-19T03:50:00.909996+00:00,"Jul 16, 1998",1998-07-16,United States,"6'5"" / 195.58 cm",195.58,264 lbs / 119.75 kg,119.75,McCune's Martial Arts,full/5a71b7b19631e681f2d2805e3600784045c67d6f.jpg,200,300,21.5
122349,Izabela Badurek,https://www.sherdog.com/fighter/Izabela-Badurek-122349,2026-08-19T03:50:00.912735+00:00,"Jul 11, 1991",1991-07-11,Poland,"5'4"" / 162.56 cm",162.56,125 lbs / 56.7 kg,56.7,WCA Fight Team,full/b114bc4d8c18f6cb61c124d3f57ed817067b724c.jpg,200,300,14.6
50588,Ian Entwistle,https://www.sherdog.com/fighter/Ian-Entwistle-50588,2026-08-19T03:50:00.915377+00:00,"Nov 19, 1986",1986-11-19,England,"5'8"" / 172.72 cm",172.72,136 lbs / 61.69 kg,61.69,Apex MMA,full/ad00555b3fd171cce89f39532d765f64e383cb8b.jpg,200,300,11.3
138319,Nicco Montano,https://www.sherdog.com/fighter/Nicco-Montano-138319,2026-08-19T03:50:00.918950+00:00,"Dec 16, 1988",1988-12-16,United States,"5'5"" / 165.1 cm",165.1,125 lbs / 56.7 kg,56.7,Fit NHB,full/e75eb933e9d07d9ff7bc72cfc6592b593a6b7433.jpg,200,300,10.1
75456,DeAnna Bennett,https://www.sherdog.com/fighter/DeAnna-Bennett-75456,2026-08-19T03:50:00.921837+00:00,"Nov 18, 1984",1984-11-18,United States,"5'4"" / 162.56 cm",162.56,127 lbs / 57.61 kg,57.61,Webb Fitness & MMA,full/261fa258fdb62aa4395b7cbf6d2bb114fc61c9ae.jpg,200,300,11.8
403678,Yuji Ephoevi-Ga,https://www.sherdog.com/fighter/Yuji-EphoeviGa-403678,2026-08-19T03:50:00.925032+00:00,"Oct 19, 1999",1999-10-19,Japan,"6'0"" / 182.88 cm",182.88,156 lbs / 70.76 kg,70.76,Tribe Tokyo MMA,full/ac4a4f9d58890f16687e6656e2ec9ec0053a8d7f.jpg,200,300,16.5
361209,Sang Wook Kim,https://www.sherdog.com/fighter/Sang-Wook-Kim-361209,2026-08-19T03:50:00.927371+00:00,"Oct 17, 1993",1993-10-17,South Korea,"6'0"" / 182.88 cm",182.88,171 lbs / 77.56 kg,77.56,Havas MMA,full/2f4ea4b3105eb26a9967963f2ce9a1d38410a2f0.jpg,200,300,9.4
392962,Kody Steele,https://www.sherdog.com/fighter/Kody-Steele-392962,2026-08-19T03:50:00.930328+00:00,"Apr 21, 1995",1995-04-21,United States,"5'9"" / 175.26 cm",175.26,155 lbs / 70.31 kg,70.31,Syndicate MMA,full/5fc3ef645478f8c28a0e2ae5e07749d4ad157047.jpg,200,300,17.2
230789,Rayanne dos Santos,https://www.sherdog.com/fighter/Rayanne-dos-Santos-230789,2026-08-19T03:50:00.933824+00:00,"Jun 8, 1995",1995-06-08,Brazil,"5'3"" / 160.02 cm",160.02,115 lbs / 52.16 kg,52.16,Marajo Brothers,full/1996b960fd5d812e8202cbe46bbfb824ae084417.jpg,200,300,11.7
71390,Mizuki Inoue,https://www.sherdog.com/fighter/Mizuki-Inoue-71390,2026-08-19T03:50:00.937240+00:00,"Aug 19, 1994",1994-08-19,Japan,"5'4"" / 162.56 cm",162.56,115 lbs / 52.16 kg,52.16,Serra-Longo Fight Team,full/4002e3215f407f59f48572264ea0868d8b9ae39f.jpg,200,300,21.3
315165,Shauna Bannon,https://www.sherdog.com/fighter/Shauna-Bannon-315165,2026-08-19T03:50:00.940264+00:00,"Oct 23, 1993",1993-10-23,Ireland,"5'5"" / 165.1 cm",165.1,115 lbs / 52.16 kg,52.16,Holohan Martial Arts,full/27cae4b4b5b4805e08031b340bc599e64aaae7e5.jpg,200,300,12.4
257533,Ming Shi,https://www.sherdog.com/fighter/Ming-Shi-257533,2026-08-19T03:50:00.945034+00:00,"Nov 14, 1994",1994-11-14,China,"5'3"" / 160.02 cm",160.02,115 lbs / 52.16 kg,52.16,China Catch Wrestling,full/d71f75ef3dc95b51a321322a76d0a05a73e775de.jpg,200,300,15.8
272209,Ketlen Souza,https://www.sherdog.com/fighter/Ketlen-Souza-272209,2026-08-19T03:50:00.948181+00:00,"Aug 18, 1994",1994-08-18,Brazil,"5'2"" / 157.48 cm",157.48,115 lbs / 52.16 kg,52.16,Carioca Academy,full/02aed529e3b34d5dc1af059b572a4f9f3db63685.jpg,200,300,11.4
287251,Alexia Thainara,https://www.sherdog.com/fighter/Alexia-Thainara-287251,2026-08-19T03:50:00.951606+00:00,"Nov 20, 1997",1997-11-20,Brazil,"5'4"" / 162.56 cm",162.56,116 lbs / 52.62 kg,52.62,Ribas Family,full/31c0d12f890358c8f8c8ba97ed1881b6a31d4a93.jpg,200,300,24.7
381889,Carli Judice,https://www.sherdog.com/fighter/Carli-Judice-381889,2026-08-19T03:50:00.954357+00:00,"Mar 2, 1999",1999-03-02,United States,"5'7"" / 170.18 cm",170.18,125 lbs / 56.7 kg,56.7,Headkicks MMA,full/35d78d88ee1558dd4b3f44ec7700275579d6c776.jpg,200,300,13.9
392870,Montserrat Rendon,https://www.sherdog.com/fighter/Montserrat-Rendon-392870,2026-08-19T03:50:00.957012+00:00,"Mar 16, 1989",1989-03-16,Mexico,"5'8"" / 172.72 cm",172.72,135 lbs / 61.23 kg,61.23,ECR Fight Center,full/3bfd85458a3b3792c6bb4e2e1f40aa3e6b2811f9.jpg,200,300,15.2
287951,Melissa Mullins,https://www.sherdog.com/fighter/Melissa-Mullins-287951,2026-08-19T03:50:00.959601+00:00,"Jul 23, 1991",1991-07-23,England,"5'7"" / 170.18 cm",170.18,135 lbs / 61.23 kg,61.23,Lions Gym Coventry,full/5c8a00e738cfea405cadd1f8d6e55d9ea4e92373.jpg,200,300,12.4
293351,Jacqueline Cavalcanti,https://www.sherdog.com/fighter/Jacqueline-Cavalcanti-293351,2026-08-19T03:50:00.962499+00:00,"Aug 29, 1997",1997-08-29,Portugal,"5'9"" / 175.26 cm",175.26,135 lbs / 61.23 kg,61.23,Syndicate MMA,full/5b14b3d02dbd10601d9697db70e596ba6def2a27.jpg,200,300,19.7
144115,Larissa Pacheco,https://www.sherdog.com/fighter/Larissa-Pacheco-144115,2026-08-19T03:50:00.965432+00:00,"Sep 7, 1994",1994-09-07,Brazil,"5'8"" / 172.72 cm",172.72,145 lbs / 65.77 kg,65.77,Joao Bastos Team,full/686b2e9e0a2a400bf406c56853fb2e69a76f54e3.jpg,200,300,13.4
21851,Valerie Letourneau,https://www.sherdog.com/fighter/Valerie-Letourneau-21851,2026-08-19T03:50:00.968528+00:00,"Apr 29, 1983",1983-04-29,Canada,"5'7"" / 170.18 cm",170.18,116 lbs / 52.62 kg,52.62,American Top Team,full/ebc3e9154207c2d75f0619fc8da71c6ad6eb192c.jpg,200,300,14.8
16524,Sarah Kaufman,https://www.sherdog.com/fighter/Sarah-Kaufman-16524,2026-08-19T03:50:00.971809+00:00,"Sep 20, 1985",1985-09-20,Canada,"5'5"" / 165.1 cm",165.1,135 lbs / 61.23 kg,61.23,Zugec Ultimate Martial Arts,full/e25536ff6898e35d6f2c58cdc4b9f08ed65ee5e8.jpg,200,300,18.0
18887,Rin Nakai,https://www.sherdog.com/fighter/Rin-Nakai-18887,2026-08-19T03:50:00.974966+00:00,"Oct 22, 1986",1986-10-22,Japan,"5'1"" / 154.94 cm",154.94,124 lbs / 56.25 kg,56.25,Shooto Dojo Shikoku,full/f6afc1a17a69f39b24a4faac99284fb4133ca1ed.jpg,200,300,16.1
149769,Megan Anderson,https://www.sherdog.com/fighter/Megan-Anderson-149769,2026-08-19T03:50:00.977984+00:00,"Feb 11, 1990",1990-02-11,Australia,"6'0"" / 182.88 cm",182.88,145 lbs / 65.77 kg,65.77,Glory MMA & Fitness,full/c997b91f029533f279744122a374fc50e428ac47.jpg,200,300,17.5
14477,Cristiane Justino,https://www.sherdog.com/fighter/Cristiane-Justino-14477,2026-08-19T03:50:00.982428+00:00,"Jul 9, 1985",1985-07-09,Brazil,"5'8"" / 172.72 cm",172.72,145 lbs / 65.77 kg,65.77,Chute Boxe,full/7b44147c2d44c5f5d12d9080aed0568f6baa6ce6.jpg,200,300,13.3
273105,Chelsea Chandler,https://www.sherdog.com/fighter/Chelsea-Chandler-273105,2026-08-19T03:50:00.986257+00:00,"Jan 29, 1994",1994-01-29,United States,"5'8"" / 172.72 cm",172.72,135 lbs / 61.23 kg,61.23,Cesar Gracie Jiu-Jitsu,full/46106ec733e99e9a1dfa036b59cdea50767c1dda.jpg,200,300,12.5
85,Romie Aram,https://www.sherdog.com/fighter/Romie-Aram-85,2026-08-19T03:50:00.989170+00:00,"Dec 2, 1977",1977-12-02,United States,"5'10"" / 177.8 cm",177.8,170 lbs / 77.11 kg,77.11,Millennia MMA,full/ec6d0d294b41975981815a8730329fa2f770ce7f.jpg,200,300,18.5
76620,Bojan Velickovic,https://www.sherdog.com/fighter/Bojan-Velickovic-76620,2026-08-19T03:50:00.992154+00:00,"Dec 18, 1988",1988-12-18,Serbia,"6'0"" / 182.88 cm",182.88,170 lbs / 77.11 kg,77.11,Elevation Fight Team,full/38d203f0ef4935468d397691e529812279e08f7a.jpg,200,300,18.0
42605,Tyron Woodley,https://www.sherdog.com/fighter/Tyron-Woodley-42605,2026-08-19T03:50:00.996180+00:00,"Apr 17, 1982",1982-04-17,United States,"5'9"" / 175.26 cm",175.26,170 lbs / 77.11 kg,77.11,American Top Team Evolution,full/f1006c7b67621f015437384c41fd81cae5c66ac3.jpg,200,300,15.4
74700,Kelvin Gastelum,https://www.sherdog.com/fighter/Kelvin-Gastelum-74700,2026-08-19T03:50:01.000969+00:00,"Oct 24, 1991",1991-10-24,United States,"5'9"" / 175.26 cm",175.26,185 lbs / 83.91 kg,83.91,Fight Ready,full/5d820e52aae50fe547cd88b8e6a283713e387a72.jpg,200,300,9.5
175669,Charles Radtke,https://www.sherdog.com/fighter/Charles-Radtke-175669,2026-08-19T03:50:01.007769+00:00,"Jul 9, 1990",1990-07-09,United States,"5'10"" / 177.8 cm",177.8,170 lbs / 77.11 kg,77.11,Valle Flow Striking,full/4ad850e5d5b62007a78fe67a099ea2d6c4097e36.jpg,200,300,12.1
330615,Vlastislav Cepo,https://www.sherdog.com/fighter/Vlastislav-Cepo-330615,2026-08-19T03:50:01.010993+00:00,"Jan 25, 1995",1995-01-25,Serbia,"6'1"" / 185.42 cm",185.42,186 lbs / 84.37 kg,84.37,American Top Team Zagreb,full/e25a93995549ccca1ce3f19135cc36d3da6dbafd.jpg,200,300,16.0
82431,Josh Rettinghouse,https://www.sherdog.com/fighter/Josh-Rettinghouse-82431,2026-08-19T03:50:01.013348+00:00,"Feb 27, 1990",1990-02-27,United States,"5'6"" / 167.64 cm",167.64,135 lbs / 61.23 kg,61.23,Warrior Camp,full/56dc3a22e13b6c98f09836d3ec0f5196fbd87de9.jpg,200,300,10.6
119961,Vince Murdock,https://www.sherdog.com/fighter/Vince-Murdock-119961,2026-08-19T03:50:01.018349+00:00,"Mar 21, 1991",1991-03-21,United States,"5'7"" / 170.18 cm",170.18,143 lbs / 64.86 kg,64.86,Team Alpha Male,full/1b715c77f6eae70ba10c470745ab650f5e06759e.jpg,200,300,17.6
45108,Jon Tuck,https://www.sherdog.com/fighter/Jon-Tuck-45108,2026-08-19T03:50:01.021122+00:00,"Aug 28, 1984",1984-08-28,Guam,"5'11"" / 180.34 cm",180.34,155 lbs / 70.31 kg,70.31,Kings MMA,full/ca48b2ccf71ac3c820e6c9a2d73e2205cddaa254.jpg,200,300,19.1
22218,Michel Prazeres,https://www.sherdog.com/fighter/Michel-Prazeres-22218,2026-08-19T03:50:01.024710+00:00,"Jul 25, 1981",1981-07-25,Brazil,"5'6"" / 167.64 cm",167.64,171 lbs / 77.56 kg,77.56,Coalizao Fight Team,full/d5f413c8246fc53aae8600c46f5faa8ce8ecb69e.jpg,200,300,17.3
36889,James Moontasri,https://www.sherdog.com/fighter/James-Moontasri-36889,2026-08-19T03:50:01.029384+00:00,"Apr 10, 1988",1988-04-10,United States,"5'10"" / 177.8 cm",177.8,170 lbs / 77.11 kg,77.11,Black House,full/cdaf6912cbd52957bc1ddaf026a2ae0ce567b1d9.jpg,200,300,13.4
16555,Efrain Escudero,https://www.sherdog.com/fighter/Efrain-Escudero-16555,2026-08-19T03:50:01.032322+00:00,"Jan 15, 1986",1986-01-15,United States,"5'9"" / 175.26 cm",175.26,155 lbs / 70.31 kg,70.31,MMA Lab,full/83211faa8d32cee35c4c63b07802bc8f60a50800.jpg,200,300,18.5
80231,Magomed Mustafaev,https://www.sherdog.com/fighter/Magomed-Mustafaev-80231,2026-08-19T03:50:01.037662+00:00,"Aug 2, 1988",1988-08-02,Russia,"5'9"" / 175.26 cm",175.26,155 lbs / 70.31 kg,70.31,Fight Club Akhmat,full/0636ee2b475736c214e1055d143ebb23d890c7c7.jpg,200,300,10.7
111701,Gregor Gillespie,https://www.sherdog.com/fighter/Gregor-Gillespie-111701,2026-08-19T03:50:01.040653+00:00,"Mar 18, 1987",1987-03-18,United States,"5'9"" / 175.26 cm",175.26,155 lbs / 70.31 kg,70.31,Bellmore Kickboxing Academy,full/1a6c3f4e3e0961a9a341e146078a772282e39a7a.jpg,200,300,12.5
51113,Trevor Smith,https://www.sherdog.com/fighter/Trevor-Smith-51113,2026-08-19T03:50:01.043888+00:00,"Jan 5, 1981",1981-01-05,United States,"6'3"" / 190.5 cm",190.5,185 lbs / 83.91 kg,83.91,Ring Demon Jiu-Jitsu,full/466a2923c4771ef1dd1c7f3526fe8adf50ee5914.jpg,200,300,16.7
14702,Francimar Barroso,https://www.sherdog.com/fighter/Francimar-Barroso-14702,2026-08-19T03:50:01.047931+00:00,"Feb 29, 1980",1980-02-29,Brazil,"6'1"" / 185.42 cm",185.42,262 lbs / 118.84 kg,118.84,GOR MMA,full/323a6d75d0a059a43f4303fc6356de9a267c89d8.jpg,200,300,9.8
63723,Eric Spicely,https://www.sherdog.com/fighter/Eric-Spicely-63723,2026-08-19T03:50:01.051990+00:00,"Sep 29, 1986",1986-09-29,United States,"6'1"" / 185.42 cm",185.42,185 lbs / 83.91 kg,83.91,Syndicate MMA,full/feae2e9c96e3be7eb588a271a447db27065902ca.jpg,200,300,20.1
51234,Charles Byrd,https://www.sherdog.com/fighter/Charles-Byrd-51234,2026-08-19T03:50:01.055709+00:00,"Oct 11, 1983",1983-10-11,United States,"5'10"" / 177.8 cm",177.8,185 lbs / 83.91 kg,83.91,Fortis MMA,full/756c18b92322f8cbad0df0da429fee31301752e8.jpg,200,300,15.7
211153,Bevon Lewis,https://www.sherdog.com/fighter/Bevon-Lewis-211153,2026-08-19T03:50:01.058494+00:00,"May 5, 1991",1991-05-05,United States,"6'3"" / 190.5 cm",190.5,237 lbs / 107.5 kg,107.5,Jackson-Wink MMA,full/358e0c062d1f391958028cdb3b767670a8b4c99a.jpg,200,300,11.6
272621,Dustin Lampros,https://www.sherdog.com/fighter/Dustin-Lampros-272621,2026-08-19T03:51:34.590203+00:00,"Apr 17, 1994",1994-04-17,United States,"5'7"" / 170.18 cm",170.18,135 lbs / 61.23 kg,61.23,Kill Cliff FC,full/06750042ca3546753bbb0eb81887e4093da8ed0e.jpg,200,300,11.3
156943,Vince Cachero,https://www.sherdog.com/fighter/Vince-Cachero-156943,2026-08-19T03:50:01.062142+00:00,"Nov 7, 1989",1989-11-07,United States,"5'6"" / 167.64 cm",167.64,135 lbs / 61.23 kg,61.23,Fight Science,full/e8cf08facfa544b6ee7c284ca5ba2641849b6cf2.jpg,200,300,13.8
91563,Dequan Townsend,https://www.sherdog.com/fighter/Dequan-Townsend-91563,2026-08-19T03:51:34.557678+00:00,"May 11, 1986",1986-05-11,United States,"6'3"" / 190.5 cm",190.5,185 lbs / 83.91 kg,83.91,Murcielago MMA,full/ff85024f7e93a59aa496041ccc4a37cf006b8724.jpg,200,300,10.8
167417,Elias Urbina,https://www.sherdog.com/fighter/Elias-Urbina-167417,2026-08-19T03:51:34.562574+00:00,"Oct 9, 1993",1993-10-09,United States,"6'5"" / 195.58 cm",195.58,185 lbs / 83.91 kg,83.91,Team Urbina,full/762c637cae2be71415e7730c1b3aa7ec69c04ba5.jpg,200,300,10.6
59769,Brian Houston,https://www.sherdog.com/fighter/Brian-Houston-59769,2026-08-19T03:51:34.565352+00:00,"Apr 26, 1987",1987-04-26,United States,"6'1"" / 185.42 cm",185.42,185 lbs / 83.91 kg,83.91,Disorderly Conduct,full/ab4fdaddeb50840b0aed563b914593be802a46af.jpg,200,300,13.7
160679,Joe Gigliotti,https://www.sherdog.com/fighter/Joe-Gigliotti-160679,2026-08-19T03:51:34.568380+00:00,"Aug 13, 1993",1993-08-13,United States,"5'11"" / 180.34 cm",180.34,185 lbs / 83.91 kg,83.91,Power MMA Team,full/f01ccf4917644d5bf711b8c2822554f19ff02310.jpg,200,300,15.8
66736,Jason Gonzalez,https://www.sherdog.com/fighter/Jason-Gonzalez-66736,2026-08-19T03:51:34.571292+00:00,"Feb 28, 1990",1990-02-28,United States,"6'2"" / 187.96 cm",187.96,155 lbs / 70.31 kg,70.31,Millennia MMA,full/0d4a9d40f65c4921ceca29f9fe1c8e58923c2478.jpg,200,300,15.4
1924,Ido Pariente,https://www.sherdog.com/fighter/Ido-Pariente-1924,2026-08-19T03:51:34.575003+00:00,"Aug 31, 1977",1977-08-31,Israel,"5'7"" / 170.18 cm",170.18,155 lbs / 70.31 kg,70.31,Pariente Academy,full/d052f2d78c61ceccd3df8cc4850da2887d33c435.jpg,200,300,15.1
81136,Rodrigo Goiana de Lima,https://www.sherdog.com/fighter/Rodrigo-Goiana-de-Lima-81136,2026-08-19T03:51:34.578370+00:00,"Mar 3, 1991",1991-03-03,Brazil,"5'9"" / 175.26 cm",175.26,170 lbs / 77.11 kg,77.11,Coalizao Fight Team,full/85bdfa0778bc7e6d48ebb5175ef5ec8277c8411f.jpg,200,300,18.1
14173,Joe Ellenberger,https://www.sherdog.com/fighter/Joe-Ellenberger-14173,2026-08-19T03:51:34.581055+00:00,"Mar 28, 1985",1985-03-28,United States,"5'8"" / 172.72 cm",172.72,155 lbs / 70.31 kg,70.31,Premier Combat Center,full/de3aae59fd8ed38cb5e5d21aab58d1521ce2254b.jpg,200,300,15.0
86294,Anton Zafir,https://www.sherdog.com/fighter/Anton-Zafir-86294,2026-08-19T03:51:34.583975+00:00,"May 10, 1987",1987-05-10,Australia,"5'11"" / 180.34 cm",180.34,170 lbs / 77.11 kg,77.11,Whitsunday Martial Arts,full/27a9f218f94dee1234b965ff6ab42291848f1150.jpg,200,300,17.6
43874,J.C. Cottrell,https://www.sherdog.com/fighter/JC-Cottrell-43874,2026-08-19T03:51:34.587352+00:00,"Nov 4, 1989",1989-11-04,United States,"5'9"" / 175.26 cm",175.26,155 lbs / 70.31 kg,70.31,Academy of Martial Arts,full/d34428b19e96cc36102af87c492e44b940901e74.jpg,200,300,14.1
95593,Carlos Prates,https://www.sherdog.com/fighter/Carlos-Prates-95593,2026-08-19T03:51:34.592517+00:00,"Aug 17, 1993",1993-08-17,Brazil,"6'1"" / 185.42 cm",185.42,170 lbs / 77.11 kg,77.11,Vale Top Team,full/05aeac20a95088dbb40d61b28f3d2e14e6c7fe65.jpg,200,300,11.8
23177,Kito Andrews,https://www.sherdog.com/fighter/Kito-Andrews-23177,2026-08-19T03:51:34.596765+00:00,"Mar 2, 1978",1978-03-02,United States,"5'11"" / 180.34 cm",180.34,185 lbs / 83.91 kg,83.91,Team Alpha Male,full/35b61bcc681fe9dce06e787cd64f8f1f689b0948.jpg,200,300,12.9
64989,Michael Graves,https://www.sherdog.com/fighter/Michael-Graves-64989,2026-08-19T03:51:34.599214+00:00,"Jan 8, 1991",1991-01-08,United States,"5'10"" / 177.8 cm",177.8,171 lbs / 77.56 kg,77.56,American Top Team,full/bd6489316fcf37c4904791a66ed2b425427df96b.jpg,200,300,15.0
18248,Tonya Evinger,https://www.sherdog.com/fighter/Tonya-Evinger-18248,2026-08-19T03:51:34.603256+00:00,"Jun 4, 1981",1981-06-04,United States,"5'7"" / 170.18 cm",170.18,135 lbs / 61.23 kg,61.23,W4R Training Center,full/47de47c97cfa3382765642140bc49ce5c5b1a316.jpg,200,300,16.4
53506,Jessica Rakoczy,https://www.sherdog.com/fighter/Jessica-Rakoczy-53506,2026-08-19T03:51:34.606611+00:00,"Apr 14, 1977",1977-04-14,Canada,"5'7"" / 170.18 cm",170.18,115 lbs / 52.16 kg,52.16,,full/1c7217d3843f46744f3534f486abbd1d3f4cd85f.jpg,200,300,18.7
142861,Zarah Fairn,https://www.sherdog.com/fighter/Zarah-Fairn-142861,2026-08-19T03:51:34.609349+00:00,"Dec 10, 1986",1986-12-10,France,"5'10"" / 177.8 cm",177.8,145 lbs / 65.77 kg,65.77,Allstars Training Center,full/2fc4241674eec0d2c52ac6dda27bb1dbee2912b1.jpg,200,300,10.1
91159,Julia Avila,https://www.sherdog.com/fighter/Julia-Avila-91159,2026-08-19T03:51:34.612033+00:00,"May 11, 1988",1988-05-11,United States,"5'4"" / 162.56 cm",162.56,136 lbs / 61.69 kg,61.69,All Powers Fitness and Fighting,full/e94538d0148b281a37e3532b2007db87622d950d.jpg,200,300,12.2
318403,Irina Alekseeva,https://www.sherdog.com/fighter/Irina-Alekseeva-318403,2026-08-19T03:51:34.615021+00:00,"Jun 27, 1990",1990-06-27,Russia,"5'8"" / 172.72 cm",172.72,135 lbs / 61.23 kg,61.23,Raty Team,full/37c64f0d2e9489ab464ea621c1f8cad0502a1822.jpg,200,300,10.3
328753,Klaudia Sygula,https://www.sherdog.com/fighter/Klaudia-Sygula-328753,2026-08-19T03:51:34.617568+00:00,"Dec 30, 1998",1998-12-30,Poland,"5'8"" / 172.72 cm",172.72,135 lbs / 61.23 kg,61.23,FitFabric Shark Top Team,full/ad3ae7bddb04f72d0a5b9cb63273ac3c6b32d4f8.jpg,200,300,18.1
293451,Tamires Vidal,https://www.sherdog.com/fighter/Tamires-Vidal-293451,2026-08-19T03:51:34.620162+00:00,"Jul 27, 1998",1998-07-27,Brazil,"5'6"" / 167.64 cm",167.64,136 lbs / 61.69 kg,61.69,Benito Macapa Fight Team,full/451bc0e3787b38dc32d49b7e208b5f63e1781169.jpg,200,300,14.5
334747,Darya Zheleznyakova,https://www.sherdog.com/fighter/Darya-Zheleznyakova-334747,2026-08-19T03:51:34.623768+00:00,"Jan 23, 1996",1996-01-23,Russia,"5'9"" / 175.26 cm",175.26,135 lbs / 61.23 kg,61.23,MMA Factory,full/ae5e7fd6e95bb037dd8f43a91351286b3a00259f.jpg,200,300,15.9
451242,Beatriz Mesquita,https://www.sherdog.com/fighter/Beatriz-Mesquita-451242,2026-08-19T03:51:34.626563+00:00,"Apr 7, 1991",1991-04-07,Brazil,"5'2"" / 157.48 cm",157.48,135 lbs / 61.23 kg,61.23,American Top Team,full/16c50b2c7bb9d2c2f819a5b5a9525977c65774f8.jpg,200,300,12.9
278389,Yuneisy Duben,https://www.sherdog.com/fighter/Yuneisy-Duben-278389,2026-08-19T03:51:34.628964+00:00,"Jul 8, 1996",1996-07-08,Venezuela,"5'4"" / 162.56 cm",162.56,125 lbs / 56.7 kg,56.7,Team Ludus,full/9a3235e7bd758292367df6b65e31bfc84e0b5c29.jpg,200,300,12.2
268753,Marnic Mann,https://www.sherdog.com/fighter/Marnic-Mann-268753,2026-08-19T03:51:34.631278+00:00,"Mar 5, 1993",1993-03-05,United States,"5'0"" / 152.4 cm",152.4,115 lbs / 52.16 kg,52.16,SBG Kalispell,full/9cc83fa651053919a711e1f2382fb2d9bc740acb.jpg,200,300,22.4
256795,Huaxiang Dong,https://www.sherdog.com/fighter/Huaxiang-Dong-256795,2026-08-19T03:51:34.633641+00:00,"Aug 21, 1998",1998-08-21,China,"5'3"" / 160.02 cm",160.02,116 lbs / 52.62 kg,52.62,Enbo Fight Club,full/49db25d22623a5ec122a7abba581d72325b5e338.jpg,200,300,11.6
359353,Xiaocan Feng,https://www.sherdog.com/fighter/Xiaocan-Feng-359353,2026-08-19T03:51:34.638591+00:00,"Oct 27, 2001",2001-10-27,China,"5'8"" / 172.72 cm",172.72,116 lbs / 52.62 kg,52.62,Chunbo Fighting Club,full/9ceec1a0f00b7080bc6f4b5616094a229c9f8463.jpg,200,300,11.9
202195,Nicolle Caliari,https://www.sherdog.com/fighter/Nicolle-Caliari-202195,2026-08-19T03:51:34.641492+00:00,"Nov 4, 1996",1996-11-04,Brazil,"5'3"" / 160.02 cm",160.02,115 lbs / 52.16 kg,52.16,Thai Brasil Floripa,full/8dbcba38ef2f7aab33fe98058fa37ed12a674a6e.jpg,200,300,11.3
386905,Talita Alencar,https://www.sherdog.com/fighter/Talita-Alencar-386905,2026-08-19T03:51:34.644014+00:00,"Oct 17, 1990",1990-10-17,Brazil,"5'0"" / 152.4 cm",152.4,115 lbs / 52.16 kg,52.16,Temple Martial Arts,full/545af86043bc80c3b3bc3332492f7a8afcc7e74d.jpg,200,300,13.3
148323,Puja Tomar,https://www.sherdog.com/fighter/Puja-Tomar-148323,2026-08-19T03:51:34.646751+00:00,"Dec 5, 1993",1993-12-05,India,"5'1"" / 154.94 cm",154.94,116 lbs / 52.62 kg,52.62,Soma Fight Club,full/7f362e70e0f17490a19c9b606115548d1f4dfa70.jpg,200,300,10.9
101583,Kazuma Maruyama,https://www.sherdog.com/fighter/Kazuma-Maruyama-101583,2026-08-19T03:51:34.649326+00:00,"Jul 19, 1992",1992-07-19,Japan,"5'11"" / 180.34 cm",180.34,156 lbs / 70.76 kg,70.76,Tri.H Studio,full/8a6b2765e6ba8a473804f55275cda8a0b88f32f2.jpg,200,300,14.3
412079,Daichi Kamiya,https://www.sherdog.com/fighter/Daichi-Kamiya-412079,2026-08-19T03:51:34.651775+00:00,"Apr 19, 1999",1999-04-19,Japan,"5'10"" / 177.8 cm",177.8,155 lbs / 70.31 kg,70.31,Brave,full/af060a76e3fa71bd085c0677f201a1ff78c6fbcb.jpg,200,300,17.4
408617,Yawei Ren,https://www.sherdog.com/fighter/Yawei-Ren-408617,2026-08-19T03:51:34.653786+00:00,"Feb 7, 1998",1998-02-07,China,"5'10"" / 177.8 cm",177.8,150 lbs / 68.04 kg,68.04,Haoyue Fight Gym,full/e6df32c4035a527028b54277e5d7855467231c9e.jpg,200,300,9.8
344701,Sean Sharaf,https://www.sherdog.com/fighter/Sean-Sharaf-344701,2026-08-19T03:51:34.655988+00:00,"Jul 11, 1993",1993-07-11,United States,"6'2"" / 187.96 cm",187.96,251 lbs / 113.85 kg,113.85,Xtreme Couture,full/111579d393b78098781731f4310ad053a4889ab9.jpg,200,300,16.4
152993,Jamal Pogues,https://www.sherdog.com/fighter/Jamal-Pogues-152993,2026-08-19T03:51:34.658287+00:00,"Dec 1, 1995",1995-12-01,United States,"6'2"" / 187.96 cm",187.96,264 lbs / 119.75 kg,119.75,Syndicate MMA,full/f2715e659c40dc2e7afe972084f96fbf364fca26.jpg,200,300,12.9
313721,Shamil Gaziev,https://www.sherdog.com/fighter/Shamil-Gaziev-313721,2026-08-19T03:51:34.661490+00:00,"Feb 10, 1990",1990-02-10,Bahrain,"6'3"" / 190.5 cm",190.5,264 lbs / 119.75 kg,119.75,KHK MMA,full/90aa0c40f1666cbbacdf2c7122e5583318868f64.jpg,200,300,10.8
416559,Guilherme Pat,https://www.sherdog.com/fighter/Guilherme-Pat-416559,2026-08-19T03:51:34.664816+00:00,"Apr 20, 1994",1994-04-20,Brazil,"6'5"" / 195.58 cm",195.58,250 lbs / 113.4 kg,113.4,Lotus Club,full/c133c38b222dfe534b0fd7004d366112e9d664fc.jpg,200,300,19.8
376023,Valter Walker,https://www.sherdog.com/fighter/Valter-Walker-376023,2026-08-19T03:51:34.667195+00:00,"Dec 14, 1997",1997-12-14,Brazil,"6'6"" / 198.12 cm",198.12,248 lbs / 112.49 kg,112.49,Gor MMA,full/f2e586dd806464b818c98649394565773a1ed798.jpg,200,300,13.3
389887,Jhonata Diniz,https://www.sherdog.com/fighter/Jhonata-Diniz-389887,2026-08-19T03:51:34.670215+00:00,"Jun 23, 1991",1991-06-23,Brazil,"6'4"" / 193.04 cm",193.04,257 lbs / 116.57 kg,116.57,Santa Fe Team,full/9bc1ade0ed26c3598158388b3855d69ddf1deeb0.jpg,200,300,12.8
406903,Robelis Despaigne,https://www.sherdog.com/fighter/Robelis-Despaigne-406903,2026-08-19T03:51:34.673004+00:00,"Aug 9, 1988",1988-08-09,Cuba,"6'7"" / 200.66 cm",200.66,259 lbs / 117.48 kg,117.48,MMA Temple,full/5d1eedf2b53ba762932b9a7a4fffbc96b0ef9862.jpg,200,300,13.1
310173,Mario Pinto,https://www.sherdog.com/fighter/Mario-Pinto-310173,2026-08-19T03:51:34.675419+00:00,"Mar 14, 1998",1998-03-14,Portugal,"6'5"" / 195.58 cm",195.58,255 lbs / 115.67 kg,115.67,Urban Warriors,full/3c9e2ddc6a7f23be5d0d607b9ab50bab96e7d810.jpg,200,300,23.0
210539,Brendson Ribeiro,https://www.sherdog.com/fighter/Brendson-Ribeiro-210539,2026-08-19T03:51:34.678787+00:00,"Aug 9, 1996",1996-08-09,Brazil,"6'3"" / 190.5 cm",190.5,205 lbs / 92.99 kg,92.99,Brazilian TKO,full/96bfb292e3ee5ee56bb04d935136e3352c47653b.jpg,200,300,16.3
250351,Billy Elekana,https://www.sherdog.com/fighter/Billy-Elekana-250351,2026-08-19T03:51:34.684123+00:00,"May 28, 1995",1995-05-28,United States,"6'2"" / 187.96 cm",187.96,205 lbs / 92.99 kg,92.99,Uprising MMA,full/abea81000e3390a668d6e219c49ecee710eef46f.jpg,200,300,13.1
381634,Iwo Baraniewski,https://www.sherdog.com/fighter/Iwo-Baraniewski-381634,2026-08-19T03:51:34.686983+00:00,"Nov 20, 1998",1998-11-20,Poland,"6'0"" / 182.88 cm",182.88,205 lbs / 92.99 kg,92.99,Aligatores Fight Club,full/9f91a54a764e130e890c9c8255324031514c6031.jpg,200,300,18.7
136435,Khusein Askhabov,https://www.sherdog.com/fighter/Khusein-Askhabov-136435,2026-08-19T03:51:34.689563+00:00,"Feb 13, 1995",1995-02-13,United Arab Emirates,"5'8"" / 172.72 cm",172.72,145 lbs / 65.77 kg,65.77,American Top Team,full/e49435244471ce50f5afed5f284c6da4a65522ad.jpg,200,300,15.2
228039,Jack Jenkins,https://www.sherdog.com/fighter/Jack-Jenkins-228039,2026-08-19T03:51:34.692157+00:00,"Mar 11, 1993",1993-03-11,Australia,"5'7"" / 170.18 cm",170.18,145 lbs / 65.77 kg,65.77,Absolute Mixed Martial Arts,full/4e9e538006e590c01db464fb5895430b5ef0b971.jpg,200,300,14.4
286225,Dennis Buzukja,https://www.sherdog.com/fighter/Dennis-Buzukja-286225,2026-08-19T03:51:34.695363+00:00,"Oct 1, 1997",1997-10-01,United States,"5'11"" / 180.34 cm",180.34,146 lbs / 66.22 kg,66.22,Longo-Weidman MMA,full/5f5025a40a61e7368bbdd844009f61a8881433a7.jpg,200,300,19.5
269917,Hyder Amil,https://www.sherdog.com/fighter/Hyder-Amil-269917,2026-08-19T03:51:34.698572+00:00,"May 28, 1990",1990-05-28,United States,"5'8"" / 172.72 cm",172.72,145 lbs / 65.77 kg,65.77,El Nino Training Center,full/7c8cc99667474b8348cec81f98427daf62499040.jpg,200,300,11.9
203909,Felicia Spencer,https://www.sherdog.com/fighter/Felicia-Spencer-203909,2026-08-19T03:51:34.701554+00:00,"Nov 29, 1990",1990-11-29,United States,"5'6"" / 167.64 cm",167.64,145 lbs / 65.77 kg,65.77,The Jungle MMA & Fitness,full/9013457e9761cdbd228662c8b0f4c1c2ee2e364d.jpg,200,300,8.1
2262,Ben Rothwell,https://www.sherdog.com/fighter/Ben-Rothwell-2262,2026-08-19T03:51:34.704596+00:00,"Oct 17, 1981",1981-10-17,United States,"6'4"" / 193.04 cm",193.04,265 lbs / 120.2 kg,120.2,Rothwell MMA,full/9eb0e366983b60a18f2dceaef23e75cf5966a135.jpg,200,300,14.1
237525,Luana Pinheiro,https://www.sherdog.com/fighter/Luana-Pinheiro-237525,2026-08-19T03:51:34.710257+00:00,"Nov 18, 1992",1992-11-18,Brazil,"5'4"" / 162.56 cm",162.56,115 lbs / 52.16 kg,52.16,Nova Uniao,full/158917594aeffc9ecd736c94772ca3caf2f3d577.jpg,200,300,14.5
61682,Sean Soriano,https://www.sherdog.com/fighter/Sean-Soriano-61682,2026-08-19T03:51:34.713445+00:00,"Oct 6, 1989",1989-10-06,United States,"5'9"" / 175.26 cm",175.26,145 lbs / 65.77 kg,65.77,Kill Cliff FC,full/9259aa41e8d094624695c06b7ebef42ea5ab6713.jpg,200,300,13.7
122559,Tucker Lutz,https://www.sherdog.com/fighter/Tucker-Lutz-122559,2026-08-19T03:51:34.717564+00:00,"Jul 12, 1994",1994-07-12,United States,"5'8"" / 172.72 cm",172.72,145 lbs / 65.77 kg,65.77,Ground Control,full/1e9841a97f265a14aa00e765ca5f55cdb3bf78ea.jpg,200,300,15.2
245029,Marcio Barbosa,https://www.sherdog.com/fighter/Marcio-Barbosa-245029,2026-08-19T04:09:33.474255+00:00,"May 22, 1998",1998-05-22,Brazil,"5'6"" / 167.64 cm",167.64,146 lbs / 66.22 kg,66.22,RD Champions,full/36369083d0e75f1e88e7ef2b95a84540644bffb4.jpg,200,300,13.4
59975,Don Shainis,https://www.sherdog.com/fighter/Don-Shainis-59975,2026-08-19T04:09:33.477142+00:00,"Sep 16, 1991",1991-09-16,United States,"5'6"" / 167.64 cm",167.64,145 lbs / 65.77 kg,65.77,Citadel Martial Arts & Fitness,full/3556aad88342df3fe89b8eaca10247733b4e4ce8.jpg,200,300,10.5
332055,Ramon Taveras,https://www.sherdog.com/fighter/Ramon-Taveras-332055,2026-08-19T04:09:33.480075+00:00,"Jan 9, 1994",1994-01-09,United States,"5'7"" / 170.18 cm",170.18,147 lbs / 66.68 kg,66.68,Bulldog Boxing,full/7a9d7ab8ae2c4d0027a9668879215874aa69fb8d.jpg,200,300,23.9
229253,Bogdan Guskov,https://www.sherdog.com/fighter/Bogdan-Guskov-229253,2026-08-19T04:09:33.482718+00:00,"Sep 12, 1992",1992-09-12,Uzbekistan,"6'2"" / 187.96 cm",187.96,205 lbs / 92.99 kg,92.99,GOR MMA,full/e87a01ef79202261ab639259d846c7de2ab5ff32.jpg,200,300,10.0
214529,Kevin Christian,https://www.sherdog.com/fighter/Kevin-Christian-214529,2026-08-19T04:09:33.486205+00:00,"Jan 21, 1995",1995-01-21,Brazil,"6'7"" / 200.66 cm",200.66,205 lbs / 92.99 kg,92.99,Cosme Junior Team,full/e8216a2a9faa22804dcf4c94dbaf977c22bda409.jpg,200,300,17.1
272659,Magomed Gadzhiyasulov,https://www.sherdog.com/fighter/Magomed-Gadzhiyasulov-272659,2026-08-19T04:09:33.488602+00:00,"Nov 4, 1993",1993-11-04,Russia,"6'2"" / 187.96 cm",187.96,205 lbs / 92.99 kg,92.99,KHK MMA,full/840d402f1bbcad0a6584aaabaf83292a85757e82.jpg,200,300,12.4
247161,Caio Machado,https://www.sherdog.com/fighter/Caio-Machado-247161,2026-08-19T04:09:33.491164+00:00,"Jul 20, 1994",1994-07-20,Brazil,"6'4"" / 193.04 cm",193.04,205 lbs / 92.99 kg,92.99,Franco Kickboxing and Pankration,full/729fa8d3a40c56392df0303ff7befa89f1509037.jpg,200,300,16.9
274275,Diyar Nurgozhay,https://www.sherdog.com/fighter/Diyar-Nurgozhay-274275,2026-08-19T04:09:33.493896+00:00,"Apr 22, 1997",1997-04-22,Kazakhstan,"6'2"" / 187.96 cm",187.96,205 lbs / 92.99 kg,92.99,Tobet Top Team,full/c80726a615b94e73a4f9740e21e652608f090e50.jpg,200,300,13.7
310239,Oumar Sy,https://www.sherdog.com/fighter/Oumar-Sy-310239,2026-08-19T04:09:33.496601+00:00,"Nov 21, 1995",1995-11-21,France,"6'4"" / 193.04 cm",193.04,205 lbs / 92.99 kg,92.99,Bulgarian Top Team,full/b4c759eab3916ec8f8a1c4f51495f1995bdeed63.jpg,200,300,12.1
339963,Magomed Tuchalov,https://www.sherdog.com/fighter/Magomed-Tuchalov-339963,2026-08-19T04:09:33.499502+00:00,"Dec 30, 1999",1999-12-30,Russia,"6'5"" / 195.58 cm",195.58,205 lbs / 92.99 kg,92.99,Dagestan Fighter,full/eaec38ed19cf81c59c2eb1b70dfa453751f2db19.jpg,200,300,12.7
415770,Felipe Franco,https://www.sherdog.com/fighter/Felipe-Franco-415770,2026-08-19T04:09:33.501699+00:00,"Jan 22, 2001",2001-01-22,Brazil,"6'1"" / 185.42 cm",185.42,205 lbs / 92.99 kg,92.99,Galpao da Luta,full/a367f8fd5ade11faf6286ea477052eb35a5b20e3.jpg,200,300,15.5
333575,Karl Williams,https://www.sherdog.com/fighter/Karl-Williams-333575,2026-08-19T04:09:33.504149+00:00,"Jan 6, 1990",1990-01-06,"Virgin Islands, U.S.","6'3"" / 190.5 cm",190.5,263 lbs / 119.29 kg,119.29,Xtreme Couture,full/653c897b7db6c5dc53c0f43c10d7e3339b4d913c.jpg,200,300,10.6
405550,Alvin Hines,https://www.sherdog.com/fighter/Alvin-Hines-405550,2026-08-19T04:09:33.507050+00:00,"Oct 20, 1991",1991-10-20,United States,"6'2"" / 187.96 cm",187.96,264 lbs / 119.75 kg,119.75,La Bodega Fight Team,full/b4acc69e31687e062f8e9466cbc0b3d8c6f18e4a.jpg,200,300,14.6
357627,Louie Sutherland,https://www.sherdog.com/fighter/Louie-Sutherland-357627,2026-08-19T04:09:33.509405+00:00,"Feb 8, 1994",1994-02-08,England,"6'3"" / 190.5 cm",190.5,258 lbs / 117.03 kg,117.03,Great Britain Top Team,full/983255f7553bd8f413951814846ed4dc126a8e1b.jpg,200,300,12.1
395495,Allen Frye,https://www.sherdog.com/fighter/Allen-Frye-395495,2026-08-19T04:09:33.512263+00:00,"Apr 15, 1998",1998-04-15,United States,"6'4"" / 193.04 cm",193.04,242 lbs / 109.77 kg,109.77,Brunsons MMA and Fitness,full/143caf06c65a05d0e53177750c02b543bebb2490.jpg,200,300,22.7
190909,Waldo Cortes-Acosta,https://www.sherdog.com/fighter/Waldo-CortesAcosta-190909,2026-08-19T04:09:33.514451+00:00,"Oct 3, 1991",1991-10-03,Dominican Republic,"6'4"" / 193.04 cm",193.04,264 lbs / 119.75 kg,119.75,Ultimate Kombat Fitness,full/012b03ac1fba1b33f27d00971e6bc2efcb2feb6b.jpg,200,300,10.0
306625,Brando Pericic,https://www.sherdog.com/fighter/Brando-Pericic-306625,2026-08-19T04:09:33.518747+00:00,"Aug 3, 1994",1994-08-03,Australia,"6'5"" / 195.58 cm",195.58,265 lbs / 120.2 kg,120.2,City Kickboxing,full/9f60d4512722ca29c61be09ff8a853be1fb13790.jpg,200,300,10.5
224411,Mick Parkin,https://www.sherdog.com/fighter/Mick-Parkin-224411,2026-08-19T04:09:33.521145+00:00,"Oct 2, 1995",1995-10-02,England,"6'3"" / 190.5 cm",190.5,264 lbs / 119.75 kg,119.75,TFT MMA,full/a6d216bd53cd5331b8921c0442c3fdeeefb215ef.jpg,200,300,15.2
408471,Junior Tafa,https://www.sherdog.com/fighter/Junior-Tafa-408471,2026-08-19T04:09:33.523988+00:00,"Sep 21, 1996",1996-09-21,New Zealand,"6'3"" / 190.5 cm",190.5,205 lbs / 92.99 kg,92.99,NTG Fight & Fitness,full/11644725036d67e0f68527f1a2dade8895a4696f.jpg,200,300,19.3
392764,Deni Daffa,https://www.sherdog.com/fighter/Deni-Daffa-392764,2026-08-19T04:09:33.527249+00:00,"Sep 8, 1999",1999-09-08,Indonesia,"6'1"" / 185.42 cm",185.42,155 lbs / 70.31 kg,70.31,Bengkulu Infight Camp,full/75edca1242d186e9134af07fdef83cbcca4f56c5.jpg,200,300,11.1
265743,Stephanie Luciano,https://www.sherdog.com/fighter/Stephanie-Luciano-265743,2026-08-19T04:09:33.529194+00:00,"Dec 16, 1999",1999-12-16,Brazil,"5'6"" / 167.64 cm",167.64,115 lbs / 52.16 kg,52.16,Gordin Fight Team,full/10dc50efd0ac65df423910fdd4408fd039f24d0d.jpg,200,300,16.1
266047,Julia Polastri,https://www.sherdog.com/fighter/Julia-Polastri-266047,2026-08-19T04:09:33.531900+00:00,"Mar 5, 1998",1998-03-05,Brazil,"5'2"" / 157.48 cm",157.48,115 lbs / 52.16 kg,52.16,CWB Fighter,full/2cfd3c15985f34fd4631fc3d63f9825561814cab.jpg,200,300,13.8
319093,Ernesta Kareckaite,https://www.sherdog.com/fighter/Ernesta-Kareckaite-319093,2026-08-19T04:09:33.535172+00:00,"Jul 5, 1998",1998-07-05,Lithuania,"5'9"" / 175.26 cm",175.26,130 lbs / 58.97 kg,58.97,Fighters Land,full/6a96e8a1c87a1a166d1e423e0953adb4ad022ef4.jpg,200,300,10.7
244901,Kiran Singh,https://www.sherdog.com/fighter/Kiran-Singh-244901,2026-08-19T04:09:33.537653+00:00,"Jul 25, 2000",2000-07-25,India,"5'2"" / 157.48 cm",157.48,110 lbs / 49.9 kg,49.9,Myo Plus Gym,full/314bfccc7d2f0aef64c9664f420c3ed7f24f4701.jpg,200,300,9.6
317479,Miki Motono,https://www.sherdog.com/fighter/Miki-Motono-317479,2026-08-19T04:09:33.539778+00:00,"May 18, 1994",1994-05-18,Japan,"5'2"" / 157.48 cm",157.48,115 lbs / 52.16 kg,52.16,Reversal Gym Yokohama Ground Slam,full/2e3d408122fb0d77021d4f9c5f6631778906f115.jpg,200,300,17.3
390313,Arisa Matsuda,https://www.sherdog.com/fighter/Arisa-Matsuda-390313,2026-08-19T04:09:33.545787+00:00,"Dec 15, 1994",1994-12-15,Japan,"5'3"" / 160.02 cm",160.02,116 lbs / 52.62 kg,52.62,Shooto Gym Blows,full/45df416b33780d3336e237d093c14cb935bef5ec.jpg,200,300,21.1
396921,Farida Abdueva,https://www.sherdog.com/fighter/Farida-Abdueva-396921,2026-08-19T04:09:33.548103+00:00,"May 15, 2004",2004-05-15,Kyrgyzstan,"5'4"" / 162.56 cm",162.56,116 lbs / 52.62 kg,52.62,Tiger Muay Thai,full/71309337bb412e6a240175c66cfe92488f418976.jpg,200,300,13.9
297873,Bo Hyun Park,https://www.sherdog.com/fighter/Bo-Hyun-Park-297873,2026-08-19T04:09:33.569038+00:00,"May 14, 1999",1999-05-14,South Korea,"5'3"" / 160.02 cm",160.02,114 lbs / 51.71 kg,51.71,MOB Training Center,full/340d32161a7d83eb7a5718d1db68ba30e88bae4b.jpg,200,300,14.4
424297,Jeisla Chaves,https://www.sherdog.com/fighter/Jeisla-Chaves-424297,2026-08-19T04:09:33.657231+00:00,"Feb 2, 1997",1997-02-02,Brazil,"5'6"" / 167.64 cm",167.64,125 lbs / 56.7 kg,56.7,Gomes Fight Team,full/093e4cdd679de5bf3c2f5534fb4c4a565f4a4524.jpg,200,300,12.4
266915,Dione Barbosa,https://www.sherdog.com/fighter/Dione-Barbosa-266915,2026-08-19T04:09:33.662022+00:00,"May 8, 1992",1992-05-08,Brazil,"5'6"" / 167.64 cm",167.64,125 lbs / 56.7 kg,56.7,Kings MMA,full/6232affe3f04b2613a4ac978ac24723b6b3ef153.jpg,200,300,13.1
216987,Bo Meng,https://www.sherdog.com/fighter/Bo-Meng-216987,2026-08-19T04:09:33.665879+00:00,"Apr 21, 1996",1996-04-21,China,"5'4"" / 162.56 cm",162.56,116 lbs / 52.62 kg,52.62,Tiger Muay Thai,full/ffa8994687d019b36cb90bc6bb69e2bdc0b77446.jpg,200,300,11.2
396659,Regina Tarin,https://www.sherdog.com/fighter/Regina-Tarin-396659,2026-08-19T04:09:33.669359+00:00,"Oct 19, 2004",2004-10-19,Mexico,"5'7"" / 170.18 cm",170.18,130 lbs / 58.97 kg,58.97,Bonebreakers MMA,full/74edbb1690bdb132e111e2f4246f38d51b6d5fa6.jpg,200,300,15.1
258909,Ravena Oliveira,https://www.sherdog.com/fighter/Ravena-Oliveira-258909,2026-08-19T04:09:33.671975+00:00,"Feb 20, 1997",1997-02-20,Brazil,"5'5"" / 165.1 cm",165.1,126 lbs / 57.15 kg,57.15,Life MMA,full/a8c11bcde627f0efc2028108cb6e4bdc711f01d1.jpg,200,300,10.7
398528,Marina Spasic,https://www.sherdog.com/fighter/Marina-Spasic-398528,2026-08-19T04:09:33.675049+00:00,,,Serbia,"5'5"" / 165.1 cm",165.1,115 lbs / 52.16 kg,52.16,,full/56555fba0ec2c62982b84d1341cb53876737dcff.jpg,200,300,9.3
426649,Elisha Ellison,https://www.sherdog.com/fighter/Elisha-Ellison-426649,2026-08-19T04:09:33.677266+00:00,"Mar 5, 1997",1997-03-05,United States,"5'11"" / 180.34 cm",180.34,236 lbs / 107.05 kg,107.05,Combat Sport & Fitness,full/7793453642d3dac9d12ecae2c05a499f40520188.jpg,200,300,17.3
75487,Ante Delija,https://www.sherdog.com/fighter/Ante-Delija-75487,2026-08-19T04:09:33.680275+00:00,"Aug 7, 1990",1990-08-07,Croatia,"6'5"" / 195.58 cm",195.58,238 lbs / 107.95 kg,107.95,Team Kaobon,full/2bd62da5db26fec43c90d310e392f7644da32a91.jpg,200,300,12.3
398299,Jose Luiz,https://www.sherdog.com/fighter/Jose-Luiz-398299,2026-08-19T04:09:33.686473+00:00,"Aug 25, 1996",1996-08-25,Brazil,"6'4"" / 193.04 cm",193.04,259 lbs / 117.48 kg,117.48,Gile Riberio Team,full/3dcc7fe796dbff5c918ba59f16ba53af8bb78804.jpg,200,300,9.6
429363,Richard Harris,https://www.sherdog.com/fighter/Richard-Harris-429363,2026-08-19T04:09:33.688858+00:00,"Oct 1, 1998",1998-10-01,United States,"6'6"" / 198.12 cm",198.12,263 lbs / 119.29 kg,119.29,Sprawlin & Brawlin MMA,full/b1a4ecd9d4fb0325156a893d8958784914a81987.jpg,200,300,11.3
386559,Levi Rodrigues,https://www.sherdog.com/fighter/Levi-Rodrigues-386559,2026-08-19T04:09:33.691258+00:00,"Oct 15, 1996",1996-10-15,Brazil,"6'2"" / 187.96 cm",187.96,205 lbs / 92.99 kg,92.99,Rasteira Fight Team,full/9a497d23f2d6c717f51d1cdef1f572f34f9c565c.jpg,200,300,11.4
403663,Rafael Tobias,https://www.sherdog.com/fighter/Rafael-Tobias-403663,2026-08-19T04:09:33.695938+00:00,"Mar 20, 2003",2003-03-20,Brazil,"6'2"" / 187.96 cm",187.96,204 lbs / 92.53 kg,92.53,Chute Boxe Monstro,full/63789ceae9a80db6b682f913f3f66faede1fdefe.jpg,200,300,12.3
144007,Bruno Lopes,https://www.sherdog.com/fighter/Bruno-Lopes-144007,2026-08-19T04:09:33.698394+00:00,"Apr 24, 1993",1993-04-24,Brazil,"6'2"" / 187.96 cm",187.96,205 lbs / 92.99 kg,92.99,China Team,full/7f304a78751dc886ace273770c155eef60c34f8e.jpg,200,300,17.4
220713,Serhiy Sidey,https://www.sherdog.com/fighter/Serhiy-Sidey-220713,2026-08-19T04:09:33.701273+00:00,"Jul 4, 1996",1996-07-04,Canada,"5'10"" / 177.8 cm",177.8,135 lbs / 61.23 kg,61.23,Burlington Training Centre,full/4591ec076b5d92a2e114e016ab94a72f7ab8ee5f.jpg,200,300,17.7
234687,Melissa Croden,https://www.sherdog.com/fighter/Melissa-Croden-234687,2026-08-19T04:09:33.704123+00:00,"Apr 12, 1991",1991-04-12,Canada,"5'10"" / 177.8 cm",177.8,135 lbs / 61.23 kg,61.23,Raven House MMA,full/d93de9067844a719a6e0a45a3e9f5af9611754ec.jpg,200,300,13.8
35400,Revelina Berto,https://www.sherdog.com/fighter/Revelina-Berto-35400,2026-08-19T04:09:33.706790+00:00,"Jul 19, 1989",1989-07-19,United States,"5'8"" / 172.72 cm",172.72,145 lbs / 65.77 kg,65.77,Tiger's World of Martial Arts,full/6318ca0f13866510d4450d0692d09b2f7cdbbbb7.jpg,200,300,17.7
53371,Tim Welch,https://www.sherdog.com/fighter/Tim-Welch-53371,2026-08-19T04:09:33.708769+00:00,"Apr 25, 1990",1990-04-25,United States,"6'0"" / 182.88 cm",182.88,170 lbs / 77.11 kg,77.11,MMA Lab,full/11380a336e8d17ece2af781d72112707ec5a9a87.jpg,200,300,15.8
11729,Abner Lloveras,https://www.sherdog.com/fighter/Abner-Lloveras-11729,2026-08-19T04:09:33.711273+00:00,"Sep 4, 1982",1982-09-04,Spain,"5'11"" / 180.34 cm",180.34,155 lbs / 70.31 kg,70.31,Gracie Barcelona,full/0168207d5c34d9ed56d48dd83526bafc2f57b14c.jpg,200,300,15.2
10425,Rani Yahya,https://www.sherdog.com/fighter/Rani-Yahya-10425,2026-08-19T04:09:33.714898+00:00,"Sep 12, 1984",1984-09-12,Brazil,"5'6"" / 167.64 cm",167.64,135 lbs / 61.23 kg,61.23,Constrictor Team,full/762757e06e4b775b63c6e03d8f89311b398871ea.jpg,200,300,15.8
46224,Michael Chiesa,https://www.sherdog.com/fighter/Michael-Chiesa-46224,2026-08-19T04:09:33.720669+00:00,"Dec 7, 1987",1987-12-07,United States,"6'1"" / 185.42 cm",185.42,170 lbs / 77.11 kg,77.11,Sikjitsu,full/4c31a287773c4a659e826a29115a9e6e6ef03943.jpg,200,300,14.9
126971,Sean Brady,https://www.sherdog.com/fighter/Sean-Brady-126971,2026-08-19T04:09:33.726912+00:00,"Nov 23, 1992",1992-11-23,United States,"5'9"" / 175.26 cm",175.26,170 lbs / 77.11 kg,77.11,Renzo Gracie Philly,full/580589b67fe66418e258137623320a9acb2f11ce.jpg,200,300,18.3
36924,Chris Gruetzemacher,https://www.sherdog.com/fighter/Chris-Gruetzemacher-36924,2026-08-19T04:09:33.731586+00:00,"Jun 16, 1986",1986-06-16,United States,"5'8"" / 172.72 cm",172.72,155 lbs / 70.31 kg,70.31,2 Knuckle Sports MMA Academy,full/8f254e6a9ff0d8cfe0378b2dd62e5361335c8f56.jpg,200,300,13.0
200771,Mallory Martin,https://www.sherdog.com/fighter/Mallory-Martin-200771,2026-08-19T04:09:33.735478+00:00,"Jan 29, 1994",1994-01-29,United States,"5'4"" / 162.56 cm",162.56,115 lbs / 52.16 kg,52.16,Elevation Fight Team,full/22e4c54a0ecbfef43fdc89f102cb4d3af77b12cc.jpg,200,300,13.2
233189,Priya Sharma,https://www.sherdog.com/fighter/Priya-Sharma-233189,2026-08-19T04:09:33.550113+00:00,"Aug 29, 1991",1991-08-29,India,"5'2"" / 157.48 cm",157.48,119 lbs / 53.98 kg,53.98,Superhuman Gym,full/bd553aad88bb23b59a916b18f904d5fe05b9afd7.jpg,200,300,13.5
364447,Uran Satybaldiev,https://www.sherdog.com/fighter/Uran-Satybaldiev-364447,2026-08-19T04:09:33.693553+00:00,"Aug 10, 1994",1994-08-10,Kyrgyzstan,"6'4"" / 193.04 cm",193.04,204 lbs / 92.53 kg,92.53,Uluu Kyrgyz Team,full/b7c9e7a7852cb5b4306783f6ed0ba9691b02b231.jpg,200,300,15.7
41861,Austin Springer,https://www.sherdog.com/fighter/Austin-Springer-41861,2026-08-19T04:42:27.151368+00:00,"May 12, 1987",1987-05-12,United States,"5'8"" / 172.72 cm",172.72,151 lbs / 68.49 kg,68.49,Vancouver Elite Martial Arts,full/d5cfb173e5fce673609269d1b780f5f6d00fda80.jpg,200,300,17.5
114447,Sascha Sharma,https://www.sherdog.com/fighter/Sascha-Sharma-114447,2026-08-19T04:42:27.162154+00:00,"May 18, 1987",1987-05-18,Germany,"5'10"" / 177.8 cm",177.8,155 lbs / 70.31 kg,70.31,Kong's Gym,full/673e61d31ad8bea3d657988821cbd98bfaa740f4.jpg,200,300,10.0
90555,Christian Aguilera,https://www.sherdog.com/fighter/Christian-Aguilera-90555,2026-08-19T04:42:27.165385+00:00,"Nov 25, 1991",1991-11-25,United States,"5'9"" / 175.26 cm",175.26,170 lbs / 77.11 kg,77.11,Total MMA Studios,full/d0788e7f99758a93afc314f030f04d32cc2ca6ef.jpg,200,300,17.1
57928,Johnavan Vistante,https://www.sherdog.com/fighter/Johnavan-Vistante-57928,2026-08-19T04:42:27.168883+00:00,"Mar 28, 1990",1990-03-28,United States,"6'1"" / 185.42 cm",185.42,157 lbs / 71.21 kg,71.21,808 Fight Factory,full/93a791cbfe14acfc30564a8621a2fd0c57713437.jpg,200,300,16.6
78078,Ray Rodriguez,https://www.sherdog.com/fighter/Ray-Rodriguez-78078,2026-08-19T04:42:27.172502+00:00,"Dec 10, 1987",1987-12-10,United States,"5'7"" / 170.18 cm",170.18,135 lbs / 61.23 kg,61.23,Ohana Academy,full/b0af9280b914a3e5daf048e07e0e207cb1023c36.jpg,200,300,19.8
49232,Vlado Sikic,https://www.sherdog.com/fighter/Vlado-Sikic-49232,2026-08-19T04:42:27.175530+00:00,"Mar 10, 1990",1990-03-10,Croatia,"6'0"" / 182.88 cm",182.88,155 lbs / 70.31 kg,70.31,Spitfire Gym Berlin,full/adb5ece0d63dfb8f273a8e012700ebf432656605.jpg,200,300,10.3
327683,Luana Santos,https://www.sherdog.com/fighter/Luana-Santos-327683,2026-08-19T04:42:27.177933+00:00,"Apr 16, 2000",2000-04-16,Brazil,"5'6"" / 167.64 cm",167.64,135 lbs / 61.23 kg,61.23,011 MMA Team,full/a4aff7851c9b5b9d8d39895466830b224c1db9ff.jpg,200,300,11.9
413272,Navajo Stirling,https://www.sherdog.com/fighter/Navajo-Stirling-413272,2026-08-19T04:42:27.184380+00:00,"Nov 7, 1997",1997-11-07,New Zealand,"6'4"" / 193.04 cm",193.04,205 lbs / 92.99 kg,92.99,City Kickboxing,full/562d979dbdc8f6e870d195506641f378a72abd1e.jpg,200,300,14.7
483540,Gable Steveson,https://www.sherdog.com/fighter/Gable-Steveson-483540,2026-08-19T04:42:27.188779+00:00,"May 31, 2000",2000-05-31,United States,"6'1"" / 185.42 cm",185.42,241 lbs / 109.32 kg,109.32,La Bodega Fight Club,full/7c0e1aed968ccb3ec97543487e6f3313086e4a21.jpg,200,300,17.1
233589,Tainara Lisboa,https://www.sherdog.com/fighter/Tainara-Lisboa-233589,2026-08-19T04:42:27.190860+00:00,"Mar 2, 1991",1991-03-02,Brazil,"5'7"" / 170.18 cm",170.18,135 lbs / 61.23 kg,61.23,Damas 013,full/5e336e947e0e624d0dbe4ddfa5390b4d0dccabb3.jpg,200,300,13.8
333733,Shanelle Dyer,https://www.sherdog.com/fighter/Shanelle-Dyer-333733,2026-08-19T04:42:27.193523+00:00,"Apr 23, 2001",2001-04-23,England,"5'6"" / 167.64 cm",167.64,115 lbs / 52.16 kg,52.16,Great Britain Top Team,full/ca069fbbf32e8192f10a2662264554f3920dce95.jpg,200,300,10.5
249839,Anna Melisano,https://www.sherdog.com/fighter/Anna-Melisano-249839,2026-08-19T04:42:27.195946+00:00,"May 20, 1997",1997-05-20,United States,"5'6"" / 167.64 cm",167.64,125 lbs / 56.7 kg,56.7,Spartan Fitness MMA,full/a1cbcd9624d05224ae25a3ab8a995304ce037d1e.jpg,200,300,12.5
152049,Cheyanne Vlismas,https://www.sherdog.com/fighter/Cheyanne-Vlismas-152049,2026-08-19T04:42:27.198211+00:00,"Jun 25, 1995",1995-06-25,United States,"5'4"" / 162.56 cm",162.56,116 lbs / 52.62 kg,52.62,Xtreme Couture,full/e26baeb58542f96e8c54af713c5d408c33ee8afe.jpg,200,300,15.0
101189,Manel Kape,https://www.sherdog.com/fighter/Manel-Kape-101189,2026-08-19T04:42:27.201127+00:00,"Nov 14, 1993",1993-11-14,Angola,"5'6"" / 167.64 cm",167.64,125 lbs / 56.7 kg,56.7,Xtreme Couture,full/9455c446ff7e619dda98a378dfafed81bc231e40.jpg,200,300,13.5
51049,Maki Pitolo,https://www.sherdog.com/fighter/Maki-Pitolo-51049,2026-08-19T04:42:27.205461+00:00,"Nov 24, 1990",1990-11-24,United States,"5'9"" / 175.26 cm",175.26,179 lbs / 81.19 kg,81.19,Xtreme Couture,full/e6c4c0dc0d06bf01067df99e95f8193f0ce4b6b8.jpg,200,300,22.5
218959,Jimmy Crute,https://www.sherdog.com/fighter/Jimmy-Crute-218959,2026-08-19T04:42:27.208986+00:00,"Mar 4, 1996",1996-03-04,Australia,"6'2"" / 187.96 cm",187.96,205 lbs / 92.99 kg,92.99,Stewie's House of BJJ,full/0f4604cd34b6b4d92078ea1bc7d5807dee8d7ff8.jpg,200,300,14.1
50529,Dustin Poirier,https://www.sherdog.com/fighter/Dustin-Poirier-50529,2026-08-19T04:42:27.213368+00:00,"Jan 19, 1989",1989-01-19,United States,"5'9"" / 175.26 cm",175.26,155 lbs / 70.31 kg,70.31,American Top Team,full/a88c6503fa02a5b7a5a7c12e7c9476e24b55efc6.jpg,200,300,15.2
189731,Randy Costa,https://www.sherdog.com/fighter/Randy-Costa-189731,2026-08-19T04:42:27.223624+00:00,"Jul 6, 1994",1994-07-06,United States,"5'10"" / 177.8 cm",177.8,135 lbs / 61.23 kg,61.23,Lauzon MMA,full/f23e6d018dd7305d35acdd60977e4585a4e4d608.jpg,200,300,13.4
92115,Darrick Minner,https://www.sherdog.com/fighter/Darrick-Minner-92115,2026-08-19T04:42:27.226738+00:00,"Apr 28, 1990",1990-04-28,United States,"5'8"" / 172.72 cm",172.72,145 lbs / 65.77 kg,65.77,Glory MMA & Fitness,full/5a6c6c18b504eca7c876474a965cc232668bbe0c.jpg,200,300,17.7
15962,Ryan Hall,https://www.sherdog.com/fighter/Ryan-Hall-15962,2026-08-19T04:42:27.230639+00:00,"Feb 22, 1985",1985-02-22,United States,"5'10"" / 177.8 cm",177.8,145 lbs / 65.77 kg,65.77,50-50 BJJ,full/b34a4d074014cde91e9ec66eef8a5ca31d049ee0.jpg,200,300,15.5
50381,Cody Garbrandt,https://www.sherdog.com/fighter/Cody-Garbrandt-50381,2026-08-19T04:42:27.234047+00:00,"Jul 7, 1991",1991-07-07,United States,"5'7"" / 170.18 cm",170.18,135 lbs / 61.23 kg,61.23,Team Alpha Male,full/607bce5d906db1ebb2c023c1fe3160d2804763f0.jpg,200,300,14.9
93675,Matt Sayles,https://www.sherdog.com/fighter/Matt-Sayles-93675,2026-08-19T04:42:27.238973+00:00,"Feb 21, 1994",1994-02-21,United States,"5'7"" / 170.18 cm",170.18,155 lbs / 70.31 kg,70.31,Alliance MMA,full/773d6af08c5a5c41ef845494d44e7444d5b1f61d.jpg,200,300,17.9
204397,Andre Ewell,https://www.sherdog.com/fighter/Andre-Ewell-204397,2026-08-19T04:42:27.241692+00:00,"Jan 21, 1988",1988-01-21,United States,"5'11"" / 180.34 cm",180.34,145 lbs / 65.77 kg,65.77,Apex MMA,full/44b98b2871a4cf23d15fd9e81238407b28760570.jpg,200,300,15.8
193533,Sijara Eubanks,https://www.sherdog.com/fighter/Sijara-Eubanks-193533,2026-08-19T04:42:27.245515+00:00,"Apr 27, 1985",1985-04-27,United States,"5'4"" / 162.56 cm",162.56,128 lbs / 58.06 kg,58.06,Mark Henry Boxing,full/0dd6d6c7059b68fd1dced53c112d76b7b3bc2a1e.jpg,200,300,12.8
254717,Justin Tafa,https://www.sherdog.com/fighter/Justin-Tafa-254717,2026-08-19T04:42:27.249863+00:00,"Dec 13, 1993",1993-12-13,Australia,"6'0"" / 182.88 cm",182.88,266 lbs / 120.66 kg,120.66,NTG Fight & Fitness,full/4bdb26907800d052966ecee8ca2eb8dca66e286d.jpg,200,300,13.7
11002,Cub Swanson,https://www.sherdog.com/fighter/Cub-Swanson-11002,2026-08-19T04:42:27.253758+00:00,"Nov 2, 1983",1983-11-02,United States,"5'8"" / 172.72 cm",172.72,145 lbs / 65.77 kg,65.77,UFC Gym Costa Mesa,full/17a9591f740a989d523166756bd2b96e38517778.jpg,200,300,15.8
26358,Diego Ferreira,https://www.sherdog.com/fighter/Diego-Ferreira-26358,2026-08-19T04:42:27.260406+00:00,"Jan 18, 1985",1985-01-18,Brazil,"5'9"" / 175.26 cm",175.26,155 lbs / 70.31 kg,70.31,Fortis MMA,full/11d1e895f862845b8326d3a604f33dda8cc3bb44.jpg,200,300,11.8
9574,Raphael Assuncao,https://www.sherdog.com/fighter/Raphael-Assuncao-9574,2026-08-19T04:42:27.265322+00:00,"Jul 19, 1982",1982-07-19,Brazil,"5'5"" / 165.1 cm",165.1,135 lbs / 61.23 kg,61.23,Xtreme Couture,full/386e9836f7031264a3a9757562bb90da3980c7ce.jpg,200,300,12.9
59608,Stephen Thompson,https://www.sherdog.com/fighter/Stephen-Thompson-59608,2026-08-19T04:42:27.270714+00:00,"Feb 11, 1983",1983-02-11,United States,"6'0"" / 182.88 cm",182.88,170 lbs / 77.11 kg,77.11,Upstate Karate,full/638a7f25b7099b2541c0c36f46310850e77c98b1.jpg,200,300,13.3
213745,Giga Chikadze,https://www.sherdog.com/fighter/Giga-Chikadze-213745,2026-08-19T04:42:27.276101+00:00,"Aug 25, 1988",1988-08-25,Georgia,"6'0"" / 182.88 cm",182.88,145 lbs / 65.77 kg,65.77,Kings MMA,full/7a7e3e69b3ccaf0a2c9f9cbfa5346368dc804789.jpg,200,300,12.6
203711,Dakota Bush,https://www.sherdog.com/fighter/Dakota-Bush-203711,2026-08-19T04:42:27.280122+00:00,"Jun 9, 1994",1994-06-09,United States,"5'10"" / 177.8 cm",177.8,155 lbs / 70.31 kg,70.31,The Smith Pit,full/3b4900a3b26e41ecba4d3f5303f99ef5db3e10dd.jpg,200,300,15.0
132211,Rogerio Bontorin,https://www.sherdog.com/fighter/Rogerio-Bontorin-132211,2026-08-19T04:42:27.282868+00:00,"Apr 25, 1992",1992-04-25,Brazil,"5'5"" / 165.1 cm",165.1,135 lbs / 61.23 kg,61.23,Gile Ribeiro Team,full/bd39f482c9f6b96030970a201643ed626a28238a.jpg,200,300,13.2
152341,Francis Ngannou,https://www.sherdog.com/fighter/Francis-Ngannou-152341,2026-08-19T04:42:27.286168+00:00,"Sep 5, 1986",1986-09-05,France,"6'4"" / 193.04 cm",193.04,257 lbs / 116.57 kg,116.57,Xtreme Couture,full/273a552b2aeb916d165507154415ba30a086e5bd.jpg,200,300,10.4
100247,Matt Frevola,https://www.sherdog.com/fighter/Matt-Frevola-100247,2026-08-19T04:42:27.293013+00:00,"Jun 11, 1990",1990-06-11,United States,"5'9"" / 175.26 cm",175.26,155 lbs / 70.31 kg,70.31,Gracie Tampa South,full/7a7a8e0e6d7d7987e2e844d4fc8e687f2c5445d9.jpg,200,300,12.8
156991,Saimon Oliveira,https://www.sherdog.com/fighter/Saimon-Oliveira-156991,2026-08-19T04:42:27.298853+00:00,"Apr 21, 1991",1991-04-21,Brazil,"5'8"" / 172.72 cm",172.72,144 lbs / 65.32 kg,65.32,Astra Fight Team,full/069a52378fdefeae834c1b0f9ca6cd585b8d9956.jpg,200,300,11.0
261813,Pete Rodriguez,https://www.sherdog.com/fighter/Pete-Rodriguez-261813,2026-08-19T04:42:27.302186+00:00,"Nov 13, 1996",1996-11-13,United States,"5'9"" / 175.26 cm",175.26,170 lbs / 77.11 kg,77.11,Dominate MMA,full/3620a9b5ad8d9081b9babe82ee3e3ed0b5c326b9.jpg,200,300,11.2
94587,Raoni Barcelos,https://www.sherdog.com/fighter/Raoni-Barcelos-94587,2026-08-19T04:42:27.304668+00:00,"May 1, 1987",1987-05-01,Brazil,"5'7"" / 170.18 cm",170.18,135 lbs / 61.23 kg,61.23,Laerte Barcelos Team,full/4424bfc594474713070df8ec39eebb5c69bf7a87.jpg,200,300,12.3
52195,Victor Henry,https://www.sherdog.com/fighter/Victor-Henry-52195,2026-08-19T04:42:27.309230+00:00,"May 4, 1987",1987-05-04,United States,"5'7"" / 170.18 cm",170.18,135 lbs / 61.23 kg,61.23,UWF USA,full/8a5806272a0d6c396b509ce3fd57a1de65501343.jpg,200,300,11.0
110485,Deiveson Figueiredo,https://www.sherdog.com/fighter/Deiveson-Figueiredo-110485,2026-08-19T04:42:27.312999+00:00,"Dec 18, 1987",1987-12-18,Brazil,"5'5"" / 165.1 cm",165.1,136 lbs / 61.69 kg,61.69,Team Figueiredo,full/f0a0e7b8c592cea7d50b9fd91e6926eeaeefa2a1.jpg,200,300,14.7
206399,Denys Bondar,https://www.sherdog.com/fighter/Denys-Bondar-206399,2026-08-19T04:42:27.318567+00:00,"Jun 27, 1992",1992-06-27,Ukraine,"5'6"" / 167.64 cm",167.64,125 lbs / 56.7 kg,56.7,Yod,full/090e188cb8ce089a44fbc64f0e2af11aee638b7d.jpg,200,300,10.6
113429,Malcolm Gordon,https://www.sherdog.com/fighter/Malcolm-Gordon-113429,2026-08-19T04:42:27.321575+00:00,"May 19, 1990",1990-05-19,Canada,"5'7"" / 170.18 cm",170.18,128 lbs / 58.06 kg,58.06,Adrenaline Training Center,full/5a382c492fe906aab652cbc91d356ef8f5733e15.jpg,200,300,15.7
121067,Philip Rowe,https://www.sherdog.com/fighter/Philip-Rowe-121067,2026-08-19T04:42:27.324944+00:00,"Jul 18, 1990",1990-07-18,United States,"6'3"" / 190.5 cm",190.5,181 lbs / 82.1 kg,82.1,Fusion X-Cel Performance,full/d38d73f45576998f2db8c1184237183b4a921877.jpg,200,300,14.6
172145,Danilo Marques,https://www.sherdog.com/fighter/Danilo-Marques-172145,2026-08-19T04:42:27.328601+00:00,"Dec 26, 1985",1985-12-26,Brazil,"6'6"" / 198.12 cm",198.12,249 lbs / 112.94 kg,112.94,Kings MMA,full/ff57eb9a7f859d705d26232cabeedb1e4c25d506.jpg,200,300,16.4
22071,Alexis Davis,https://www.sherdog.com/fighter/Alexis-Davis-22071,2026-08-19T04:42:27.334964+00:00,"Oct 4, 1984",1984-10-04,Canada,"5'6"" / 167.64 cm",167.64,135 lbs / 61.23 kg,61.23,Combat Sports Academy,full/15f93cbdf15986b0de45a56f97c4ae890d67589e.jpg,200,300,20.9
172691,Miles Johns,https://www.sherdog.com/fighter/Miles-Johns-172691,2026-08-19T04:42:27.339641+00:00,"Mar 30, 1994",1994-03-30,United States,"5'7"" / 170.18 cm",170.18,146 lbs / 66.22 kg,66.22,Marathon MMA,full/5197da99b342b4345cb82eebe1e9e0c624c27ed8.jpg,200,300,16.5
86536,John Castaneda,https://www.sherdog.com/fighter/John-Castaneda-86536,2026-08-19T04:42:27.343810+00:00,"Dec 18, 1991",1991-12-18,United States,"5'7"" / 170.18 cm",170.18,139 lbs / 63.05 kg,63.05,The Academy,full/7b24f36a847ed01c513c34ed75dd6f07f099e112.jpg,200,300,16.5
60433,Steven Peterson,https://www.sherdog.com/fighter/Steven-Peterson-60433,2026-08-19T04:42:27.347867+00:00,"May 29, 1990",1990-05-29,United States,"5'9"" / 175.26 cm",175.26,145 lbs / 65.77 kg,65.77,Fortis MMA,full/cff6955a85217d7cee21d59ef2c31fdc07434540.jpg,200,300,16.3
85711,Carlston Harris,https://www.sherdog.com/fighter/Carlston-Harris-85711,2026-08-19T04:42:27.351687+00:00,"Jul 9, 1987",1987-07-09,Guyana,"6'0"" / 182.88 cm",182.88,171 lbs / 77.56 kg,77.56,Renovacao Fight Team,full/938d5c0fea1aa508fddb5f6b4d4239a4212a3b6b.jpg,200,300,10.8
339497,Cameron Smotherman,https://www.sherdog.com/fighter/Cameron-Smotherman-339497,2026-08-19T04:42:27.181209+00:00,"Sep 17, 1997",1997-09-17,United States,"5'9"" / 175.26 cm",175.26,136 lbs / 61.69 kg,61.69,Metro Fight Club,full/1632f32affa12543c66df6a3905eabe173af290a.jpg,200,300,18.6
227047,Genaro Valdez,https://www.sherdog.com/fighter/Genaro-Valdez-227047,2026-08-19T04:42:27.290475+00:00,"Jan 16, 1992",1992-01-16,Mexico,"5'10"" / 177.8 cm",177.8,155 lbs / 70.31 kg,70.31,Entram Gym,full/67cad026e131ef91316676378bcd8dd0b6bcbfef.jpg,200,300,18.5
182325,Muin Gafurov,https://www.sherdog.com/fighter/Muin-Gafurov-182325,2026-08-19T05:14:56.051932+00:00,"May 17, 1996",1996-05-17,Tajikistan,"5'7"" / 170.18 cm",170.18,141 lbs / 63.96 kg,63.96,Taj-Fighter,full/692b9282f7f266c80a1571d8224b0938e4d90429.jpg,200,300,18.3
309575,Mark Vologdin,https://www.sherdog.com/fighter/Mark-Vologdin-309575,2026-08-19T05:14:56.142075+00:00,"Apr 18, 2000",2000-04-18,Russia,"5'5"" / 165.1 cm",165.1,135 lbs / 61.23 kg,61.23,Allstars Training Center,full/a6026b2e2021db2ec7ada2f9bfe3dc0d409a4133.jpg,200,300,18.3
84807,Kevin Natividad,https://www.sherdog.com/fighter/Kevin-Natividad-84807,2026-08-19T05:14:56.145228+00:00,"Apr 2, 1993",1993-04-02,United States,"5'6"" / 167.64 cm",167.64,138 lbs / 62.6 kg,62.6,Arizona Combat Sports,full/16b1b0b13ec4681567fa69223dd0a70b2586ec8b.jpg,200,300,9.7
188217,Gianni Vazquez,https://www.sherdog.com/fighter/Gianni-Vazquez-188217,2026-08-19T05:14:56.148127+00:00,"Jul 13, 1994",1994-07-13,Mexico,"5'7"" / 170.18 cm",170.18,143 lbs / 64.86 kg,64.86,Calmecac Team,full/3fa163c48d2817c339442f2805df7d05abc6359f.jpg,200,300,16.3
5358,Rosi Sexton,https://www.sherdog.com/fighter/Rosi-Sexton-5358,2026-08-19T05:14:56.150928+00:00,"Jul 16, 1977",1977-07-16,England,"5'3"" / 160.02 cm",160.02,125 lbs / 56.7 kg,56.7,Next Generation MMA Liverpool,full/0ae5b533c5607226ddb97fd3377e124ad8bce424.jpg,200,300,14.5
42457,Cindy Dandois,https://www.sherdog.com/fighter/Cindy-Dandois-42457,2026-08-19T05:14:56.153498+00:00,"Oct 26, 1984",1984-10-26,Belgium,"5'7"" / 170.18 cm",170.18,135 lbs / 61.23 kg,61.23,Lynx MMA,full/261ac9c56fa05423d874ca341940fc0d675caf07.jpg,200,300,18.1
221351,David Martinez,https://www.sherdog.com/fighter/David-Martinez-221351,2026-08-19T05:14:56.162595+00:00,"Aug 3, 1998",1998-08-03,Mexico,"5'6"" / 167.64 cm",167.64,135 lbs / 61.23 kg,61.23,Bonebreakers MMA,full/ab03b56ca9222624475760d693ca8d710070ae56.jpg,200,300,12.6
97579,Luan Lacerda,https://www.sherdog.com/fighter/Luan-Lacerda-97579,2026-08-19T05:14:56.165338+00:00,"Jan 7, 1993",1993-01-07,Brazil,"5'7"" / 170.18 cm",170.18,135 lbs / 61.23 kg,61.23,Nova Uniao,full/1d801745fb142937dbfe77eb85d962d668bc0a68.jpg,200,300,16.4
237195,Jamey Simmons,https://www.sherdog.com/fighter/Jamey-Simmons-237195,2026-08-19T05:14:56.168230+00:00,"Sep 11, 1992",1992-09-11,United States,"5'5"" / 165.1 cm",165.1,135 lbs / 61.23 kg,61.23,Pura Vida BJJ,full/0ba7ee5fd677c92e22bff47f710a1d946d384853.jpg,200,300,13.1
391233,Kevin Vallejos,https://www.sherdog.com/fighter/Kevin-Vallejos-391233,2026-08-19T05:14:56.170671+00:00,"Dec 8, 2001",2001-12-08,Argentina,"5'7"" / 170.18 cm",170.18,145 lbs / 65.77 kg,65.77,Brothers of Life MMA,full/90887307bd370735d7af94303dc68e6e589da73a.jpg,200,300,21.3
185083,Gabriel Bonfim,https://www.sherdog.com/fighter/Gabriel-Bonfim-185083,2026-08-19T05:14:56.173742+00:00,"Aug 20, 1997",1997-08-20,Brazil,"6'0"" / 182.88 cm",182.88,170 lbs / 77.11 kg,77.11,Bonfim Brothers,full/810284e6c7fe1ec4011f0c5311447555fcf34d0c.jpg,200,300,12.3
116971,Kron Gracie,https://www.sherdog.com/fighter/Kron-Gracie-116971,2026-08-19T05:14:56.177263+00:00,"Jul 11, 1988",1988-07-11,Brazil,"5'9"" / 175.26 cm",175.26,145 lbs / 65.77 kg,65.77,Kron Gracie Jiu-Jitsu,full/4e3ce083be2e0b5e647a8c56ce5c1bb545d37fec.jpg,200,300,10.2
394342,Tallison Teixeira,https://www.sherdog.com/fighter/Tallison-Teixeira-394342,2026-08-19T05:14:56.179913+00:00,"Dec 7, 1999",1999-12-07,Brazil,"6'7"" / 200.66 cm",200.66,250 lbs / 113.4 kg,113.4,Team Lucas Mineiro,full/315b14a627108a48cf5993ff91532e6303383913.jpg,200,300,11.5
91345,Maia Kahaunaele,https://www.sherdog.com/fighter/Maia-Kahaunaele-91345,2026-08-19T05:14:56.182653+00:00,"Mar 19, 1982",1982-03-19,United States,"5'4"" / 162.56 cm",162.56,115 lbs / 52.16 kg,52.16,Joe Stevenson's Cobra Kai,full/b9f67ea6f172a8639a9856d626de393e6076f000.jpg,200,300,11.0
78383,Irwin Rivera,https://www.sherdog.com/fighter/Irwin-Rivera-78383,2026-08-19T05:14:56.185117+00:00,"Feb 14, 1989",1989-02-14,United States,"5'6"" / 167.64 cm",167.64,135 lbs / 61.23 kg,61.23,Sanford MMA,full/e1455311b5fd073dbc9489aa136ba2fa94e5e00d.jpg,200,300,20.9
84086,Frantz Slioa,https://www.sherdog.com/fighter/Frantz-Slioa-84086,2026-08-19T05:14:56.188002+00:00,"Apr 9, 1991",1991-04-09,Sweden,"6'0"" / 182.88 cm",182.88,143 lbs / 64.86 kg,64.86,Allstars Training Center,full/362b95c4a0dadebeef71266f4f9de89f8e53fe8f.jpg,200,300,8.3
131463,Boston Salmon,https://www.sherdog.com/fighter/Boston-Salmon-131463,2026-08-19T05:14:56.190333+00:00,"Nov 20, 1990",1990-11-20,United States,"5'9"" / 175.26 cm",175.26,145 lbs / 65.77 kg,65.77,PHD Athletics,full/0282d4fa25749ff5a3c7969a804ae4499901362d.jpg,200,300,11.9
198413,Ivan Erslan,https://www.sherdog.com/fighter/Ivan-Erslan-198413,2026-08-19T05:14:56.192797+00:00,"Nov 15, 1991",1991-11-15,Croatia,"6'2"" / 187.96 cm",187.96,206 lbs / 93.44 kg,93.44,American Top Team Zagreb,full/74e4bfe4ef6915fde0a147f27d8fb7a4164dcc41.jpg,200,300,11.4
266457,Rodolfo Bellato,https://www.sherdog.com/fighter/Rodolfo-Bellato-266457,2026-08-19T05:14:56.195899+00:00,"Feb 5, 1996",1996-02-05,Brazil,"6'3"" / 190.5 cm",190.5,205 lbs / 92.99 kg,92.99,KO Squad MMA,full/7c2c4e81267908f6a1dae22675359c47d4e0bff6.jpg,200,300,16.8
226035,Kai Asakura,https://www.sherdog.com/fighter/Kai-Asakura-226035,2026-08-19T05:14:56.198936+00:00,"Oct 31, 1993",1993-10-31,Japan,"5'8"" / 172.72 cm",172.72,136 lbs / 61.69 kg,61.69,Japan Top Team,full/f72178f9f7f5107d6e81303236b35be714c524d6.jpg,200,300,14.3
143479,Anthony Ivy,https://www.sherdog.com/fighter/Anthony-Ivy-143479,2026-08-19T05:14:56.202326+00:00,"Jan 23, 1990",1990-01-23,United States,"6'2"" / 187.96 cm",187.96,176 lbs / 79.83 kg,79.83,W4R Training Center,full/eeb78e684072c651c3028546950a7626d1d6bf58.jpg,200,300,16.5
91935,Sean Carter,https://www.sherdog.com/fighter/Sean-Carter-91935,2026-08-19T05:14:56.205196+00:00,"Oct 2, 1984",1984-10-02,England,"6'0"" / 182.88 cm",182.88,155 lbs / 70.31 kg,70.31,BKK Fighters,full/c2d23a7b18ecf52e5d3d5497e2728bc25d48ebf8.jpg,200,300,11.3
33201,Maxim Grishin,https://www.sherdog.com/fighter/Maxim-Grishin-33201,2026-08-19T05:14:56.207749+00:00,"May 2, 1984",1984-05-02,Russia,"6'3"" / 190.5 cm",190.5,207 lbs / 93.89 kg,93.89,Fight Club Akhmat,full/e28022cc1c86aecd160fde437cdc2931961633a3.jpg,200,300,9.8
119943,A.J. Dobson,https://www.sherdog.com/fighter/AJ-Dobson-119943,2026-08-19T05:14:56.211797+00:00,"Jan 18, 1992",1992-01-18,United States,"6'2"" / 187.96 cm",187.96,185 lbs / 83.91 kg,83.91,Strong Style Fight Team,full/f48d8d02343551227db4da301900c611c05c7239.jpg,200,300,11.0
130553,Leomana Martinez,https://www.sherdog.com/fighter/Leomana-Martinez-130553,2026-08-19T05:14:56.214620+00:00,"Mar 25, 1996",1996-03-25,United States,"5'10"" / 177.8 cm",177.8,135 lbs / 61.23 kg,61.23,Glory MMA & Fitness,full/b00c410957484eff4e472c4936d47648c741ce52.jpg,200,300,14.4
230293,Fabio Cherant,https://www.sherdog.com/fighter/Fabio-Cherant-230293,2026-08-19T05:14:56.217594+00:00,"Nov 25, 1994",1994-11-25,United States,"6'1"" / 185.42 cm",185.42,250 lbs / 113.4 kg,113.4,Kill Cliff FC,full/0b698172bc06deb0d21769987754b189e709d0f4.jpg,200,300,13.7
92673,Marcelo Rojo,https://www.sherdog.com/fighter/Marcelo-Rojo-92673,2026-08-19T05:14:56.220231+00:00,"Jul 2, 1988",1988-07-02,Argentina,"5'8"" / 172.72 cm",172.72,145 lbs / 65.77 kg,65.77,Entram Gym,full/32a42f61c57b53aeae9a878a92bbfd0a1bff27a1.jpg,200,300,12.9
190919,Kyler Phillips,https://www.sherdog.com/fighter/Kyler-Phillips-190919,2026-08-19T05:14:56.223243+00:00,"Jun 12, 1995",1995-06-12,United States,"5'8"" / 172.72 cm",172.72,135 lbs / 61.23 kg,61.23,MMA Lab,full/42d81113998be4f10a3859b0d454c1009e9c9f54.jpg,200,300,13.5
8785,Roxanne Modafferi,https://www.sherdog.com/fighter/Roxanne-Modafferi-8785,2026-08-19T05:14:56.227573+00:00,"Sep 24, 1982",1982-09-24,United States,"5'6"" / 167.64 cm",167.64,125 lbs / 56.7 kg,56.7,Syndicate MMA,full/3bb035cec92b657931e04a03a8ca2ccf778eba5e.jpg,200,300,14.8
175007,Casey O'Neill,https://www.sherdog.com/fighter/Casey-ONeill-175007,2026-08-19T05:14:56.233302+00:00,"Oct 7, 1997",1997-10-07,Scotland,"5'6"" / 167.64 cm",167.64,125 lbs / 56.7 kg,56.7,Bangtao Muay Thai & MMA,full/37fb45c1e161246b6fa5401f1883f01752f23f55.jpg,200,300,13.1
97669,Alexander Hernandez,https://www.sherdog.com/fighter/Alexander-Hernandez-97669,2026-08-19T05:14:56.236798+00:00,"Oct 1, 1992",1992-10-01,United States,"5'9"" / 175.26 cm",175.26,155 lbs / 70.31 kg,70.31,Factory X,full/fdb27334d22f2678018c1c208799e5916deabc33.jpg,200,300,14.0
68494,Derek Brunson,https://www.sherdog.com/fighter/Derek-Brunson-68494,2026-08-19T05:14:56.241814+00:00,"Jan 4, 1984",1984-01-04,United States,"6'1"" / 185.42 cm",185.42,186 lbs / 84.37 kg,84.37,Kill Cliff FC,full/c52f7801b2c064aa65123f2950d086249b08bd86.jpg,200,300,12.3
281761,Kathryn Paprocki,https://www.sherdog.com/fighter/Kathryn-Paprocki-281761,2026-08-19T05:14:56.247538+00:00,"Apr 28, 1993",1993-04-28,United States,"5'3"" / 160.02 cm",160.02,115 lbs / 52.16 kg,52.16,DCO MMA & FItness,full/00401866b6f8b6f9ca33b7bea8b00c0a4ca3a5af.jpg,200,300,12.4
310615,Nyle Bartling,https://www.sherdog.com/fighter/Nyle-Bartling-310615,2026-08-19T05:14:56.249876+00:00,"Feb 8, 1993",1993-02-08,United States,"6'2"" / 187.96 cm",187.96,227 lbs / 102.97 kg,102.97,Glory MMA & Fitness,full/a4ced55652ebe25ba3727da216c3e077e9f53c58.jpg,200,300,15.6
243945,Helen Peralta,https://www.sherdog.com/fighter/Helen-Peralta-243945,2026-08-19T05:14:56.252120+00:00,"Jul 10, 1988",1988-07-10,United States,"5'1"" / 154.94 cm",154.94,125 lbs / 56.7 kg,56.7,Martinez BJJ,full/a14676dafec4a3a32d52db7c10eccff012086462.jpg,200,300,14.4
208607,Mitchell Sipe,https://www.sherdog.com/fighter/Mitchell-Sipe-208607,2026-08-19T05:14:56.254635+00:00,"Apr 9, 1996",1996-04-09,United States,"6'2"" / 187.96 cm",187.96,253 lbs / 114.76 kg,114.76,World Crown Sports,full/9eb48134f02d6899d17946da3816a42b3a19bdaf.jpg,200,300,10.8
303043,Christian Rodriguez,https://www.sherdog.com/fighter/Christian-Rodriguez-303043,2026-08-19T05:14:56.256801+00:00,"Dec 17, 1997",1997-12-17,United States,"5'7"" / 170.18 cm",170.18,145 lbs / 65.77 kg,65.77,Roufusport,full/c98978bf0fde88b6b1b7ecf7b9fbe08a79d97d78.jpg,200,300,9.8
105079,Jesse Strader,https://www.sherdog.com/fighter/Jesse-Strader-105079,2026-08-19T05:14:56.260441+00:00,"May 29, 1991",1991-05-29,United States,"5'7"" / 170.18 cm",170.18,135 lbs / 61.23 kg,61.23,Kemo's Fight Factory,full/1bd1456955a874c9e313b455ff888d081708b92f.jpg,200,300,20.4
174381,Diana Belbita,https://www.sherdog.com/fighter/Diana-Belbita-174381,2026-08-19T05:14:56.263016+00:00,"Jun 26, 1996",1996-06-26,Romania,"5'7"" / 170.18 cm",170.18,125 lbs / 56.7 kg,56.7,House of Champions MMA,full/fb85524efa8f7f7d1acee3f9983cf9b8b52a7a54.jpg,200,300,15.2
50217,Mark Striegl,https://www.sherdog.com/fighter/Mark-Striegl-50217,2026-08-19T05:14:56.266558+00:00,"Jun 23, 1988",1988-06-23,Philippines,"5'8"" / 172.72 cm",172.72,145 lbs / 65.77 kg,65.77,Round 1 MMA,full/dfc8265f38d733c6b9070f7f7c0f2f5e54860f4c.jpg,200,300,10.1
47227,Chas Skelly,https://www.sherdog.com/fighter/Chas-Skelly-47227,2026-08-19T05:14:56.269381+00:00,"May 11, 1985",1985-05-11,United States,"5'11"" / 180.34 cm",180.34,145 lbs / 65.77 kg,65.77,Kill Cliff FC,full/b3a3a41dccc81262e3f43e17651622fe061ce9a1.jpg,200,300,11.8
151701,Abdul Razak Alhassan,https://www.sherdog.com/fighter/Abdul-Razak-Alhassan-151701,2026-08-19T05:14:56.273365+00:00,"Aug 11, 1985",1985-08-11,Ghana,"5'10"" / 177.8 cm",177.8,185 lbs / 83.91 kg,83.91,Elevation Fight Team,full/6e32207a5db37fc25f6a229e88b9df9d06659234.jpg,200,300,12.5
4638,Rob MacDonald,https://www.sherdog.com/fighter/Rob-MacDonald-4638,2026-08-19T05:14:56.280887+00:00,"Sep 5, 1978",1978-09-05,Canada,"6'3"" / 190.5 cm",190.5,230 lbs / 104.33 kg,104.33,Franco Behring,full/0bab56408e7f84997e235ed394f6c94772c2bbbd.jpg,200,300,14.0
235619,Claire Guthrie,https://www.sherdog.com/fighter/Claire-Guthrie-235619,2026-08-19T05:14:56.284497+00:00,"Sep 19, 1995",1995-09-19,United States,"5'6"" / 167.64 cm",167.64,136 lbs / 61.69 kg,61.69,Elevation Fight Team,full/8cf8993ea374499b0106f009e2ca67de6cdb2f9f.jpg,200,300,11.4
201389,Chandler Cole,https://www.sherdog.com/fighter/Chandler-Cole-201389,2026-08-19T05:14:56.286984+00:00,"Jan 9, 1995",1995-01-09,United States,"5'10"" / 177.8 cm",177.8,262 lbs / 118.84 kg,118.84,Wise County Combat Club,full/0827dd92d80a8f193dc4cf0303ff0a745664b3a6.jpg,200,300,20.9
27953,King Green,https://www.sherdog.com/fighter/King-Green-27953,2026-08-19T05:14:56.289754+00:00,"Sep 9, 1986",1986-09-09,United States,"5'10"" / 177.8 cm",177.8,155 lbs / 70.31 kg,70.31,Pinnacle MMA,full/314bf90964a1a3e6bf1ca1276a40dfbb186422ef.jpg,200,300,13.8
76836,Islam Makhachev,https://www.sherdog.com/fighter/Islam-Makhachev-76836,2026-08-19T05:14:56.297642+00:00,"Oct 27, 1991",1991-10-27,Russia,"5'10"" / 177.8 cm",177.8,170 lbs / 77.11 kg,77.11,Eagles MMA,full/562f169af90859636d51318ba81d787a331c93db.jpg,200,300,14.8
171603,Carlos Hernandez,https://www.sherdog.com/fighter/Carlos-Hernandez-171603,2026-08-19T05:14:56.302892+00:00,"Oct 25, 1993",1993-10-25,United States,"5'5"" / 165.1 cm",165.1,125 lbs / 56.7 kg,56.7,Valle Flow Striking,full/9937f0c0a6e694ec077b76c2aec70b88ca71df34.jpg,200,300,15.0
184113,Micheal Gillmore,https://www.sherdog.com/fighter/Micheal-Gillmore-184113,2026-08-19T05:14:56.306229+00:00,"Mar 28, 1987",1987-03-28,United States,"5'11"" / 180.34 cm",180.34,185 lbs / 83.91 kg,83.91,Murcielago MMA,full/f979d9bda072323256af6a0e1a60e770878f5baa.jpg,200,300,11.8
178855,Ramiz Brahimaj,https://www.sherdog.com/fighter/Ramiz-Brahimaj-178855,2026-08-19T05:14:56.310749+00:00,"Nov 17, 1992",1992-11-17,United States,"5'10"" / 177.8 cm",177.8,170 lbs / 77.11 kg,77.11,Valle Flow Striking,full/b0d5a0d7cb09a9c98c2192053f087985f514a492.jpg,200,300,14.1
72466,Martin Delaney,https://www.sherdog.com/fighter/Martin-Delaney-72466,2026-08-19T05:49:02.227465+00:00,"Jun 6, 1979",1979-06-06,Scotland,,,155 lbs / 70.31 kg,70.31,Dinky Ninjas,full/06750042ca3546753bbb0eb81887e4093da8ed0e.jpg,200,300,11.3
250007,Hannah Guy,https://www.sherdog.com/fighter/Hannah-Guy-250007,2026-08-19T05:14:56.278280+00:00,"May 4, 1995",1995-05-04,United States,"5'4"" / 162.56 cm",162.56,126 lbs / 57.15 kg,57.15,Relentless Grappling & MMA,full/0a2ec37bd8346616a32b022b8e58911734773305.jpg,200,300,13.6
403608,Nyamjargal Tumendemberel,https://www.sherdog.com/fighter/Nyamjargal-Tumendemberel-403608,2026-08-19T05:49:02.193662+00:00,"Mar 22, 1998",1998-03-22,Mongolia,"5'7"" / 170.18 cm",170.18,126 lbs / 57.15 kg,57.15,ASM BJJ Association,full/9455db0cdba17b69292a8b343370ff7b9f3b7bfc.jpg,200,300,14.9
217915,Lance Gibson Jr.,https://www.sherdog.com/fighter/Lance-Gibson-Jr-217915,2026-08-19T05:49:02.204022+00:00,"Feb 2, 1995",1995-02-02,Canada,"5'10"" / 177.8 cm",177.8,155 lbs / 70.31 kg,70.31,Gibson Kickboxing & Pankration,full/3bc2eff924e85828eac0a084054cb449932a519f.jpg,200,300,13.6
47068,Sabah Homasi,https://www.sherdog.com/fighter/Sabah-Homasi-47068,2026-08-19T05:49:02.206874+00:00,"Oct 19, 1988",1988-10-19,United States,"6'0"" / 182.88 cm",182.88,170 lbs / 77.11 kg,77.11,American Top Team,full/9d87d26fea4e57ce30f4c1a8a207e97c06cba8f1.jpg,200,300,19.8
56524,Jordan Griffin,https://www.sherdog.com/fighter/Jordan-Griffin-56524,2026-08-19T05:49:02.210367+00:00,"Feb 23, 1990",1990-02-23,United States,"5'10"" / 177.8 cm",177.8,145 lbs / 65.77 kg,65.77,Roufusport,full/c9f9973c3b7b79076a77cc96be8901623f81c52a.jpg,200,300,14.2
259641,Joshua Weems,https://www.sherdog.com/fighter/Joshua-Weems-259641,2026-08-19T05:49:02.214212+00:00,"May 5, 1994",1994-05-05,United States,"5'8"" / 172.72 cm",172.72,145 lbs / 65.77 kg,65.77,Black Sails MMA,full/3de74813fb454ebd2842687a00fce0d98bd45ecb.jpg,200,300,12.7
164341,Lara Fritzen,https://www.sherdog.com/fighter/Lara-Fritzen-164341,2026-08-19T05:49:02.217205+00:00,"Nov 14, 1995",1995-11-14,Brazil,"5'4"" / 162.56 cm",162.56,125 lbs / 56.7 kg,56.7,Nova Uniao,full/6ee6e0b37d363842a6727ad231b1dc81eba4d4d9.jpg,200,300,13.3
222841,Shana Dobson,https://www.sherdog.com/fighter/Shana-Dobson-222841,2026-08-19T05:49:02.221281+00:00,"Mar 30, 1989",1989-03-30,United States,"5'6"" / 167.64 cm",167.64,125 lbs / 56.7 kg,56.7,Elevation Fight Team,full/3f23bf286fc637f9f7bf80a8820f6aa60800de1a.jpg,200,300,13.5
376548,Luke Fernandez,https://www.sherdog.com/fighter/Luke-Fernandez-376548,2026-08-19T05:49:02.224862+00:00,"Jun 29, 1995",1995-06-29,United States,"6'2"" / 187.96 cm",187.96,205 lbs / 92.99 kg,92.99,Dante Rivera BJJ,full/cd082828c4fd558c85bbe7828a907fe32ba8642c.jpg,200,300,12.1
196307,Ali AlQaisi,https://www.sherdog.com/fighter/Ali-AlQaisi-196307,2026-08-19T05:49:02.229853+00:00,"Aug 23, 1990",1990-08-23,Jordan,"5'8"" / 172.72 cm",172.72,147 lbs / 66.68 kg,66.68,Gladiator MMA,full/e099ccd1ea30fd7af4da1ba940ca9813265da16b.jpg,200,300,10.3
310429,Danny Silva,https://www.sherdog.com/fighter/Danny-Silva-310429,2026-08-19T05:49:02.232823+00:00,"Jan 30, 1997",1997-01-30,United States,"5'11"" / 180.34 cm",180.34,145 lbs / 65.77 kg,65.77,CSW,full/f35a1e0d4f5ede44b2337da6cc0a725b28664599.jpg,200,300,15.0
236589,Hecher Sosa,https://www.sherdog.com/fighter/Hecher-Sosa-236589,2026-08-19T05:49:02.236061+00:00,"Aug 25, 1995",1995-08-25,Spain,"5'9"" / 175.26 cm",175.26,135 lbs / 61.23 kg,61.23,Animal Fight Center,full/61e9676e46895e88961f99b5713d6b5ba2ed3b79.jpg,200,300,20.4
229283,Borislav Nikolic,https://www.sherdog.com/fighter/Borislav-Nikolic-229283,2026-08-19T05:49:02.240755+00:00,"Jan 29, 1993",1993-01-29,Serbia,"5'9"" / 175.26 cm",175.26,136 lbs / 61.69 kg,61.69,Secutor,full/10e7e96022c7db4bd23d5ed5e3af28b922b493ad.jpg,200,300,13.0
169259,Jakub Wiklacz,https://www.sherdog.com/fighter/Jakub-Wiklacz-169259,2026-08-19T05:49:02.243227+00:00,"Sep 10, 1996",1996-09-10,Poland,"5'8"" / 172.72 cm",172.72,135 lbs / 61.23 kg,61.23,Arrachion Olsztyn,full/fa8f3fda8ae660891b72160af99be779ab08528e.jpg,200,300,11.0
13428,Alejandro Perez,https://www.sherdog.com/fighter/Alejandro-Perez-13428,2026-08-19T05:49:02.246093+00:00,"Sep 2, 1989",1989-09-02,Mexico,"5'6"" / 167.64 cm",167.64,135 lbs / 61.23 kg,61.23,American Kickboxing Academy,full/f388d84e34025b393b67d4fb2f961b35553524fa.jpg,200,300,18.7
147215,Josiane Nunes,https://www.sherdog.com/fighter/Josiane-Nunes-147215,2026-08-19T05:49:02.251129+00:00,"Dec 23, 1993",1993-12-23,Brazil,"5'3"" / 160.02 cm",160.02,135 lbs / 61.23 kg,61.23,Striker's House,full/11a9d7555e324241835155bf70841e2c21937a46.jpg,200,300,15.5
233823,Zhu Rong,https://www.sherdog.com/fighter/Zhu-Rong-233823,2026-08-19T05:49:02.254340+00:00,"Mar 7, 2000",2000-03-07,China,"5'11"" / 180.34 cm",180.34,156 lbs / 70.76 kg,70.76,City Kickboxing,full/504837ba2ea48e144389707171a0e70b793cdb19.jpg,200,300,10.4
221417,Ignacio Bahamondes,https://www.sherdog.com/fighter/Ignacio-Bahamondes-221417,2026-08-19T05:49:02.258592+00:00,"Aug 27, 1997",1997-08-27,Chile,"6'1"" / 185.42 cm",185.42,156 lbs / 70.76 kg,70.76,Valle Flow Striking,full/b41a1dc7f3bfbd511ba0aa36b4c6d2b70b6b4617.jpg,200,300,11.1
190201,Joel Alvarez,https://www.sherdog.com/fighter/Joel-Alvarez-190201,2026-08-19T05:49:02.262640+00:00,"Mar 2, 1993",1993-03-02,Spain,"6'2"" / 187.96 cm",187.96,171 lbs / 77.56 kg,77.56,Bandog Fight Club,full/9bcad28522f58346f4daf070c2b565e4b66bff94.jpg,200,300,11.6
59197,Misha Cirkunov,https://www.sherdog.com/fighter/Misha-Cirkunov-59197,2026-08-19T05:49:02.266847+00:00,"Feb 27, 1987",1987-02-27,Latvia,"6'3"" / 190.5 cm",190.5,205 lbs / 92.99 kg,92.99,Xtreme Couture,full/42f4297d9cfca82cb8ea2014d5eb30cbe195d429.jpg,200,300,13.1
157451,Wellington Turman,https://www.sherdog.com/fighter/Wellington-Turman-157451,2026-08-19T05:49:02.271065+00:00,"Jul 22, 1996",1996-07-22,Brazil,"6'0"" / 182.88 cm",182.88,170 lbs / 77.11 kg,77.11,Teixeira MMA & Fitness,full/d2bab3ab20038318e886cb91955f7a0a02469f3f.jpg,200,300,16.0
7688,Jorge Masvidal,https://www.sherdog.com/fighter/Jorge-Masvidal-7688,2026-08-19T05:49:02.274976+00:00,"Nov 12, 1984",1984-11-12,United States,"5'11"" / 180.34 cm",180.34,170 lbs / 77.11 kg,77.11,American Top Team,full/ee432203a078814b0e02d9cd0fb8f8fd0f654fc2.jpg,200,300,17.8
57269,Colby Covington,https://www.sherdog.com/fighter/Colby-Covington-57269,2026-08-19T05:49:02.281294+00:00,"Feb 22, 1988",1988-02-22,United States,"5'11"" / 180.34 cm",180.34,170 lbs / 77.11 kg,77.11,MMA Masters,full/57553d90241e4f046b7503120cfc6f46c76a7bcd.jpg,200,300,15.3
89163,Devonte Smith,https://www.sherdog.com/fighter/Devonte-Smith-89163,2026-08-19T05:49:02.286599+00:00,"Jul 30, 1993",1993-07-30,United States,"5'9"" / 175.26 cm",175.26,155 lbs / 70.31 kg,70.31,Factory X,full/37670cba8751580de128fb6d2ace1ca8a70f732d.jpg,200,300,17.0
149259,Tagir Ulanbekov,https://www.sherdog.com/fighter/Tagir-Ulanbekov-149259,2026-08-19T05:49:02.290408+00:00,"Jul 8, 1991",1991-07-08,Russia,"5'7"" / 170.18 cm",170.18,125 lbs / 56.7 kg,56.7,Eagles MMA,full/876dadee1dbd9c627a664c5efaae6b97558f49b3.jpg,200,300,13.1
49213,Tim Elliott,https://www.sherdog.com/fighter/Tim-Elliott-49213,2026-08-19T05:49:02.293966+00:00,"Dec 24, 1986",1986-12-24,United States,"5'7"" / 170.18 cm",170.18,125 lbs / 56.7 kg,56.7,Next Generation Mixed Martial Arts,full/cd9a9cd06f13a44c9ca1f519d24d8d805a96e6a6.jpg,200,300,12.6
151905,Maryna Moroz,https://www.sherdog.com/fighter/Maryna-Moroz-151905,2026-08-19T05:49:02.300478+00:00,"Sep 8, 1991",1991-09-08,Ukraine,"5'7"" / 170.18 cm",170.18,125 lbs / 56.7 kg,56.7,American Top Team,full/6dfe6cddda2c9a6f8b60858a8de9a3ceb119dce8.jpg,200,300,11.7
67828,Xiaonan Yan,https://www.sherdog.com/fighter/Xiaonan-Yan-67828,2026-08-19T05:49:02.304419+00:00,"Jun 16, 1989",1989-06-16,China,"5'5"" / 165.1 cm",165.1,115 lbs / 52.16 kg,52.16,Team Alpha Male,full/0b8b5cb9987d9ff8d92045ef76c23a6bf3bfdc67.jpg,200,300,11.7
193977,Marina Rodriguez,https://www.sherdog.com/fighter/Marina-Rodriguez-193977,2026-08-19T05:49:02.312084+00:00,"Apr 29, 1987",1987-04-29,Brazil,"5'7"" / 170.18 cm",170.18,115 lbs / 52.16 kg,52.16,Thai Brasil Floripa,full/1d3a4613540e3e368d930bc16bb2a2d32cf976d9.jpg,200,300,12.7
271461,Greg Hardy,https://www.sherdog.com/fighter/Greg-Hardy-271461,2026-08-19T05:49:02.316642+00:00,"Jul 28, 1988",1988-07-28,United States,"6'5"" / 195.58 cm",195.58,265 lbs / 120.2 kg,120.2,Skills Sport & Fitness,full/1ba39fabedc7147e389aed052615cdb2c40a9e17.jpg,200,300,14.1
110143,Alex Oliveira,https://www.sherdog.com/fighter/Alex-Oliveira-110143,2026-08-19T05:49:02.320338+00:00,"Feb 21, 1988",1988-02-21,Brazil,"5'11"" / 180.34 cm",180.34,155 lbs / 70.31 kg,70.31,ATS Team Tres Rios,full/6189b2401b55866689ae9bb50ee91d22349a6ef0.jpg,200,300,11.9
46259,Edson Barboza,https://www.sherdog.com/fighter/Edson-Barboza-46259,2026-08-19T05:49:02.326494+00:00,"Jan 21, 1986",1986-01-21,Brazil,"5'11"" / 180.34 cm",180.34,156 lbs / 70.76 kg,70.76,American Top Team,full/dcf9c1d90908fd5aef5ff2907f8f811f1a1ce60f.jpg,200,300,10.7
151837,Bryce Mitchell,https://www.sherdog.com/fighter/Bryce-Mitchell-151837,2026-08-19T05:49:02.333758+00:00,"Oct 4, 1994",1994-10-04,United States,"5'9"" / 175.26 cm",175.26,135 lbs / 61.23 kg,61.23,Barata MMA,full/508d87082d556a2acf1538c60d65b61f65946040.jpg,200,300,14.3
61700,Renato Carneiro,https://www.sherdog.com/fighter/Renato-Carneiro-61700,2026-08-19T05:49:02.338505+00:00,"May 21, 1989",1989-05-21,Brazil,"5'11"" / 180.34 cm",180.34,155 lbs / 70.31 kg,70.31,First Fight Center,full/e218807724d39c6c64a9ad7833d4b7b0da3ae42f.jpg,200,300,15.6
145873,Kaytlin Neil,https://www.sherdog.com/fighter/Kaytlin-Neil-145873,2026-08-19T05:49:02.343835+00:00,"Jan 7, 1992",1992-01-07,United States,"5'7"" / 170.18 cm",170.18,130 lbs / 58.97 kg,58.97,Syndicate MMA,full/bdafeef85de76393167f7021b9c773bdac26fa9a.jpg,200,300,14.0
207737,Jordan Heiderman,https://www.sherdog.com/fighter/Jordan-Heiderman-207737,2026-08-19T05:49:02.346505+00:00,"Sep 3, 1991",1991-09-03,United States,"6'3"" / 190.5 cm",190.5,247 lbs / 112.04 kg,112.04,Bomb Squad,full/7632cb9d5da0ae47de692020e8accecb73fbb15a.jpg,200,300,12.9
249687,Laura Gallardo,https://www.sherdog.com/fighter/Laura-Gallardo-249687,2026-08-19T05:49:02.349172+00:00,,,United States,"5'1"" / 154.94 cm",154.94,116 lbs / 52.62 kg,52.62,Cobra Kai,full/146207dadf2f0be1abc45b96ff843da9284aea99.jpg,200,300,14.5
269913,Eduardo Perez,https://www.sherdog.com/fighter/Eduardo-Perez-269913,2026-08-19T05:49:02.351590+00:00,"Sep 12, 1994",1994-09-12,United States,"6'5"" / 195.58 cm",195.58,265 lbs / 120.2 kg,120.2,SBG NorCal,full/5eee0ecb247b5138807290c59bf3bc5a1d95d22e.jpg,200,300,13.3
126341,Kris Moutinho,https://www.sherdog.com/fighter/Kris-Moutinho-126341,2026-08-19T05:49:02.353768+00:00,"Aug 9, 1992",1992-08-09,United States,"5'7"" / 170.18 cm",170.18,149 lbs / 67.59 kg,67.59,Rivera Athletic Center,full/81095c93e89fd1bc4ff0f7887dfae520f2f7b081.jpg,200,300,22.1
69513,Guido Cannetti,https://www.sherdog.com/fighter/Guido-Cannetti-69513,2026-08-19T05:49:02.356959+00:00,"Dec 19, 1979",1979-12-19,Argentina,"5'6"" / 167.64 cm",167.64,135 lbs / 61.23 kg,61.23,Our Town MMA,full/b1d12e1d4cb2869e83347e7388c275d517fb4321.jpg,200,300,15.1
190501,Sabina Mazo,https://www.sherdog.com/fighter/Sabina-Mazo-190501,2026-08-19T05:49:02.360865+00:00,"Mar 25, 1997",1997-03-25,Colombia,"5'7"" / 170.18 cm",170.18,125 lbs / 56.7 kg,56.7,Teixeira MMA & Fitness,full/3e003dff9412561bb0b51975ee82285fad45ebab.jpg,200,300,15.3
230031,Miranda Maverick,https://www.sherdog.com/fighter/Miranda-Maverick-230031,2026-08-19T05:49:02.363957+00:00,"Jul 1, 1997",1997-07-01,United States,"5'3"" / 160.02 cm",160.02,125 lbs / 56.7 kg,56.7,Elevation Fight Team,full/0f9d7367ceb560d1614f8c7b5328009cc3fdc05e.jpg,200,300,13.5
162187,Kamuela Kirk,https://www.sherdog.com/fighter/Kamuela-Kirk-162187,2026-08-19T05:49:02.368165+00:00,"Apr 13, 1994",1994-04-13,United States,"5'9"" / 175.26 cm",175.26,155 lbs / 70.31 kg,70.31,Siege MMA,full/becdaa6bb10f0429e268d5ab8ac07ff1f4c86d77.jpg,200,300,20.4
73904,Trevin Jones,https://www.sherdog.com/fighter/Trevin-Jones-73904,2026-08-19T05:49:02.370931+00:00,"Aug 4, 1990",1990-08-04,Guam,"5'6"" / 167.64 cm",167.64,144 lbs / 65.32 kg,65.32,The Yard Muay Thai,full/547273e6037d3ec4bbb8270a18fe5e183f79693e.jpg,200,300,12.3
77674,Khalil Rountree,https://www.sherdog.com/fighter/Khalil-Rountree-77674,2026-08-19T05:49:02.374381+00:00,"Feb 6, 1990",1990-02-06,United States,"6'1"" / 185.42 cm",185.42,205 lbs / 92.99 kg,92.99,Syndicate MMA,full/4be7d250d6f0f684ca76bfcac94f118232854e46.jpg,200,300,13.0
41586,Alex Caceres,https://www.sherdog.com/fighter/Alex-Caceres-41586,2026-08-19T05:49:02.379712+00:00,"Jun 20, 1988",1988-06-20,United States,"5'9"" / 175.26 cm",175.26,145 lbs / 65.77 kg,65.77,MMA Lab,full/a4ba306fe53c54cd581725e7ae860858be9969aa.jpg,200,300,12.2
152359,Sodiq Yusuff,https://www.sherdog.com/fighter/Sodiq-Yusuff-152359,2026-08-19T05:49:02.387538+00:00,"May 19, 1993",1993-05-19,United States,"5'9"" / 175.26 cm",175.26,155 lbs / 70.31 kg,70.31,Team Lloyd Irvin,full/351f2bf2f4ae16052f778b8efaf126e8366c4b96.jpg,200,300,10.4
30936,Marlon Moraes,https://www.sherdog.com/fighter/Marlon-Moraes-30936,2026-08-19T05:49:02.391330+00:00,"Apr 26, 1988",1988-04-26,Brazil,"5'6"" / 167.64 cm",167.64,145 lbs / 65.77 kg,65.77,American Top Team,full/6fef2e9fab3b19c33bd00c42cdeb37eb3ef2c968.jpg,200,300,13.3
138127,Joe Merritt,https://www.sherdog.com/fighter/Joe-Merritt-138127,2026-08-19T05:58:29.191287+00:00,"Mar 7, 1984",1984-03-07,United States,"6'0"" / 182.88 cm",182.88,169 lbs / 76.66 kg,76.66,Millennia MMA,full/06750042ca3546753bbb0eb81887e4093da8ed0e.jpg,200,300,11.3
135315,Anying Wang,https://www.sherdog.com/fighter/Anying-Wang-135315,2026-08-19T05:58:29.200754+00:00,"Apr 4, 1991",1991-04-04,Mongolia,"6'0"" / 182.88 cm",182.88,170 lbs / 77.11 kg,77.11,Phuket Top Team,full/06750042ca3546753bbb0eb81887e4093da8ed0e.jpg,200,300,11.3
70605,Timur Valiev,https://www.sherdog.com/fighter/Timur-Valiev-70605,2026-08-19T05:49:02.395718+00:00,"Jan 19, 1990",1990-01-19,Russia,"5'6"" / 167.64 cm",167.64,145 lbs / 65.77 kg,65.77,DagFighter,full/301b4a94a0ce2650e97665386537f396a4e786fe.jpg,200,300,19.7
154079,Suman Mokhtarian,https://www.sherdog.com/fighter/Suman-Mokhtarian-154079,2026-08-19T05:58:29.175227+00:00,"Jun 13, 1992",1992-06-13,Australia,"5'10"" / 177.8 cm",177.8,145 lbs / 65.77 kg,65.77,Australian Top Team,full/172531f648e8deb7c47fc384296b9cfd7b9c0af7.jpg,200,300,11.2
50271,Paul Barrow,https://www.sherdog.com/fighter/Paul-Barrow-50271,2026-08-19T05:58:29.180836+00:00,"Aug 26, 1985",1985-08-26,United States,"5'10"" / 177.8 cm",177.8,155 lbs / 70.31 kg,70.31,Team Darkside MMA,full/591905f4a8f69d3eab620b4b46b83165c7529cca.jpg,200,300,11.5
42815,Jeff Lentz,https://www.sherdog.com/fighter/Jeff-Lentz-42815,2026-08-19T05:58:29.183822+00:00,"Feb 26, 1989",1989-02-26,United States,"5'9"" / 175.26 cm",175.26,144 lbs / 65.32 kg,65.32,Pellegrino MMA,full/dc3672b9878009adc80ad5e6d8207587e50ea5c4.jpg,200,300,20.4
26368,Guan Wang,https://www.sherdog.com/fighter/Guan-Wang-26368,2026-08-19T05:58:29.188120+00:00,"Mar 14, 1986",1986-03-14,China,"5'11"" / 180.34 cm",180.34,145 lbs / 65.77 kg,65.77,American Top Team,full/882feddeaa2931f20154c44356eb8cfa586b3212.jpg,200,300,9.7
179481,Cristina Stanciu,https://www.sherdog.com/fighter/Cristina-Stanciu-179481,2026-08-19T05:58:29.193768+00:00,"Mar 29, 1994",1994-03-29,Romania,"5'5"" / 165.1 cm",165.1,115 lbs / 52.16 kg,52.16,Planet Eater,full/bea1634a3755e16fffc9629c9de8afd077857028.jpg,200,300,12.0
118713,Charlie Alaniz,https://www.sherdog.com/fighter/Charlie-Alaniz-118713,2026-08-19T05:58:29.197041+00:00,"Oct 16, 1985",1985-10-16,Australia,"5'4"" / 162.56 cm",162.56,125 lbs / 56.7 kg,56.7,Kimekai Fighter,full/574c3a8975fe3e1ed2f7b4bc8e5a07b10c9c3812.jpg,200,300,10.1
115911,Wagner Silva,https://www.sherdog.com/fighter/Wagner-Silva-115911,2026-08-19T05:58:29.203260+00:00,"Feb 7, 1987",1987-02-07,Brazil,"6'0"" / 182.88 cm",182.88,205 lbs / 92.99 kg,92.99,Tata Fight Team,full/e1067b81a919f3de7ce55a206f58b3cc5b448834.jpg,200,300,10.6
83243,Daniel Jolly,https://www.sherdog.com/fighter/Daniel-Jolly-83243,2026-08-19T05:58:29.206010+00:00,"Sep 3, 1984",1984-09-03,United States,"6'1"" / 185.42 cm",185.42,205 lbs / 92.99 kg,92.99,Rubicon Fight Sport,full/decc9b82b1ae5d05f11b37aeb8f4da35c2938558.jpg,200,300,18.5
121077,Alex Nicholson,https://www.sherdog.com/fighter/Alex-Nicholson-121077,2026-08-19T05:58:29.208745+00:00,"May 2, 1990",1990-05-02,United States,"6'4"" / 193.04 cm",193.04,203 lbs / 92.08 kg,92.08,American Top Team Orlando,full/887660aa3d45677d434a5ec78b93cd002a24392c.jpg,200,300,11.9
128147,Danilo Belluardo,https://www.sherdog.com/fighter/Danilo-Belluardo-128147,2026-08-19T05:58:29.307375+00:00,"Jul 21, 1994",1994-07-21,Italy,"5'11"" / 180.34 cm",180.34,155 lbs / 70.31 kg,70.31,Aurora MMA,full/be732bffaa9df43428982ebbfab8e46ae9e7ae86.jpg,200,300,13.7
104911,Yaroslav Amosov,https://www.sherdog.com/fighter/Yaroslav-Amosov-104911,2026-08-19T05:58:29.310701+00:00,"Sep 9, 1993",1993-09-09,Ukraine,"5'11"" / 180.34 cm",180.34,170 lbs / 77.11 kg,77.11,American Top Team,full/34d1a86f77c04fffed9bc051346a0d2d7de94f78.jpg,200,300,12.4
114337,Seong Chan Hong,https://www.sherdog.com/fighter/Seong-Chan-Hong-114337,2026-08-19T05:58:29.316641+00:00,"Nov 28, 1989",1989-11-28,South Korea,"5'7"" / 170.18 cm",170.18,154 lbs / 69.85 kg,69.85,Korean Top Team,full/f08ecce9b83c6e54d68c7d59b04e4599f1843308.jpg,200,300,10.7
161007,Patrick Mix,https://www.sherdog.com/fighter/Patrick-Mix-161007,2026-08-19T05:58:29.318893+00:00,"Aug 16, 1993",1993-08-16,United States,"5'8"" / 172.72 cm",172.72,141 lbs / 63.96 kg,63.96,Xtreme Couture,full/25c74ff7d97459504ad2080444be525156c85a70.jpg,200,300,14.7
302831,Kurtis Campbell,https://www.sherdog.com/fighter/Kurtis-Campbell-302831,2026-08-19T05:58:29.323667+00:00,"Jul 29, 2002",2002-07-29,England,"5'9"" / 175.26 cm",175.26,145 lbs / 65.77 kg,65.77,The MMA Academy Liverpool,full/887aefefd00b433f390f7623bffdf72c190173e2.jpg,200,300,15.6
157211,Ariel Beck,https://www.sherdog.com/fighter/Ariel-Beck-157211,2026-08-19T05:58:29.326204+00:00,"Sep 16, 1990",1990-09-16,United States,"5'6"" / 167.64 cm",167.64,125 lbs / 56.7 kg,56.7,,full/65a2ee359d3850f31a67089fbda8cd46cf64f05d.jpg,200,300,16.2
202159,Lauren Mueller,https://www.sherdog.com/fighter/Lauren-Mueller-202159,2026-08-19T05:58:29.328720+00:00,"Nov 15, 1991",1991-11-15,United States,"5'5"" / 165.1 cm",165.1,136 lbs / 61.69 kg,61.69,Alliance MMA,full/a6c909d9c4b9c45261925cfe97de185c1a4e8579.jpg,200,300,10.7
332659,Peter Danesoe,https://www.sherdog.com/fighter/Peter-Danesoe-332659,2026-08-19T05:58:29.331330+00:00,"Sep 1, 2000",2000-09-01,Thailand,"5'9"" / 175.26 cm",175.26,136 lbs / 61.69 kg,61.69,Team Quest Thailand,full/67f0f5f5ebd249bd06ff82c442fd95221aabbe15.jpg,200,300,7.3
317453,Terrance Saeteurn,https://www.sherdog.com/fighter/Terrance-Saeteurn-317453,2026-08-19T05:58:29.340615+00:00,"May 30, 1995",1995-05-30,United States,"5'6"" / 167.64 cm",167.64,127 lbs / 57.61 kg,57.61,Train 4 Life Center,full/25386113ad2d44188434c99dfb602efed594b883.jpg,200,300,16.5
26808,Shamil Abdurakhimov,https://www.sherdog.com/fighter/Shamil-Abdurakhimov-26808,2026-08-19T05:58:29.342846+00:00,"Sep 2, 1981",1981-09-02,Russia,"6'3"" / 190.5 cm",190.5,263 lbs / 119.29 kg,119.29,Peresvet Fight Team,full/8838eb478ea23b3e9f5cf1d3015b4076c013a4e2.jpg,200,300,12.4
84263,Mike Grundy,https://www.sherdog.com/fighter/Mike-Grundy-84263,2026-08-19T05:58:29.346941+00:00,"Mar 1, 1987",1987-03-01,England,"5'8"" / 172.72 cm",172.72,145 lbs / 65.77 kg,65.77,Team Kaobon Wigan,full/7236c0a08d9e02429bc1f1ba20da1604c75ac058.jpg,200,300,22.2
202445,Ilia Topuria,https://www.sherdog.com/fighter/Ilia-Topuria-202445,2026-08-19T05:58:29.349832+00:00,"Jan 21, 1997",1997-01-21,Georgia,"5'8"" / 172.72 cm",172.72,155 lbs / 70.31 kg,70.31,Topuria Team,full/e528f1426e3f2c8d68ad88d17d4458d5909178e2.jpg,200,300,16.4
189719,Luana Carolina,https://www.sherdog.com/fighter/Luana-Carolina-189719,2026-08-19T05:58:29.353480+00:00,"Jun 11, 1993",1993-06-11,Brazil,"5'7"" / 170.18 cm",170.18,135 lbs / 61.23 kg,61.23,Capital da Luta,full/bfda01199b6d2c1a63810e6ca7eb2b44bd0fb083.jpg,200,300,11.8
25246,Gunnar Nelson,https://www.sherdog.com/fighter/Gunnar-Nelson-25246,2026-08-19T05:58:29.357089+00:00,"Jul 28, 1988",1988-07-28,Iceland,"5'11"" / 180.34 cm",180.34,170 lbs / 77.11 kg,77.11,Mjolnir,full/ccc89ea70c905df60585d9e1869a9cc30d704502.jpg,200,300,15.3
71577,Rodrigo Vargas,https://www.sherdog.com/fighter/Rodrigo-Vargas-71577,2026-08-19T05:58:29.361910+00:00,"Aug 15, 1985",1985-08-15,Mexico,"5'7"" / 170.18 cm",170.18,155 lbs / 70.31 kg,70.31,Kazula Fight Camp,full/05aae518c7a6a8593464960528492a6ea5ee8a79.jpg,200,300,12.0
45122,Dan Hooker,https://www.sherdog.com/fighter/Dan-Hooker-45122,2026-08-19T05:58:29.365006+00:00,"Feb 13, 1990",1990-02-13,New Zealand,"6'0"" / 182.88 cm",182.88,156 lbs / 70.76 kg,70.76,City Kickboxing,full/4d46c62a61c826ab0462966feb8ffef6271840fb.jpg,200,300,11.3
97499,Arnold Allen,https://www.sherdog.com/fighter/Arnold-Allen-97499,2026-08-19T05:58:29.371205+00:00,"Jan 22, 1994",1994-01-22,England,"5'9"" / 175.26 cm",175.26,145 lbs / 65.77 kg,65.77,Tristar Gym,full/49360a2f5f44d4da8dbf48df96a67e658f36a82c.jpg,200,300,14.8
103685,Chris Daukaus,https://www.sherdog.com/fighter/Chris-Daukaus-103685,2026-08-19T05:58:29.375796+00:00,"Sep 25, 1989",1989-09-25,United States,"6'2"" / 187.96 cm",187.96,205 lbs / 92.99 kg,92.99,Team Balance,full/3f203aa1b0444958988885bff9b0d20ee23eaa17.jpg,200,300,14.8
231115,Bruno Souza,https://www.sherdog.com/fighter/Bruno-Souza-231115,2026-08-19T05:58:29.379295+00:00,"Mar 7, 1996",1996-03-07,Brazil,"5'10"" / 177.8 cm",177.8,146 lbs / 66.22 kg,66.22,Cobra Team,full/a8196add5d27476fb550f4d46a9bb33985e04f02.jpg,200,300,14.7
67185,David Dvorak,https://www.sherdog.com/fighter/David-Dvorak-67185,2026-08-19T05:58:29.381982+00:00,"Jun 5, 1992",1992-06-05,Czech Republic,"5'5"" / 165.1 cm",165.1,125 lbs / 56.7 kg,56.7,All Sports Academy,full/013a5777d12542f30f4f2311989598e80e723ad5.jpg,200,300,13.5
69341,Matheus Nicolau,https://www.sherdog.com/fighter/Matheus-Nicolau-69341,2026-08-19T05:58:29.385422+00:00,"Jan 6, 1993",1993-01-06,Brazil,"5'6"" / 167.64 cm",167.64,125 lbs / 56.7 kg,56.7,Nova Uniao,full/20e8bdc0551ec4f1c77ebc6220830f669feb5906.jpg,200,300,14.5
57135,Jennifer Maia,https://www.sherdog.com/fighter/Jennifer-Maia-57135,2026-08-19T05:58:29.389924+00:00,"Oct 6, 1988",1988-10-06,Brazil,"5'4"" / 162.56 cm",162.56,133 lbs / 60.33 kg,60.33,Chute Boxe,full/b5b4136df3b4bc83399e47d376ca9c1ee1e09a7f.jpg,200,300,13.7
228689,Manon Fiorot,https://www.sherdog.com/fighter/Manon-Fiorot-228689,2026-08-19T05:58:29.394787+00:00,"Feb 17, 1990",1990-02-17,France,"5'7"" / 170.18 cm",170.18,125 lbs / 56.7 kg,56.7,Boxing Squad,full/72191d872af4706c4ecf1361d05a1d2162685ac7.jpg,200,300,15.4
209647,Aliaskhab Khizriev,https://www.sherdog.com/fighter/Aliaskhab-Khizriev-209647,2026-08-19T05:58:29.398472+00:00,"Aug 24, 1990",1990-08-24,Russia,"5'10"" / 177.8 cm",177.8,185 lbs / 83.91 kg,83.91,Team Shikhshabekov,full/52e942abb8c0373ef43623da0d630d1599a678c8.jpg,200,300,15.2
59736,Chris Gutierrez,https://www.sherdog.com/fighter/Chris-Gutierrez-59736,2026-08-19T05:58:29.400985+00:00,"Apr 22, 1991",1991-04-22,United States,"5'8"" / 172.72 cm",172.72,135 lbs / 61.23 kg,61.23,Factory X,full/8f80e0fd32d34fe07f0006af64a6a069e8084cf4.jpg,200,300,13.4
115135,Karol Rosa,https://www.sherdog.com/fighter/Karol-Rosa-115135,2026-08-19T05:58:29.405706+00:00,"Dec 30, 1994",1994-12-30,Brazil,"5'7"" / 170.18 cm",170.18,135 lbs / 61.23 kg,61.23,GAEA Project,full/e14a7270c4e46a8953386bfc0fb6eaf1a846794c.jpg,200,300,14.2
67094,Sara McMann,https://www.sherdog.com/fighter/Sara-McMann-67094,2026-08-19T05:58:29.409950+00:00,"Sep 24, 1980",1980-09-24,United States,"5'5"" / 165.1 cm",165.1,145 lbs / 65.77 kg,65.77,Team Alpha Male,full/ef725988e2fd54e956966d704c9e2c39c4a24acb.jpg,200,300,14.1
337895,Viacheslav Borshchev,https://www.sherdog.com/fighter/Viacheslav-Borshchev-337895,2026-08-19T05:58:29.414092+00:00,"Jan 8, 1992",1992-01-08,United States,"5'11"" / 180.34 cm",180.34,155 lbs / 70.31 kg,70.31,Team Alpha Male,full/124d225112c915ae92d6ec79f501cf1eb34846b6.jpg,200,300,13.5
53904,Max Griffin,https://www.sherdog.com/fighter/Max-Griffin-53904,2026-08-19T05:58:29.417639+00:00,"Nov 29, 1985",1985-11-29,United States,"5'11"" / 180.34 cm",180.34,170 lbs / 77.11 kg,77.11,MMA Gold Fight Team,full/047c1bb0bdde57c1d84aa63f8084f912abe6c2dd.jpg,200,300,14.9
149255,Askar Askarov,https://www.sherdog.com/fighter/Askar-Askarov-149255,2026-08-19T05:58:29.423483+00:00,"Oct 9, 1992",1992-10-09,Russia,"5'5"" / 165.1 cm",165.1,131 lbs / 59.42 kg,59.42,Fighting Eagle,full/8cc7fd1943c7f1bc1234796bb5cbd28f59ac7db4.jpg,200,300,11.6
14310,Matt Brown,https://www.sherdog.com/fighter/Matt-Brown-14310,2026-08-19T05:58:29.426409+00:00,"Jan 10, 1981",1981-01-10,United States,"6'0"" / 182.88 cm",182.88,170 lbs / 77.11 kg,77.11,Immortal Fight Team,full/43d4cf551834f26a06f370bc993a11bce92dd604.jpg,200,300,17.7
94103,Joanne Wood,https://www.sherdog.com/fighter/Joanne-Wood-94103,2026-08-19T05:58:29.434905+00:00,"Dec 23, 1985",1985-12-23,Scotland,"5'6"" / 167.64 cm",167.64,125 lbs / 56.7 kg,56.7,Syndicate MMA,full/d049a4ecd780f04c5dbc9342bc8726699f42277b.jpg,200,300,19.0
142845,Alexa Grasso,https://www.sherdog.com/fighter/Alexa-Grasso-142845,2026-08-19T05:58:29.440293+00:00,"Aug 9, 1993",1993-08-09,Mexico,"5'5"" / 165.1 cm",165.1,125 lbs / 56.7 kg,56.7,Lobo Gym MMA,full/a2e13fde2fda288a5153202b06658a9c118ba3f7.jpg,200,300,9.2
36155,Chan Sung Jung,https://www.sherdog.com/fighter/Chan-Sung-Jung-36155,2026-08-19T05:58:29.444749+00:00,"Mar 17, 1987",1987-03-17,South Korea,"5'9"" / 175.26 cm",175.26,145 lbs / 65.77 kg,65.77,Fight Ready,full/3fa515e75b176f801134d0a3907c82fca3c997b3.jpg,200,300,11.1
144395,Daniel Santos,https://www.sherdog.com/fighter/Daniel-Santos-144395,2026-08-19T05:58:29.448870+00:00,"Mar 12, 1995",1995-03-12,Brazil,"5'7"" / 170.18 cm",170.18,151 lbs / 68.49 kg,68.49,Chute Boxe Diego Lima,full/d1c9c9c6d05d54645f9b28769becef3cfa17917d.jpg,200,300,13.1
71299,Julio Arce,https://www.sherdog.com/fighter/Julio-Arce-71299,2026-08-19T05:58:29.451961+00:00,"Oct 27, 1989",1989-10-27,United States,"5'7"" / 170.18 cm",170.18,145 lbs / 65.77 kg,65.77,Team Tiger Schulmann,full/c062c9cd4552764cfd6ad3769d3dc9cc871a6013.jpg,200,300,12.1
270021,Kay Hansen,https://www.sherdog.com/fighter/Kay-Hansen-270021,2026-08-19T05:58:29.456504+00:00,"Aug 14, 1999",1999-08-14,United States,"5'3"" / 160.02 cm",160.02,115 lbs / 52.16 kg,52.16,10th Planet Jiu-Jitsu Buena Park,full/72baa2c48a377844062835fe4d0cc24682b79e44.jpg,200,300,10.2
247469,Piera Rodriguez,https://www.sherdog.com/fighter/Piera-Rodriguez-247469,2026-08-19T05:58:29.459342+00:00,"Nov 11, 1992",1992-11-11,Venezuela,"5'3"" / 160.02 cm",160.02,115 lbs / 52.16 kg,52.16,Black House MMA,full/4df5820464951ed496de64939e57cb19377e6d20.jpg,200,300,13.0
1492,Josh Hall,https://www.sherdog.com/fighter/Josh-Hall-1492,2026-08-19T06:00:02.739395+00:00,"May 27, 1978",1978-05-27,United States,,,185 lbs / 83.91 kg,83.91,Shark Tank,full/06750042ca3546753bbb0eb81887e4093da8ed0e.jpg,200,300,11.3
2027,Alexey Oleynik,https://www.sherdog.com/fighter/Alexey-Oleynik-2027,2026-08-19T05:58:29.462529+00:00,"Jun 25, 1977",1977-06-25,Russia,"6'2"" / 187.96 cm",187.96,254 lbs / 115.21 kg,115.21,Oleynik Team,full/a5ac7dab8f61a53936ae4c40d4966abfdd22da7c.jpg,200,300,14.8
163939,Daniel Teymur,https://www.sherdog.com/fighter/Daniel-Teymur-163939,2026-08-19T06:00:02.727379+00:00,"Feb 3, 1988",1988-02-03,Sweden,"5'5"" / 165.1 cm",165.1,145 lbs / 65.77 kg,65.77,Allstars Training Center,full/641916fcae54a8f854edf853c136ddaceb3bdc04.jpg,200,300,14.5
387629,Joo Sang Yoo,https://www.sherdog.com/fighter/Joo-Sang-Yoo-387629,2026-08-19T06:00:02.732082+00:00,"Jan 21, 1994",1994-01-21,South Korea,"5'9"" / 175.26 cm",175.26,153 lbs / 69.4 kg,69.4,Tiger Gym,full/1c7a932022196c6b24a7a6a1202ad10445750e77.jpg,200,300,17.4
48080,Kalindra Faria,https://www.sherdog.com/fighter/Kalindra-Faria-48080,2026-08-19T06:00:02.735081+00:00,"Jul 23, 1986",1986-07-23,Brazil,"5'7"" / 170.18 cm",170.18,136 lbs / 61.69 kg,61.69,Vale Top Team,full/f238908cfc986520f34953430545c42974f5ecaf.jpg,200,300,18.7
15313,Jeremy May,https://www.sherdog.com/fighter/Jeremy-May-15313,2026-08-19T06:00:02.741860+00:00,"Oct 23, 1986",1986-10-23,United States,"6'3"" / 190.5 cm",190.5,228 lbs / 103.42 kg,103.42,,full/6d77e0e156e69051fcb5f4159f7a43e12dcedbdb.jpg,200,300,16.6
232055,Zelim Imadaev,https://www.sherdog.com/fighter/Zelim-Imadaev-232055,2026-08-19T06:00:02.745205+00:00,"Jan 25, 1995",1995-01-25,Russia,"6'0"" / 182.88 cm",182.88,170 lbs / 77.11 kg,77.11,,full/cf3c0d2545d05caa5b3e1fae506e7a17069bb9cd.jpg,200,300,17.1
133527,Victor Valenzuela,https://www.sherdog.com/fighter/Victor-Valenzuela-133527,2026-08-19T06:00:02.749333+00:00,"Feb 9, 1994",1994-02-09,Chile,"5'9"" / 175.26 cm",175.26,169 lbs / 76.66 kg,76.66,MMA Masters,full/10c0455bdea159d52d503a312bc0688e525fe650.jpg,200,300,15.6
43445,Sheila Gaff,https://www.sherdog.com/fighter/Sheila-Gaff-43445,2026-08-19T06:00:02.752121+00:00,"Dec 29, 1989",1989-12-29,Germany,"5'5"" / 165.1 cm",165.1,125 lbs / 56.7 kg,56.7,Pyranha MMA Offenbach,full/4a489954cde6b96938941d0b326825806859e8a2.jpg,200,300,8.7
116955,Ryan MacDonald,https://www.sherdog.com/fighter/Ryan-MacDonald-116955,2026-08-19T06:00:02.754999+00:00,"Mar 18, 1993",1993-03-18,United States,"5'11"" / 180.34 cm",180.34,135 lbs / 61.23 kg,61.23,Disorderly Conduct,full/b8862559bd240591e24fd20f40c3816591eb7206.jpg,200,300,15.0
107229,Geraldo de Freitas Jr.,https://www.sherdog.com/fighter/Geraldo-de-Freitas-Jr-107229,2026-08-19T06:00:02.757824+00:00,"Sep 30, 1991",1991-09-30,Brazil,"5'9"" / 175.26 cm",175.26,146 lbs / 66.22 kg,66.22,Nova Uniao,full/5da94ea5280ceec34147b464d61deefa95a867c9.jpg,200,300,14.2
108169,Mateus Martins Vasco,https://www.sherdog.com/fighter/Mateus-Martins-Vasco-108169,2026-08-19T06:00:02.760837+00:00,"Apr 18, 1990",1990-04-18,Brazil,"5'8"" / 172.72 cm",172.72,135 lbs / 61.23 kg,61.23,Fabio Maldonado Team,full/efaecbabd239f5954083d16b347ff5742d8f1332.jpg,200,300,10.9
326995,Michelle Montague,https://www.sherdog.com/fighter/Michelle-Montague-326995,2026-08-19T06:00:02.763625+00:00,"Nov 25, 1993",1993-11-25,New Zealand,"5'9"" / 175.26 cm",175.26,135 lbs / 61.23 kg,61.23,American Top Team,full/53c510e35d9708fdf3c76e1b7ddd7659ca8b82de.jpg,200,300,12.4
185977,Sim Kai Xiong,https://www.sherdog.com/fighter/Sim-Kai-Xiong-185977,2026-08-19T06:00:02.767548+00:00,"Sep 6, 1997",1997-09-06,Singapore,"5'6"" / 167.64 cm",167.64,135 lbs / 61.23 kg,61.23,Team Highlight Reel,full/6c9212a40672893e72453ddc8fac0ba0323a5bd5.jpg,200,300,10.3
387333,Rangbo Sulang,https://www.sherdog.com/fighter/Rangbo-Sulang-387333,2026-08-19T06:00:02.770019+00:00,"Jul 17, 2005",2005-07-17,China,"5'9"" / 175.26 cm",175.26,136 lbs / 61.69 kg,61.69,Enbo Fight Club,full/79f0d8bf6adc94669e9c50532a843bafb93e9a05.jpg,200,300,14.9
82392,Ricardo Abreu,https://www.sherdog.com/fighter/Ricardo-Abreu-82392,2026-08-19T06:00:02.772589+00:00,"Apr 27, 1984",1984-04-27,Brazil,"5'11"" / 180.34 cm",180.34,185 lbs / 83.91 kg,83.91,Wand Fight Team,full/3d17b40285ab5e0c2ec7f66ab56c4bf0b355a889.jpg,200,300,15.0
63422,Albert Cheng,https://www.sherdog.com/fighter/Albert-Cheng-63422,2026-08-19T06:00:02.774774+00:00,"Feb 7, 1985",1985-02-07,Canada,"5'11"" / 180.34 cm",180.34,155 lbs / 70.31 kg,70.31,AC5 MMA,full/8308b607268c2a740018263f748074974b253ac5.jpg,200,300,15.0
39109,Daniel Head,https://www.sherdog.com/fighter/Daniel-Head-39109,2026-08-19T06:00:02.776966+00:00,"Jul 23, 1986",1986-07-23,United States,"5'11"" / 180.34 cm",180.34,170 lbs / 77.11 kg,77.11,Indiana Brazilian Jiu-Jitsu Academy,full/6bafbc61e07a888c9cdaff24141a73941c7441c3.jpg,200,300,12.5
84460,Ricky Steele,https://www.sherdog.com/fighter/Ricky-Steele-84460,2026-08-19T06:00:02.779897+00:00,"May 26, 1988",1988-05-26,United States,"5'11"" / 180.34 cm",180.34,135 lbs / 61.23 kg,61.23,SBG Idaho,full/c37b93da36805a11d66251b050bfa16739610e2f.jpg,200,300,9.2
160145,Mickey Gall,https://www.sherdog.com/fighter/Mickey-Gall-160145,2026-08-19T06:00:02.782155+00:00,"Jan 22, 1992",1992-01-22,United States,"6'2"" / 187.96 cm",187.96,170 lbs / 77.11 kg,77.11,Kill Cliff FC,full/9a3d2c92f80c9b5caae3f3ab55387025e16013d3.jpg,200,300,14.9
79377,Mike Malott,https://www.sherdog.com/fighter/Mike-Malott-79377,2026-08-19T06:00:02.786136+00:00,"Nov 7, 1991",1991-11-07,Canada,"6'1"" / 185.42 cm",185.42,170 lbs / 77.11 kg,77.11,Team Alpha Male,full/8b8d47e16ba4e53ebf92bcca1cc05992a208c0b2.jpg,200,300,15.0
141393,Aspen Ladd,https://www.sherdog.com/fighter/Aspen-Ladd-141393,2026-08-19T06:00:02.790247+00:00,"Mar 1, 1995",1995-03-01,United States,"5'6"" / 167.64 cm",167.64,145 lbs / 65.77 kg,65.77,MMA Gold Fight Team,full/b04e1ff62516a14a742b32bf860e7bd331b105f0.jpg,200,300,16.5
75564,Raquel Pennington,https://www.sherdog.com/fighter/Raquel-Pennington-75564,2026-08-19T06:00:02.793709+00:00,"Sep 5, 1988",1988-09-05,United States,"5'7"" / 170.18 cm",170.18,135 lbs / 61.23 kg,61.23,Altitude MMA,full/930b8753c1dd2e6f952dd625e1c1273fa11288d2.jpg,200,300,13.4
162285,Josh Fremd,https://www.sherdog.com/fighter/Josh-Fremd-162285,2026-08-19T06:00:02.799433+00:00,"Jan 15, 1994",1994-01-15,United States,"6'4"" / 193.04 cm",193.04,185 lbs / 83.91 kg,83.91,Factory X,full/6df0ac2277dbf6c137ad5aed4a0fecafebc98b98.jpg,200,300,11.5
57848,Vinc Pichel,https://www.sherdog.com/fighter/Vinc-Pichel-57848,2026-08-19T06:00:02.805330+00:00,"Nov 23, 1982",1982-11-23,United States,"5'10"" / 177.8 cm",177.8,155 lbs / 70.31 kg,70.31,Factory X,full/4d0962c3f903f244560a1400d1eb292d4a834d2a.jpg,200,300,13.2
145559,Mark O. Madsen,https://www.sherdog.com/fighter/Mark-O-Madsen-145559,2026-08-19T06:00:02.809963+00:00,"Sep 23, 1984",1984-09-23,Denmark,"5'10"" / 177.8 cm",177.8,155 lbs / 70.31 kg,70.31,Rumble Sports,full/b8b2e764ba9570e388b102653452dac77c1a368f.jpg,200,300,14.5
85096,Tecia Pennington,https://www.sherdog.com/fighter/Tecia-Pennington-85096,2026-08-19T06:00:02.812931+00:00,"Aug 16, 1989",1989-08-16,United States,"5'1"" / 154.94 cm",154.94,115 lbs / 52.16 kg,52.16,American Top Team,full/8695386eab835ad92e70b2d99d636ed925230a68.jpg,200,300,14.7
137171,Mackenzie Dern,https://www.sherdog.com/fighter/Mackenzie-Dern-137171,2026-08-19T06:00:02.818510+00:00,"Mar 24, 1993",1993-03-24,United States,"5'4"" / 162.56 cm",162.56,115 lbs / 52.16 kg,52.16,RVCA,full/588bdb3e2e3221c27a96c8d3e3d0ddcad302a529.jpg,200,300,14.3
91727,Gilbert Burns,https://www.sherdog.com/fighter/Gilbert-Burns-91727,2026-08-19T06:00:02.823032+00:00,"Jul 20, 1986",1986-07-20,Brazil,"5'10"" / 177.8 cm",177.8,170 lbs / 77.11 kg,77.11,Kill Cliff FC,full/e2772f6f7254f7d18c64bdddc76a0adf07f3428d.jpg,200,300,12.1
186873,Petr Yan,https://www.sherdog.com/fighter/Petr-Yan-186873,2026-08-19T06:00:02.829007+00:00,"Feb 11, 1993",1993-02-11,Russia,"5'7"" / 170.18 cm",170.18,135 lbs / 61.23 kg,61.23,Archangel Michael Club,full/8ad837105b58605cb56bbaa95265104451ed40bf.jpg,200,300,12.4
66313,Aljamain Sterling,https://www.sherdog.com/fighter/Aljamain-Sterling-66313,2026-08-19T06:00:02.833682+00:00,"Jul 31, 1989",1989-07-31,United States,"5'7"" / 170.18 cm",170.18,145 lbs / 65.77 kg,65.77,Serra-Longo Fight Team,full/04e33fccbaa1f57d5e6fe0c9aa0e8cbcf68003b9.jpg,200,300,15.5
108315,Belal Muhammad,https://www.sherdog.com/fighter/Belal-Muhammad-108315,2026-08-19T06:00:02.839436+00:00,"Jul 9, 1988",1988-07-09,United States,"5'11"" / 180.34 cm",180.34,170 lbs / 77.11 kg,77.11,Valle Flow Striking,full/a0dba3e2e32d5e0a050461961cacbd41a698526d.jpg,200,300,14.3
67191,Kevin Croom,https://www.sherdog.com/fighter/Kevin-Croom-67191,2026-08-19T06:00:02.844971+00:00,"Jul 15, 1987",1987-07-15,United States,"5'11"" / 180.34 cm",180.34,135 lbs / 61.23 kg,61.23,Glory MMA & Fitness,full/d17d3c2dbe54c6e11f80e261d4d37e3b9f8bada2.jpg,200,300,10.9
83194,Istela Nunes,https://www.sherdog.com/fighter/Istela-Nunes-83194,2026-08-19T06:00:02.848467+00:00,"Jul 23, 1992",1992-07-23,Brazil,"5'4"" / 162.56 cm",162.56,115 lbs / 52.16 kg,52.16,Team Nunes,full/d4fdcc3640a27e638197043a66a76ab00aae58df.jpg,200,300,14.7
56579,Jesse Ronson,https://www.sherdog.com/fighter/Jesse-Ronson-56579,2026-08-19T06:00:02.851270+00:00,"Dec 24, 1985",1985-12-24,Canada,"5'10"" / 177.8 cm",177.8,175 lbs / 79.38 kg,79.38,Adrenaline Training Center,full/0cb4fab4fea3dc149074fe833e4de3537764b5c6.jpg,200,300,11.5
177205,Brandon Jenkins,https://www.sherdog.com/fighter/Brandon-Jenkins-177205,2026-08-19T06:00:02.855060+00:00,"Sep 30, 1991",1991-09-30,United States,"6'0"" / 182.88 cm",182.88,164 lbs / 74.39 kg,74.39,Syndicate MMA,full/3a633f2ae45e0435075f75f1467ba48cee956f77.jpg,200,300,10.7
122387,Lina Lansberg,https://www.sherdog.com/fighter/Lina-Lansberg-122387,2026-08-19T06:00:02.858085+00:00,"Mar 13, 1982",1982-03-13,Sweden,"5'7"" / 170.18 cm",170.18,135 lbs / 61.23 kg,61.23,Redline Training Center,full/56b9158d289284d726b73c55514a5de851a0a0c3.jpg,200,300,14.3
99523,Pannie Kianzad,https://www.sherdog.com/fighter/Pannie-Kianzad-99523,2026-08-19T06:00:02.861754+00:00,"Dec 8, 1991",1991-12-08,Sweden,"5'7"" / 170.18 cm",170.18,135 lbs / 61.23 kg,61.23,Arte Suave Copenhagen,full/0f6a64293a5df23d193a7ab612d6b6c004af8b78.jpg,200,300,14.7
282383,William Knight,https://www.sherdog.com/fighter/William-Knight-282383,2026-08-19T06:00:02.866045+00:00,"Apr 3, 1988",1988-04-03,United States,"5'10"" / 177.8 cm",177.8,245 lbs / 111.13 kg,111.13,Thornton Martial Arts,full/4c5d8f2fbe56c66aff67ffbfab34a89bfc832631.jpg,200,300,14.4
104851,Mounir Lazzez,https://www.sherdog.com/fighter/Mounir-Lazzez-104851,2026-08-19T06:00:02.869343+00:00,"Nov 16, 1987",1987-11-16,Tunisia,"6'1"" / 185.42 cm",185.42,170 lbs / 77.11 kg,77.11,Team Nogueira Dubai,full/b6fe43ae2d8db797f02fc0d34f3c010874a43c0f.jpg,200,300,13.3
188479,T.J. Laramie,https://www.sherdog.com/fighter/TJ-Laramie-188479,2026-08-19T06:00:02.872031+00:00,"Oct 15, 1997",1997-10-15,Canada,"5'6"" / 167.64 cm",167.64,145 lbs / 65.77 kg,65.77,Maximum Training Centre,full/a461138727279edbf234aba4060d0cf9c716be59.jpg,200,300,11.1
231403,Miguel Baeza,https://www.sherdog.com/fighter/Miguel-Baeza-231403,2026-08-19T06:00:02.874711+00:00,"Aug 23, 1992",1992-08-23,United States,"6'2"" / 187.96 cm",187.96,170 lbs / 77.11 kg,77.11,MMA Masters,full/dd2572255b6aa754a2175da1ab6ae9d149deee33.jpg,200,300,12.4
145315,Gadzhi Omargadzhiev,https://www.sherdog.com/fighter/Gadzhi-Omargadzhiev-145315,2026-08-19T06:00:02.878599+00:00,"Feb 24, 1993",1993-02-24,Russia,"6'1"" / 185.42 cm",185.42,185 lbs / 83.91 kg,83.91,CSKA Moscow,full/09a147f3b4fee91a026c49dfddd571f32aa79359.jpg,200,300,16.1
100715,Jessica Andrade,https://www.sherdog.com/fighter/Jessica-Andrade-100715,2026-08-19T06:00:02.882613+00:00,"Sep 25, 1991",1991-09-25,Brazil,"5'2"" / 157.48 cm",157.48,115 lbs / 52.16 kg,52.16,GAEA Project,full/e64b8399cfdf54fc41acfd6d71f34b5d306692a3.jpg,200,300,16.7
264071,Dean Barry,https://www.sherdog.com/fighter/Dean-Barry-264071,2026-08-19T06:00:02.889603+00:00,"Jul 3, 1992",1992-07-03,Ireland,"5'10"" / 177.8 cm",177.8,170 lbs / 77.11 kg,77.11,Team Ryano,full/d8b451ffcf4d67e103972e874baefa3640e43a66.jpg,200,300,11.1
63272,Mike Jackson,https://www.sherdog.com/fighter/Mike-Jackson-63272,2026-08-19T06:00:02.891675+00:00,"Mar 22, 1985",1985-03-22,United States,"6'2"" / 187.96 cm",187.96,170 lbs / 77.11 kg,77.11,Main Street Boxing & Muay Thai,full/f4f82617f166a7b07a737016071cd2e6c8341777.jpg,200,300,12.9
141251,Marcin Prachnio,https://www.sherdog.com/fighter/Marcin-Prachnio-141251,2026-08-19T06:00:02.894126+00:00,"Jul 14, 1988",1988-07-14,Poland,"6'3"" / 190.5 cm",190.5,205 lbs / 92.99 kg,92.99,Tatsujin Dojo,full/2ba9be9d1079ff846ff5781c2acaea05acc2468f.jpg,200,300,13.0
61438,Philipe Lins,https://www.sherdog.com/fighter/Philipe-Lins-61438,2026-08-19T06:00:02.898098+00:00,"Aug 17, 1985",1985-08-17,Brazil,"6'1"" / 185.42 cm",185.42,223 lbs / 101.15 kg,101.15,American Top Team,full/4d16209ff40dfb5cfa2f805ea73d0ede2a51ba88.jpg,200,300,10.0
269245,Evan Elder,https://www.sherdog.com/fighter/Evan-Elder-269245,2026-08-19T06:00:02.901374+00:00,"Apr 11, 1997",1997-04-11,United States,"5'9"" / 175.26 cm",175.26,155 lbs / 70.31 kg,70.31,Syndicate MMA,full/e56ca8617d9e24f721826775c6e0537578b7c3a8.jpg,200,300,13.6
173219,Preston Parsons,https://www.sherdog.com/fighter/Preston-Parsons-173219,2026-08-19T06:00:02.904178+00:00,"Jul 15, 1995",1995-07-15,United States,"5'11"" / 180.34 cm",180.34,170 lbs / 77.11 kg,77.11,Elevate MMA,full/02e2338fa9cf649313df29478041c359994aee98.jpg,200,300,13.2
66351,Cameron Else,https://www.sherdog.com/fighter/Cameron-Else-66351,2026-08-19T06:00:02.909643+00:00,"Apr 27, 1991",1991-04-27,England,"5'8"" / 172.72 cm",172.72,136 lbs / 61.69 kg,61.69,Jackson-Wink MMA,full/52482092d7041701ac76ef9264d4ea9b2e82c15a.jpg,200,300,13.0
191363,Darrius Flowers,https://www.sherdog.com/fighter/Darrius-Flowers-191363,2026-08-19T06:01:33.021483+00:00,"Aug 25, 1994",1994-08-25,United States,"5'9"" / 175.26 cm",175.26,157 lbs / 71.21 kg,71.21,Chicago Fight Team,full/aee43f53b89988ba2862b35f5c2b3b584bc6a7e1.jpg,200,300,15.8
325407,Gauge Young,https://www.sherdog.com/fighter/Gauge-Young-325407,2026-08-19T06:01:33.026446+00:00,"Jul 14, 2000",2000-07-14,United States,"5'9"" / 175.26 cm",175.26,156 lbs / 70.76 kg,70.76,Ignite Jiu Jitsu & MMA Academy,full/bce79a1ea299615d20011995d5b4b131d368817b.jpg,200,300,13.0
178343,Katharina Lehner,https://www.sherdog.com/fighter/Katharina-Lehner-178343,2026-08-19T06:01:33.030231+00:00,"Apr 9, 1990",1990-04-09,Germany,"5'6"" / 167.64 cm",167.64,136 lbs / 61.69 kg,61.69,Syndicate MMA,full/9fa9f9ef7f879c6ab1fa92e8e395751c73ddd8fe.jpg,200,300,13.8
333829,Victoria Dudakova,https://www.sherdog.com/fighter/Victoria-Dudakova-333829,2026-08-19T06:01:33.033371+00:00,"Jan 26, 1999",1999-01-26,Russia,"5'6"" / 167.64 cm",167.64,115 lbs / 52.16 kg,52.16,ALEX Fitness,full/480b01394f3b98b45cf5c8f3b98dcaa7d2bf4387.jpg,200,300,14.0
168171,Jin Soo Son,https://www.sherdog.com/fighter/Jin-Soo-Son-168171,2026-08-19T06:01:33.037003+00:00,"Apr 1, 1993",1993-04-01,South Korea,"5'7"" / 170.18 cm",170.18,136 lbs / 61.69 kg,61.69,Cornerman,,,,
57322,Andreas Stahl,https://www.sherdog.com/fighter/Andreas-Stahl-57322,2026-08-19T06:01:33.039717+00:00,"May 20, 1988",1988-05-20,Sweden,"6'1"" / 185.42 cm",185.42,171 lbs / 77.56 kg,77.56,Renyi,full/534ad397408fc54d6d7aa41b2d374ea38fe95f5d.jpg,200,300,10.6
184933,Phil Brooks,https://www.sherdog.com/fighter/Phil-Brooks-184933,2026-08-19T06:01:33.043280+00:00,"Oct 26, 1978",1978-10-26,United States,"6'2"" / 187.96 cm",187.96,170 lbs / 77.11 kg,77.11,Roufusport,full/172d0d48f329d8355a9fddec84e373f933ef7c6a.jpg,200,300,18.3
327003,Lawrence Lui,https://www.sherdog.com/fighter/Lawrence-Lui-327003,2026-08-19T06:01:33.046021+00:00,"Aug 4, 1996",1996-08-04,Hong Kong,"5'8"" / 172.72 cm",172.72,135 lbs / 61.23 kg,61.23,City Kickboxing,full/3572605ab8dd7f9f15c65f2b226118b2ce4d908c.jpg,200,300,8.6
124673,Kuya Ito,https://www.sherdog.com/fighter/Kuya-Ito-124673,2026-08-19T06:01:33.048747+00:00,"Oct 7, 1996",1996-10-07,Japan,"5'5"" / 165.1 cm",165.1,135 lbs / 61.23 kg,61.23,Brave,full/e94e42190dd29b1ff7291f9ef43d434051559d1c.jpg,200,300,10.2
220,Dave Roberts,https://www.sherdog.com/fighter/Dave-Roberts-220,2026-08-19T06:01:33.052576+00:00,"Nov 15, 1977",1977-11-15,United States,"6'1"" / 185.42 cm",185.42,203 lbs / 92.08 kg,92.08,,full/9096aabe6e3c22608f753e765482cad2658c9ec6.jpg,200,300,11.1
164915,Mara Romero Borella,https://www.sherdog.com/fighter/Mara-Romero-Borella-164915,2026-08-19T06:01:33.055140+00:00,"Jun 3, 1986",1986-06-03,Italy,"5'6"" / 167.64 cm",167.64,125 lbs / 56.7 kg,56.7,American Top Team,full/40ed570070c22c5d2487e59a90e3a4903056f504.jpg,200,300,19.3
59830,Danny Henry,https://www.sherdog.com/fighter/Danny-Henry-59830,2026-08-19T06:01:33.058746+00:00,"Jul 17, 1988",1988-07-17,Scotland,"5'11"" / 180.34 cm",180.34,145 lbs / 65.77 kg,65.77,Higher Level MMA,full/447374a11decb83080f27d62a8eaf0075127cef6.jpg,200,300,10.2
50861,Chris Fishgold,https://www.sherdog.com/fighter/Chris-Fishgold-50861,2026-08-19T06:01:33.061641+00:00,"Jun 6, 1992",1992-06-06,England,"5'8"" / 172.72 cm",172.72,149 lbs / 67.59 kg,67.59,Next Generation MMA Liverpool,full/a69041cea5aa7148c9b45f2fed9ed20ae063b554.jpg,200,300,12.3
188737,Sung Bin Jo,https://www.sherdog.com/fighter/Sung-Bin-Jo-188737,2026-08-19T06:01:33.064851+00:00,"Jul 17, 1992",1992-07-17,South Korea,"5'11"" / 180.34 cm",180.34,145 lbs / 65.77 kg,65.77,Team Stun Gun,full/194a6d689c6ba0a3dbb7d8894fa0996d106d5f48.jpg,200,300,18.5
41384,Isaac Villanueva,https://www.sherdog.com/fighter/Isaac-Villanueva-41384,2026-08-19T06:01:33.067462+00:00,"Apr 4, 1984",1984-04-04,United States,"6'3"" / 190.5 cm",190.5,205 lbs / 92.99 kg,92.99,4oz. Fight Club,full/58d243e1d415b5ca9e1e327168202e7ebbf71a49.jpg,200,300,11.7
91889,Sergey Khandozhko,https://www.sherdog.com/fighter/Sergey-Khandozhko-91889,2026-08-19T06:01:33.137199+00:00,"May 19, 1992",1992-05-19,Russia,"6'1"" / 185.42 cm",185.42,170 lbs / 77.11 kg,77.11,Industrials,full/b9b3f0e6b353cab4570bb9213977c6d16ce6b06e.jpg,200,300,9.4
79138,Jordan Wright,https://www.sherdog.com/fighter/Jordan-Wright-79138,2026-08-19T06:01:33.140992+00:00,"Oct 7, 1991",1991-10-07,United States,"6'1"" / 185.42 cm",185.42,185 lbs / 83.91 kg,83.91,Dynamix MMA,full/204adddeef6854e081690a6e88646f9a19afe4d7.jpg,200,300,11.7
82446,Lando Vannata,https://www.sherdog.com/fighter/Lando-Vannata-82446,2026-08-19T06:01:33.144420+00:00,"Mar 14, 1992",1992-03-14,United States,"5'9"" / 175.26 cm",175.26,155 lbs / 70.31 kg,70.31,Elevation Fight Team,full/b7cb06c4f94807af8ea8d6e70ee421049ad76828.jpg,200,300,17.1
175479,Montana De La Rosa,https://www.sherdog.com/fighter/Montana-De-La-Rosa-175479,2026-08-19T06:01:33.148844+00:00,"Feb 14, 1995",1995-02-14,United States,"5'7"" / 170.18 cm",170.18,125 lbs / 56.7 kg,56.7,Elevation Fight Team,full/fc64ecc19244815b2b4fd6b51f076c0f78467400.jpg,200,300,16.1
8184,Clay Guida,https://www.sherdog.com/fighter/Clay-Guida-8184,2026-08-19T06:01:33.153308+00:00,"Dec 8, 1981",1981-12-08,United States,"5'7"" / 170.18 cm",170.18,155 lbs / 70.31 kg,70.31,Team Alpha Male,full/8aba5d3f6a7a91f32cbc0444b823d3170006fc8a.jpg,200,300,15.0
105897,Claudio Puelles,https://www.sherdog.com/fighter/Claudio-Puelles-105897,2026-08-19T06:01:33.162018+00:00,"Apr 21, 1996",1996-04-21,Peru,"5'11"" / 180.34 cm",180.34,156 lbs / 70.76 kg,70.76,Kill Cliff FC,full/2b5f56d9aba90c3f4addb68545b286e85a6ae048.jpg,200,300,12.8
76100,Rob Font,https://www.sherdog.com/fighter/Rob-Font-76100,2026-08-19T06:01:33.165536+00:00,"Jun 25, 1987",1987-06-25,United States,"5'8"" / 172.72 cm",172.72,135 lbs / 61.23 kg,61.23,New England Cartel,full/a99b1a8f47d27c976ba9d15e50b52847a008cd5b.jpg,200,300,14.6
36287,Gina Mazany,https://www.sherdog.com/fighter/Gina-Mazany-36287,2026-08-19T06:01:33.171064+00:00,"Aug 19, 1988",1988-08-19,United States,"5'6"" / 167.64 cm",167.64,125 lbs / 56.7 kg,56.7,Glory MMA & Fitness,full/1e758f84fcbce4a3590f43d2fc5cba1ae0f39b85.jpg,200,300,16.1
126277,Shanna Young,https://www.sherdog.com/fighter/Shanna-Young-126277,2026-08-19T06:01:33.174509+00:00,"Feb 20, 1991",1991-02-20,United States,"5'7"" / 170.18 cm",170.18,128 lbs / 58.06 kg,58.06,Syndicate MMA,full/9f727936c4cf494cde8cb2f1ed1069c5758115b8.jpg,200,300,14.3
243687,Mike Breeden,https://www.sherdog.com/fighter/Mike-Breeden-243687,2026-08-19T06:01:33.181522+00:00,"Apr 21, 1989",1989-04-21,United States,"5'10"" / 177.8 cm",177.8,160 lbs / 72.57 kg,72.57,Marathon MMA,full/66bd8d5d20b1ee485697795e43bb773ed6894a66.jpg,200,300,8.7
227411,Natan Levy,https://www.sherdog.com/fighter/Natan-Levy-227411,2026-08-19T06:01:33.184518+00:00,"Sep 30, 1991",1991-09-30,Israel,"5'9"" / 175.26 cm",175.26,157 lbs / 71.21 kg,71.21,Syndicate MMA,full/7062fcad98a46089d716d0306654ea7d7c5b47cf.jpg,200,300,12.7
53380,Krzysztof Jotko,https://www.sherdog.com/fighter/Krzysztof-Jotko-53380,2026-08-19T06:01:33.187183+00:00,"Aug 19, 1989",1989-08-19,Poland,"6'1"" / 185.42 cm",185.42,185 lbs / 83.91 kg,83.91,American Top Team,full/47b114caf070acaba6907c8ed9a8c38d0b5f4150.jpg,200,300,11.3
61364,Tristan Connelly,https://www.sherdog.com/fighter/Tristan-Connelly-61364,2026-08-19T06:01:33.192322+00:00,"Dec 12, 1985",1985-12-12,Canada,"5'11"" / 180.34 cm",180.34,145 lbs / 65.77 kg,65.77,Ryan's MMA - Checkmat Vancouver,full/b5fb80764b5e604ead0c178a8ea97c4544319e1d.jpg,200,300,9.8
22094,Darren Elkins,https://www.sherdog.com/fighter/Darren-Elkins-22094,2026-08-19T06:01:33.195144+00:00,"May 16, 1984",1984-05-16,United States,"5'10"" / 177.8 cm",177.8,146 lbs / 66.22 kg,66.22,Duneland Vale Tudo,full/26f7d5dd60d55b7ca469f6fc92b12ce411aee736.jpg,200,300,13.4
103525,Grant Dawson,https://www.sherdog.com/fighter/Grant-Dawson-103525,2026-08-19T06:01:33.202276+00:00,"Feb 20, 1994",1994-02-20,United States,"5'10"" / 177.8 cm",177.8,155 lbs / 70.31 kg,70.31,American Top Team,full/2410fb6f2ef4f78fbc47ec272909258d45d43d2f.jpg,200,300,8.6
181115,Joanderson Brito,https://www.sherdog.com/fighter/Joanderson-Brito-181115,2026-08-19T06:01:33.206980+00:00,"Feb 11, 1995",1995-02-11,Brazil,"5'8"" / 172.72 cm",172.72,145 lbs / 65.77 kg,65.77,Chute Boxe Joao Emilio,full/21bbd6ff8034e5f14396a0f6653f0b1795f1be26.jpg,200,300,15.0
270,Andrei Arlovski,https://www.sherdog.com/fighter/Andrei-Arlovski-270,2026-08-19T06:01:33.210842+00:00,"Feb 4, 1979",1979-02-04,Belarus,"6'4"" / 193.04 cm",193.04,245 lbs / 111.13 kg,111.13,American Top Team,full/278d216e1e0a6e8c8ceb584e3d82fe843288afc6.jpg,200,300,12.7
46648,Justin Gaethje,https://www.sherdog.com/fighter/Justin-Gaethje-46648,2026-08-19T06:01:33.219981+00:00,"Nov 14, 1988",1988-11-14,United States,"5'11"" / 180.34 cm",180.34,155 lbs / 70.31 kg,70.31,Genesis Training Center,full/3f04d3b244ebb55850b0335d82695a72f730fb06.jpg,200,300,14.5
30300,Charles Oliveira,https://www.sherdog.com/fighter/Charles-Oliveira-30300,2026-08-19T06:01:33.224974+00:00,"Oct 17, 1989",1989-10-17,Brazil,"5'10"" / 177.8 cm",177.8,155 lbs / 70.31 kg,70.31,Chute Boxe Diego Lima,full/0dc8b8675399297688e6b9f8a0c3953161438b11.jpg,200,300,13.8
112047,Fernie Garcia,https://www.sherdog.com/fighter/Fernie-Garcia-112047,2026-08-19T06:01:33.233142+00:00,"Apr 12, 1992",1992-04-12,United States,"5'7"" / 170.18 cm",170.18,145 lbs / 65.77 kg,65.77,Fortis MMA,full/b6d1a5be3d4547a4781d3efeb44968289acd06af.jpg,200,300,14.0
77464,Journey Newson,https://www.sherdog.com/fighter/Journey-Newson-77464,2026-08-19T06:01:33.235997+00:00,"Mar 7, 1989",1989-03-07,United States,"5'5"" / 165.1 cm",165.1,139 lbs / 63.05 kg,63.05,Impact Jiu Jitsu,full/6731c68a4a5d0220f12081221a14bce33297fa18.jpg,200,300,13.3
182853,Ariane Carnelossi,https://www.sherdog.com/fighter/Ariane-Carnelossi-182853,2026-08-19T06:01:33.239186+00:00,"Nov 17, 1992",1992-11-17,Brazil,"5'2"" / 157.48 cm",157.48,115 lbs / 52.16 kg,52.16,Inside Muay Thai,full/95d00b78bcab1b384787fd99c71aa54dddad6dd4.jpg,200,300,17.0
229541,Kleydson Rodrigues,https://www.sherdog.com/fighter/Kleydson-Rodrigues-229541,2026-08-19T06:01:33.242515+00:00,"Oct 22, 1995",1995-10-22,Brazil,"5'7"" / 170.18 cm",170.18,135 lbs / 61.23 kg,61.23,Team Nogueira,full/04b03b16ca29ca9b9a3c144a960129bf2defe9e2.jpg,200,300,11.4
72117,C.J. Vergara,https://www.sherdog.com/fighter/CJ-Vergara-72117,2026-08-19T06:01:33.245301+00:00,"Jun 18, 1991",1991-06-18,United States,"5'6"" / 167.64 cm",167.64,125 lbs / 56.7 kg,56.7,Pete Spratt American Muay Thai,full/d2b1898ec6099f64187fc56a79e82bbdcd5b800f.jpg,200,300,9.2
193547,Melissa Gatto,https://www.sherdog.com/fighter/Melissa-Gatto-193547,2026-08-19T06:01:33.248878+00:00,"May 2, 1996",1996-05-02,Brazil,"5'5"" / 165.1 cm",165.1,125 lbs / 56.7 kg,56.7,MSP,full/033a60ada54a22372dfa7de42a94121773197314.jpg,200,300,14.7
160955,Tracy Cortez,https://www.sherdog.com/fighter/Tracy-Cortez-160955,2026-08-19T06:01:33.252007+00:00,"Dec 10, 1993",1993-12-10,United States,"5'5"" / 165.1 cm",165.1,125 lbs / 56.7 kg,56.7,Fight Ready,full/98de115644c6b44a80c39599065c5e9a7c64964e.jpg,200,300,15.2
51955,Marcos Rogerio de Lima,https://www.sherdog.com/fighter/Marcos-Rogerio-de-Lima-51955,2026-08-19T06:01:33.255535+00:00,"Jun 25, 1985",1985-06-25,Brazil,"6'1"" / 185.42 cm",185.42,262 lbs / 118.84 kg,118.84,American Top Team,full/965617fbf62559b94e1ab68ee40bf70fc5ed275d.jpg,200,300,12.4
50154,Blagoy Ivanov,https://www.sherdog.com/fighter/Blagoy-Ivanov-50154,2026-08-19T06:01:33.260616+00:00,"Oct 9, 1986",1986-10-09,Bulgaria,"5'11"" / 180.34 cm",180.34,258 lbs / 117.03 kg,117.03,SK Absolute Bulgaria,full/f2e07c973e4d4104c480a9167667f3c9e1d5cca6.jpg,200,300,13.2
83851,Brandon Royval,https://www.sherdog.com/fighter/Brandon-Royval-83851,2026-08-19T06:01:33.264235+00:00,"Aug 16, 1992",1992-08-16,United States,"5'7"" / 170.18 cm",170.18,125 lbs / 56.7 kg,56.7,Factory X,full/6a0b80ad5ab51cc26c038da9bff162f98c933910.jpg,200,300,10.5
64677,Danny Roberts,https://www.sherdog.com/fighter/Danny-Roberts-64677,2026-08-19T06:01:33.268544+00:00,"Jul 14, 1987",1987-07-14,England,"6'1"" / 185.42 cm",185.42,170 lbs / 77.11 kg,77.11,Team McHale,full/53b13d40be8b1be2044c766fdfc4bac363bc27b8.jpg,200,300,13.2
31103,Francisco Trinaldo,https://www.sherdog.com/fighter/Francisco-Trinaldo-31103,2026-08-19T06:01:33.273118+00:00,"Aug 24, 1978",1978-08-24,Brazil,"5'8"" / 172.72 cm",172.72,170 lbs / 77.11 kg,77.11,Brazilian TKO,full/9706ef2d1df9613fc90286b1c405ff4ad0d70141.jpg,200,300,18.7
198129,Kalinn Williams,https://www.sherdog.com/fighter/Kalinn-Williams-198129,2026-08-19T06:01:33.279724+00:00,"Mar 30, 1994",1994-03-30,United States,"6'0"" / 182.88 cm",182.88,170 lbs / 77.11 kg,77.11,Murcielago MMA,full/f9605db77db01ac7e7a2c6e4208c4219d132b3a5.jpg,200,300,11.7
115641,Randy Brown,https://www.sherdog.com/fighter/Randy-Brown-115641,2026-08-19T06:01:33.283670+00:00,"Jul 8, 1990",1990-07-08,Jamaica,"6'3"" / 190.5 cm",190.5,170 lbs / 77.11 kg,77.11,Budokan Martial Arts Academy,full/6ca27b86e980216870d646cfbf92e11177b593e0.jpg,200,300,10.8
219,Marcelo Mello,https://www.sherdog.com/fighter/Marcelo-Mello-219,2026-08-19T06:03:07.725678+00:00,,,Brazil,"5'7"" / 170.18 cm",170.18,169 lbs / 76.66 kg,76.66,,full/06750042ca3546753bbb0eb81887e4093da8ed0e.jpg,200,300,11.3
5707,Mauricio Rua,https://www.sherdog.com/fighter/Mauricio-Rua-5707,2026-08-19T06:01:33.289199+00:00,"Nov 25, 1981",1981-11-25,Brazil,"6'1"" / 185.42 cm",185.42,205 lbs / 92.99 kg,92.99,Universidade da Luta,full/81feaab4ad2720072facdd9ea6b7a0cb9a20554e.jpg,200,300,14.5
280041,Andreas Gustafsson,https://www.sherdog.com/fighter/Andreas-Gustafsson-280041,2026-08-19T06:03:07.686882+00:00,"Feb 20, 1991",1991-02-20,Sweden,"6'1"" / 185.42 cm",185.42,185 lbs / 83.91 kg,83.91,Vasteras Fight Club,full/e642c959a0fbb5d419468457ffeaeae2ff67ef43.jpg,200,300,8.8
5434,Delson Heleno,https://www.sherdog.com/fighter/Delson-Heleno-5434,2026-08-19T06:03:07.691260+00:00,"Nov 16, 1977",1977-11-16,Brazil,"5'11"" / 180.34 cm",180.34,170 lbs / 77.11 kg,77.11,CM System,full/cf3ea901bc9ad1eef01db568bd7bac138ab728a6.jpg,200,300,11.3
65875,Jonny Parsons,https://www.sherdog.com/fighter/Jonny-Parsons-65875,2026-08-19T06:03:07.696172+00:00,"Sep 6, 1991",1991-09-06,United States,"5'10"" / 177.8 cm",177.8,171 lbs / 77.56 kg,77.56,Syndicate MMA,full/f3d272a1077a6941621a835a6e389f8e4b1a35bc.jpg,200,300,12.8
179169,Vinicius Salvador,https://www.sherdog.com/fighter/Vinicius-Salvador-179169,2026-08-19T06:03:07.698986+00:00,"Jul 24, 1996",1996-07-24,Brazil,"5'9"" / 175.26 cm",175.26,135 lbs / 61.23 kg,61.23,Marcelo Ribas Team,full/43f7e2cc36ce3709cba90eeaccc23ec993eb43f1.jpg,200,300,10.5
48495,Domingo Pilarte,https://www.sherdog.com/fighter/Domingo-Pilarte-48495,2026-08-19T06:03:07.702530+00:00,"Jan 5, 1990",1990-01-05,United States,"6'0"" / 182.88 cm",182.88,135 lbs / 61.23 kg,61.23,Revolution Dojo,full/76cb0737bd8f59dcecbee20b33b4caae2e444404.jpg,200,300,13.3
271,Aaron Brink,https://www.sherdog.com/fighter/Aaron-Brink-271,2026-08-19T06:03:07.705863+00:00,"Nov 12, 1974",1974-11-12,United States,"6'3"" / 190.5 cm",190.5,231 lbs / 104.78 kg,104.78,,full/4d34c5194d4b084f8b1af79faa29f4ad5c9c52bf.jpg,200,300,13.6
286035,Isaac Thomson,https://www.sherdog.com/fighter/Isaac-Thomson-286035,2026-08-19T06:03:07.709897+00:00,"May 3, 2002",2002-05-03,Australia,"5'11"" / 180.34 cm",180.34,145 lbs / 65.77 kg,65.77,Team Alpha Male,full/408bde9c16ceededf7ff6e3f27dbd81c7db79e30.jpg,200,300,12.3
1926,Justin James,https://www.sherdog.com/fighter/Justin-James-1926,2026-08-19T06:03:07.712552+00:00,"Nov 8, 1976",1976-11-08,United States,"5'10"" / 177.8 cm",177.8,155 lbs / 70.31 kg,70.31,,full/0a8322ab00305169293af7a522c36b4281615831.jpg,200,300,14.5
182785,Marcos Mariano,https://www.sherdog.com/fighter/Marcos-Mariano-182785,2026-08-19T06:03:07.715843+00:00,"Oct 12, 1986",1986-10-12,Brazil,"6'1"" / 185.42 cm",185.42,155 lbs / 70.31 kg,70.31,Killer Bees,full/cc99299a4a8b614d6e43ae2e204006bdbdaf78da.jpg,200,300,10.2
175303,Rostem Akman,https://www.sherdog.com/fighter/Rostem-Akman-175303,2026-08-19T06:03:07.718954+00:00,"Dec 19, 1991",1991-12-19,Sweden,"6'0"" / 182.88 cm",182.88,170 lbs / 77.11 kg,77.11,Fightzone Stockholm,full/9c83a366595d24e146d29bccd87404d9f2d81dca.jpg,200,300,12.2
207291,Vinicius Moreira,https://www.sherdog.com/fighter/Vinicius-Moreira-207291,2026-08-19T06:03:07.722588+00:00,"Feb 28, 1989",1989-02-28,Brazil,"6'4"" / 193.04 cm",193.04,265 lbs / 120.2 kg,120.2,Five Rounds,full/505fcaa399d2a12b18d31a156af4e53f5efdcc15.jpg,200,300,15.7
382525,Qinghe Zhang,https://www.sherdog.com/fighter/Qinghe-Zhang-382525,2026-08-19T06:03:07.727498+00:00,"Nov 5, 2001",2001-11-05,China,"5'7"" / 170.18 cm",170.18,135 lbs / 61.23 kg,61.23,Yunnan Kunli Junlong Fight Club,full/f9635adef7a53d1006bd597ba1e211e94dfa16b4.jpg,200,300,11.3
438266,Van Y Nghiem,https://www.sherdog.com/fighter/Van-Y-Nghiem-438266,2026-08-19T06:03:07.730119+00:00,"May 15, 1999",1999-05-15,Vietnam,"5'7"" / 170.18 cm",170.18,135 lbs / 61.23 kg,61.23,,full/84b066af59dbc1b99ee483c31455162d52ff4ad4.jpg,200,300,9.3
300151,Fatima Kline,https://www.sherdog.com/fighter/Fatima-Kline-300151,2026-08-19T06:03:07.732231+00:00,"Jul 12, 2000",2000-07-12,United States,"5'6"" / 167.64 cm",167.64,115 lbs / 52.16 kg,52.16,MK Muay Thai,full/275116025171ad91eb3807f19f01ee69cb9f588a.jpg,200,300,12.6
38842,Ovince St. Preux,https://www.sherdog.com/fighter/Ovince-St-Preux-38842,2026-08-19T06:03:07.735414+00:00,"Apr 8, 1983",1983-04-08,United States,"6'3"" / 190.5 cm",190.5,205 lbs / 92.99 kg,92.99,Knoxville MMA,full/52bc44fa187198c255acaa6d87f41a2ce037056f.jpg,200,300,9.8
50829,Michael Chandler,https://www.sherdog.com/fighter/Michael-Chandler-50829,2026-08-19T06:03:07.743190+00:00,"Apr 24, 1986",1986-04-24,United States,"5'8"" / 172.72 cm",172.72,156 lbs / 70.76 kg,70.76,Kill Cliff FC,full/e25c7eb93d6034f66b7895d677782381df2ddd56.jpg,200,300,11.8
69083,Rose Namajunas,https://www.sherdog.com/fighter/Rose-Namajunas-69083,2026-08-19T06:03:07.747159+00:00,"Jun 29, 1992",1992-06-29,United States,"5'5"" / 165.1 cm",165.1,125 lbs / 56.7 kg,56.7,Genesis Training Academy,full/b039eaa2706ebb253fc21ca600ec58eeae52ddbe.jpg,200,300,15.5
63410,Carla Esparza,https://www.sherdog.com/fighter/Carla-Esparza-63410,2026-08-19T06:03:07.752640+00:00,"Oct 10, 1987",1987-10-10,United States,"5'1"" / 154.94 cm",154.94,115 lbs / 52.16 kg,52.16,Team Oyama,full/3fa55b2831479dc231dae5555ab7bc29f1ad3b71.jpg,200,300,14.0
86829,Aleksandar Rakic,https://www.sherdog.com/fighter/Aleksandar-Rakic-86829,2026-08-19T06:03:07.757837+00:00,"Feb 6, 1992",1992-02-06,Austria,"6'5"" / 195.58 cm",195.58,237 lbs / 107.5 kg,107.5,Gym 23,full/e62dc491b84fcb28be371539919b0283f6d014f2.jpg,200,300,13.4
25821,Jan Blachowicz,https://www.sherdog.com/fighter/Jan-Blachowicz-25821,2026-08-19T06:03:07.763535+00:00,"Feb 24, 1983",1983-02-24,Poland,"6'2"" / 187.96 cm",187.96,205 lbs / 92.99 kg,92.99,WCA Fight Team,full/3e4993056134369c0d5ceb919af4fbb9b8fac8f4.jpg,200,300,10.0
302823,Nick Maximov,https://www.sherdog.com/fighter/Nick-Maximov-302823,2026-08-19T06:03:07.769579+00:00,"Dec 23, 1997",1997-12-23,United States,"6'0"" / 182.88 cm",182.88,185 lbs / 83.91 kg,83.91,Nick Diaz Academy,full/a6852bf16873c131666f4a6763d1ba2baf30b5fa.jpg,200,300,14.1
215253,Andre Petroski,https://www.sherdog.com/fighter/Andre-Petroski-215253,2026-08-19T06:03:07.772537+00:00,"Jun 12, 1991",1991-06-12,United States,"6'0"" / 182.88 cm",182.88,186 lbs / 84.37 kg,84.37,Renzo Gracie Philly,full/4413cf1473f4210b3591a076e4b5983e8ab7b68b.jpg,200,300,15.7
97453,Carlos Candelario,https://www.sherdog.com/fighter/Carlos-Candelario-97453,2026-08-19T06:03:07.777225+00:00,"Jun 4, 1991",1991-06-04,United States,"5'7"" / 170.18 cm",170.18,129 lbs / 58.51 kg,58.51,Underdog Brazilian Jiu-Jitsu,full/e04bf53e15e0a7b537b664e87293dbe28786c836.jpg,200,300,13.3
293975,Tatsuro Taira,https://www.sherdog.com/fighter/Tatsuro-Taira-293975,2026-08-19T06:03:07.779829+00:00,"Jan 27, 2000",2000-01-27,Japan,"5'7"" / 170.18 cm",170.18,125 lbs / 56.7 kg,56.7,The Blackbelt Japan,full/0934aa6b22ea0873043d7b60387c0ab37deffb2e.jpg,200,300,9.9
137557,Virna Jandiroba,https://www.sherdog.com/fighter/Virna-Jandiroba-137557,2026-08-19T06:03:07.783550+00:00,"May 30, 1988",1988-05-30,Brazil,"5'3"" / 160.02 cm",160.02,115 lbs / 52.16 kg,52.16,Fight House,full/8c865b1d56a198af42bfbb3b494cce19fab89684.jpg,200,300,11.8
31096,Alan Patrick,https://www.sherdog.com/fighter/Alan-Patrick-31096,2026-08-19T06:03:07.787863+00:00,"Jul 9, 1983",1983-07-09,Brazil,"5'11"" / 180.34 cm",180.34,155 lbs / 70.31 kg,70.31,Chute Boxe Diego Lima,full/4d1fb7eef4f687cb70d73cd489606a0bca27971d.jpg,200,300,13.6
149037,Andrea Lee,https://www.sherdog.com/fighter/Andrea-Lee-149037,2026-08-19T06:03:07.791617+00:00,"Feb 11, 1989",1989-02-11,United States,"5'6"" / 167.64 cm",167.64,125 lbs / 56.7 kg,56.7,Karate Mafia,full/0642d96592f665509a02c17aa951f8cdab3b2290.jpg,200,300,16.4
200603,Viviane Araujo,https://www.sherdog.com/fighter/Viviane-Araujo-200603,2026-08-19T06:03:07.796140+00:00,"Nov 21, 1986",1986-11-21,Brazil,"5'5"" / 165.1 cm",165.1,125 lbs / 56.7 kg,56.7,Cerrado MMA,full/b721aa04aee9e081a70a79ab4ef2ec4af60889a4.jpg,200,300,14.6
200597,Jake Hadley,https://www.sherdog.com/fighter/Jake-Hadley-200597,2026-08-19T06:03:07.800383+00:00,"Aug 3, 1996",1996-08-03,England,"5'7"" / 170.18 cm",170.18,135 lbs / 61.23 kg,61.23,Fearless MMA,full/e8b3d6ce84da580e1304d5659b91ffbc30955583.jpg,200,300,12.0
87857,Allan Nascimento,https://www.sherdog.com/fighter/Allan-Nascimento-87857,2026-08-19T06:03:07.805073+00:00,"Sep 11, 1991",1991-09-11,Brazil,"5'9"" / 175.26 cm",175.26,125 lbs / 56.7 kg,56.7,Chute Boxe Diego Lima,full/d5d69928694fdf64819e1cf24fd7b2a0c4c37d78.jpg,200,300,10.9
22114,Frank Camacho,https://www.sherdog.com/fighter/Frank-Camacho-22114,2026-08-19T06:03:07.808566+00:00,"May 18, 1989",1989-05-18,Northern Mariana Islands,"5'10"" / 177.8 cm",177.8,155 lbs / 70.31 kg,70.31,Team Oyama,full/b88d1a6b328d77fab468a08c7d2df7af6f373ad4.jpg,200,300,8.2
297203,Manuel Torres,https://www.sherdog.com/fighter/Manuel-Torres-297203,2026-08-19T06:03:07.812611+00:00,"Mar 25, 1995",1995-03-25,Mexico,"5'9"" / 175.26 cm",175.26,155 lbs / 70.31 kg,70.31,Entram Gym,full/cf0a505427998b057ee0a5fd3e2b6f107474b4c1.jpg,200,300,12.7
171625,Amanda Ribas,https://www.sherdog.com/fighter/Amanda-Ribas-171625,2026-08-19T06:03:07.815963+00:00,"Aug 26, 1993",1993-08-26,Brazil,"5'4"" / 162.56 cm",162.56,115 lbs / 52.16 kg,52.16,Marcelo Ribas Team,full/d14d9279fac3d2e594a0df57932ec8063c795748.jpg,200,300,14.5
119071,Katlyn Cerminara,https://www.sherdog.com/fighter/Katlyn-Cerminara-119071,2026-08-19T06:03:07.820062+00:00,"Dec 28, 1988",1988-12-28,United States,"5'9"" / 175.26 cm",175.26,125 lbs / 56.7 kg,56.7,Team Renzo Gracie,full/8d5a332e7337a8ab3a3d71d64709136c94401a99.jpg,200,300,12.9
64792,Louis Smolka,https://www.sherdog.com/fighter/Louis-Smolka-64792,2026-08-19T06:03:07.824974+00:00,"Jul 16, 1991",1991-07-16,United States,"5'9"" / 175.26 cm",175.26,135 lbs / 61.23 kg,61.23,Team Oyama,full/2e71bc729d9aaa5a9927bdcc68d39a59f0c72ec5.jpg,200,300,15.7
30564,Davey Grant,https://www.sherdog.com/fighter/Davey-Grant-30564,2026-08-19T06:03:07.831768+00:00,"Dec 18, 1985",1985-12-18,England,"5'8"" / 172.72 cm",172.72,135 lbs / 61.23 kg,61.23,Syndicate MMA,full/a4c20958496c2d2e95ae200eedf9b29065905acd.jpg,200,300,17.3
68057,Ryan Spann,https://www.sherdog.com/fighter/Ryan-Spann-68057,2026-08-19T06:03:07.836870+00:00,"Aug 24, 1991",1991-08-24,United States,"6'5"" / 195.58 cm",195.58,264 lbs / 119.75 kg,119.75,Fortis MMA,full/1b22051053352b2284726471565909d92d6d2ec5.jpg,200,300,15.5
75125,Holly Holm,https://www.sherdog.com/fighter/Holly-Holm-75125,2026-08-19T06:03:07.841960+00:00,"Oct 17, 1981",1981-10-17,United States,"5'8"" / 172.72 cm",172.72,135 lbs / 61.23 kg,61.23,Jackson-Wink MMA,full/ec52cd511cd538bfdf1dae99a6c1c1c9691cceef.jpg,200,300,13.8
178961,Ketlen Vieira,https://www.sherdog.com/fighter/Ketlen-Vieira-178961,2026-08-19T06:03:07.846467+00:00,"Aug 26, 1991",1991-08-26,Brazil,"5'9"" / 175.26 cm",175.26,135 lbs / 61.23 kg,61.23,Nova Uniao,full/c731cb47a53ee4048a41be992865f3086021a7ec.jpg,200,300,12.0
231521,Sam Hughes,https://www.sherdog.com/fighter/Sam-Hughes-231521,2026-08-19T06:03:07.850810+00:00,"Jun 28, 1992",1992-06-28,United States,"5'5"" / 165.1 cm",165.1,115 lbs / 52.16 kg,52.16,Fortis MMA,full/999e636fc5f612be8c56c2f35c3d769c1d8bd6ea.jpg,200,300,15.5
144701,Felipe Colares,https://www.sherdog.com/fighter/Felipe-Colares-144701,2026-08-19T06:03:07.854822+00:00,"Mar 31, 1994",1994-03-31,Brazil,"5'9"" / 175.26 cm",175.26,135 lbs / 61.23 kg,61.23,Team Nogueira,full/fe7479ab45a94fa12c1d0a1dd48fa736a433e3b5.jpg,200,300,15.7
249301,Chase Hooper,https://www.sherdog.com/fighter/Chase-Hooper-249301,2026-08-19T06:03:07.857785+00:00,"Sep 13, 1999",1999-09-13,United States,"6'1"" / 185.42 cm",185.42,158 lbs / 71.67 kg,71.67,Combat Sport & Fitness,full/122bb0b0de00ae7a42e3cf0592e2c57024b85bf3.jpg,200,300,14.5
177019,Vince Morales,https://www.sherdog.com/fighter/Vince-Morales-177019,2026-08-19T06:03:07.862150+00:00,"Nov 12, 1990",1990-11-12,United States,"5'7"" / 170.18 cm",170.18,136 lbs / 61.69 kg,61.69,Syndicate MMA,full/92f81af8499dc8639006750dc4d67de5ff28bee0.jpg,200,300,15.3
124959,Jonathan Martinez,https://www.sherdog.com/fighter/Jonathan-Martinez-124959,2026-08-19T06:03:07.866351+00:00,"Apr 20, 1994",1994-04-20,United States,"5'7"" / 170.18 cm",170.18,135 lbs / 61.23 kg,61.23,Factory X,full/f90ece17b90ec30e97d45dca4c33dbe4c8bfcbda.jpg,200,300,15.4
120645,Omar Morales,https://www.sherdog.com/fighter/Omar-Morales-120645,2026-08-19T06:03:07.870858+00:00,"Oct 17, 1985",1985-10-17,Venezuela,"5'11"" / 180.34 cm",180.34,155 lbs / 70.31 kg,70.31,The Goat Shed Academy,full/4c1f2fb24b6961b5f54edda875069d9e06eb7070.jpg,200,300,15.1
272505,Uros Medic,https://www.sherdog.com/fighter/Uros-Medic-272505,2026-08-19T06:03:07.873948+00:00,"Apr 25, 1993",1993-04-25,United States,"6'1"" / 185.42 cm",185.42,171 lbs / 77.56 kg,77.56,Kings MMA,full/e45299ff436cceeddfa65df38fc409a2c8cb7689.jpg,200,300,11.1
24916,Parker Porter,https://www.sherdog.com/fighter/Parker-Porter-24916,2026-08-19T06:03:07.877595+00:00,"Apr 22, 1985",1985-04-22,United States,"6'0"" / 182.88 cm",182.88,256 lbs / 116.12 kg,116.12,Underdog Brazilian Jiu-Jitsu,full/153232832416fc2afc1065211dfdd84bd01df0a9.jpg,200,300,18.9
285543,Joseph Holmes,https://www.sherdog.com/fighter/Joseph-Holmes-285543,2026-08-19T06:03:07.882971+00:00,"Jul 4, 1995",1995-07-04,United States,"6'4"" / 193.04 cm",193.04,265 lbs / 120.2 kg,120.2,W4R Training Center,full/fc1e95bf7f0e8c27110cf8f25ccc126c17ff4cf1.jpg,200,300,12.5
159321,Braxton Smith,https://www.sherdog.com/fighter/Braxton-Smith-159321,2026-08-19T06:19:51.260538+00:00,"Jan 1, 1990",1990-01-01,United States,"5'11"" / 180.34 cm",180.34,262 lbs / 118.84 kg,118.84,Black Sheep Boxing,full/49f521647a7cb3162ecb6d582a8266300150c749.jpg,200,300,11.5
203421,Drako Rodriguez,https://www.sherdog.com/fighter/Drako-Rodriguez-203421,2026-08-19T06:19:51.268649+00:00,"Jun 16, 1996",1996-06-16,United States,"5'8"" / 172.72 cm",172.72,135 lbs / 61.23 kg,61.23,One Combat Academy,full/cf24073c520321863db918e5ff17487efb7199ce.jpg,200,300,11.7
79095,Peter Barrett,https://www.sherdog.com/fighter/Peter-Barrett-79095,2026-08-19T06:19:51.271932+00:00,"Aug 10, 1986",1986-08-10,United States,"5'9"" / 175.26 cm",175.26,155 lbs / 70.31 kg,70.31,Sityodtong Boston,full/6c1a83922eee3ca374e72976e6352c6c9da52f18.jpg,200,300,18.1
117453,Kelly Faszholz,https://www.sherdog.com/fighter/Kelly-Faszholz-117453,2026-08-19T06:19:51.275324+00:00,"Apr 9, 1984",1984-04-09,United States,"5'8"" / 172.72 cm",172.72,135 lbs / 61.23 kg,61.23,Nor-Cal Fighting Alliance,full/964f9b143900a5b141fe81eac292decafaa9eba3.jpg,200,300,15.9
237039,Kayla Harrison,https://www.sherdog.com/fighter/Kayla-Harrison-237039,2026-08-19T06:19:51.278868+00:00,"Jul 2, 1990",1990-07-02,United States,"5'8"" / 172.72 cm",172.72,135 lbs / 61.23 kg,61.23,American Top Team,full/cbf8d6cfa1fd06e06f0ba96882e6e70c19d2848f.jpg,200,300,15.8
116977,Marcus Almeida,https://www.sherdog.com/fighter/Marcus-Almeida-116977,2026-08-19T06:19:51.282184+00:00,"Jan 8, 1990",1990-01-08,Brazil,"6'3"" / 190.5 cm",190.5,253 lbs / 114.76 kg,114.76,American Top Team,full/f06cb1a90a84f5cad469f7d385ef483daa1c5d07.jpg,200,300,14.4
131039,Grigory Popov,https://www.sherdog.com/fighter/Grigory-Popov-131039,2026-08-19T06:19:51.284751+00:00,"Apr 18, 1984",1984-04-18,Russia,"5'6"" / 167.64 cm",167.64,135 lbs / 61.23 kg,61.23,Tiger Muay Thai,full/0830820563065adcfa95a1dfdacb91702570bb94.jpg,200,300,10.2
254547,Adrian Luna Martinetti,https://www.sherdog.com/fighter/Adrian-Luna-Martinetti-254547,2026-08-19T06:19:51.287635+00:00,"Aug 20, 1995",1995-08-20,Ecuador,"5'8"" / 172.72 cm",172.72,135 lbs / 61.23 kg,61.23,Entram Gym,full/61551d5d56b644436b1c2ddc95ff8837a5e2cb88.jpg,200,300,15.7
280195,Aaron Phillips,https://www.sherdog.com/fighter/Aaron-Phillips-280195,2026-08-19T06:19:51.290104+00:00,"Mar 13, 1991",1991-03-13,United States,"6'0"" / 182.88 cm",182.88,184 lbs / 83.46 kg,83.46,Champions BJJ Academy,full/2b6cba084d05780e94aadeab4e8e3626bb11d132.jpg,200,300,11.3
239381,Cameron Rowston,https://www.sherdog.com/fighter/Cameron-Rowston-239381,2026-08-19T06:19:51.294640+00:00,"Jan 19, 1995",1995-01-19,Australia,"6'3"" / 190.5 cm",190.5,185 lbs / 83.91 kg,83.91,City Kickboxing,full/04357519407c5d1a4183c709f58eb695c90011f0.jpg,200,300,14.9
364819,Rui Imura,https://www.sherdog.com/fighter/Rui-Imura-364819,2026-08-19T06:19:51.297482+00:00,"Mar 24, 1999",1999-03-24,Japan,"5'10"" / 177.8 cm",177.8,135 lbs / 61.23 kg,61.23,Alma Fight Gym Pugnus,full/08de0415f61a5dcf1e9b53d8b131f41bc9398ba1.jpg,200,300,18.3
93407,Eryk Anders,https://www.sherdog.com/fighter/Eryk-Anders-93407,2026-08-19T06:19:51.300012+00:00,"Apr 21, 1987",1987-04-21,United States,"6'1"" / 185.42 cm",185.42,185 lbs / 83.91 kg,83.91,Spartan Fitness MMA,full/b4120243abab60169cd0c2a8ecb609ddc3861f2e.jpg,200,300,17.6
159071,Jun Yong Park,https://www.sherdog.com/fighter/Jun-Yong-Park-159071,2026-08-19T06:19:51.306127+00:00,"Feb 27, 1991",1991-02-27,South Korea,"6'0"" / 182.88 cm",182.88,185 lbs / 83.91 kg,83.91,World Top Team,full/b07de2014955410b153d8fd4ac217a01676b9484.jpg,200,300,13.0
153951,Polyana Viana,https://www.sherdog.com/fighter/Polyana-Viana-153951,2026-08-19T06:19:51.310553+00:00,"Jun 14, 1992",1992-06-14,Brazil,"5'7"" / 170.18 cm",170.18,115 lbs / 52.16 kg,52.16,Chute Boxe Diego Lima,full/9bf0e4a80ee235aac20653701af71bce0b0b5bd3.jpg,200,300,15.1
152919,Tabatha Ricci,https://www.sherdog.com/fighter/Tabatha-Ricci-152919,2026-08-19T06:19:51.314880+00:00,"Feb 21, 1995",1995-02-21,Brazil,"5'2"" / 157.48 cm",157.48,115 lbs / 52.16 kg,52.16,Brazilian Thai,full/168f813d32d456acc1b03d062492f6d44777b315.jpg,200,300,11.6
207339,Dusko Todorovic,https://www.sherdog.com/fighter/Dusko-Todorovic-207339,2026-08-19T06:19:51.318853+00:00,"May 19, 1994",1994-05-19,Serbia,"6'1"" / 185.42 cm",185.42,185 lbs / 83.91 kg,83.91,Secutor,full/43f05cb6b31e75cc7a9e088af59f4082f1132a6f.jpg,200,300,16.4
64593,Santiago Ponzinibbio,https://www.sherdog.com/fighter/Santiago-Ponzinibbio-64593,2026-08-19T06:19:51.322845+00:00,"Sep 26, 1986",1986-09-26,Argentina,"6'0"" / 182.88 cm",182.88,170 lbs / 77.11 kg,77.11,American Top Team,full/3362b2ef945253f7f21130f47d356e17848cab21.jpg,200,300,14.1
135705,Michel Pereira,https://www.sherdog.com/fighter/Michel-Pereira-135705,2026-08-19T06:19:51.329651+00:00,"Oct 6, 1993",1993-10-06,Brazil,"6'1"" / 185.42 cm",185.42,186 lbs / 84.37 kg,84.37,Overcome Academy,full/fbe2588000917afc9fdeaffd9a2f4ba7ddf8b6ce.jpg,200,300,13.0
102803,Jairzinho Rozenstruik,https://www.sherdog.com/fighter/Jairzinho-Rozenstruik-102803,2026-08-19T06:19:51.401930+00:00,"Mar 17, 1988",1988-03-17,Suriname,"6'2"" / 187.96 cm",187.96,252 lbs / 114.31 kg,114.31,American Top Team,full/00d0894eb8804b6d87caffc995eecbadc862fb23.jpg,200,300,11.2
40951,Alexander Volkov,https://www.sherdog.com/fighter/Alexander-Volkov-40951,2026-08-19T06:19:51.406916+00:00,"Oct 24, 1988",1988-10-24,Russia,"6'7"" / 200.66 cm",200.66,257 lbs / 116.57 kg,116.57,Strela Team,full/b32211d4092f9b4118eeb0a9dbe7021c4c56b8c0.jpg,200,300,12.9
75565,J.J. Aldrich,https://www.sherdog.com/fighter/JJ-Aldrich-75565,2026-08-19T06:19:51.413072+00:00,"Jun 11, 1992",1992-06-11,United States,"5'5"" / 165.1 cm",165.1,125 lbs / 56.7 kg,56.7,Freedom Fighters,full/a3e18cf262edda6c540edfcbc18aac9aa47c1220.jpg,200,300,10.6
283251,Erin Blanchfield,https://www.sherdog.com/fighter/Erin-Blanchfield-283251,2026-08-19T06:19:51.418388+00:00,"May 4, 1999",1999-05-04,United States,"5'4"" / 162.56 cm",162.56,125 lbs / 56.7 kg,56.7,Renzo Gracie Jiu-Jitsu,full/ad7d82940c9847737656975f9ed681f6fcbb338b.jpg,200,300,14.0
65167,Andreas Michailidis,https://www.sherdog.com/fighter/Andreas-Michailidis-65167,2026-08-19T06:19:51.422196+00:00,"Jul 18, 1988",1988-07-18,Greece,"6'0"" / 182.88 cm",182.88,186 lbs / 84.37 kg,84.37,EFL Academy,full/26ba126c9812c555df8bce91dded691d70b40d78.jpg,200,300,11.2
145067,Rinat Fakhretdinov,https://www.sherdog.com/fighter/Rinat-Fakhretdinov-145067,2026-08-19T06:19:51.425399+00:00,"Sep 28, 1991",1991-09-28,Russia,"6'0"" / 182.88 cm",182.88,171 lbs / 77.56 kg,77.56,American Top Team,full/55338273e4ee709d8a8539d31f78dd7e9011fc0d.jpg,200,300,14.3
176945,Zhalgas Zhumagulov,https://www.sherdog.com/fighter/Zhalgas-Zhumagulov-176945,2026-08-19T06:19:51.428970+00:00,"Aug 29, 1988",1988-08-29,Kazakhstan,"5'4"" / 162.56 cm",162.56,126 lbs / 57.15 kg,57.15,American Top Team,full/5d2fe6e36f7ecea369d8127872f15df68be67530.jpg,200,300,9.6
218069,Jeff Molina,https://www.sherdog.com/fighter/Jeff-Molina-218069,2026-08-19T06:19:51.432526+00:00,"Jul 17, 1997",1997-07-17,United States,"5'6"" / 167.64 cm",167.64,125 lbs / 56.7 kg,56.7,Glory MMA & Fitness,full/c47310cdbda4efd5a00e17ce78becc4f0cd42d04.jpg,200,300,15.3
195507,Johnny Munoz Jr.,https://www.sherdog.com/fighter/Johnny-Munoz-Jr-195507,2026-08-19T06:19:51.435175+00:00,"Feb 16, 1993",1993-02-16,United States,"5'9"" / 175.26 cm",175.26,135 lbs / 61.23 kg,61.23,C-Quence Jiu-Jitsu,full/28786e0b61f164b2da4f8cc573c0b08c2d47bd05.jpg,200,300,12.1
163897,Niklas Stolze,https://www.sherdog.com/fighter/Niklas-Stolze-163897,2026-08-19T06:19:51.438451+00:00,"Dec 28, 1992",1992-12-28,Germany,"6'0"" / 182.88 cm",182.88,170 lbs / 77.11 kg,77.11,SBG Ireland,full/172450111ead6a06e6d9b6268af9a56703570ed7.jpg,200,300,11.3
263385,Dan Argueta,https://www.sherdog.com/fighter/Dan-Argueta-263385,2026-08-19T06:19:51.441425+00:00,"Aug 13, 1993",1993-08-13,United States,"5'7"" / 170.18 cm",170.18,139 lbs / 63.05 kg,63.05,Jackson-Wink MMA,full/e5788bf2d7a2b937e6ae04f3e79dd91b4287e923.jpg,200,300,11.5
153799,Alex da Silva Coelho,https://www.sherdog.com/fighter/Alex-da-Silva-Coelho-153799,2026-08-19T06:19:51.444868+00:00,"Feb 4, 1996",1996-02-04,Brazil,"5'10"" / 177.8 cm",177.8,167 lbs / 75.75 kg,75.75,Astra Fight Team,full/0582e7bcca2d11dda71671e384f13f3338b01be7.jpg,200,300,13.7
227993,Joe Solecki,https://www.sherdog.com/fighter/Joe-Solecki-227993,2026-08-19T06:19:51.448359+00:00,"Aug 27, 1993",1993-08-27,United States,"5'9"" / 175.26 cm",175.26,155 lbs / 70.31 kg,70.31,Gym-O,full/f87d3227ca8e60a0ef9cf8e2639a1fb74f6ee200.jpg,200,300,9.8
42432,Felice Herrig,https://www.sherdog.com/fighter/Felice-Herrig-42432,2026-08-19T06:19:51.452332+00:00,"Sep 18, 1984",1984-09-18,United States,"5'4"" / 162.56 cm",162.56,115 lbs / 52.16 kg,52.16,Team Curran,full/21f12ae3531cead897865154e0cdff988a68b0fb.jpg,200,300,20.0
101401,Karolina Kowalkiewicz,https://www.sherdog.com/fighter/Karolina-Kowalkiewicz-101401,2026-08-19T06:19:51.456726+00:00,"Oct 15, 1985",1985-10-15,Poland,"5'3"" / 160.02 cm",160.02,116 lbs / 52.62 kg,52.62,American Top Team,full/5cbf79029a40186dfadea7b987d94db5ca4e26e9.jpg,200,300,13.0
191565,Askar Mozharov,https://www.sherdog.com/fighter/Askar-Mozharov-191565,2026-08-19T06:19:51.462276+00:00,"Oct 26, 1994",1994-10-26,Ukraine,"6'3"" / 190.5 cm",190.5,205 lbs / 92.99 kg,92.99,AKA Thailand,full/e23706d5a8ee0f364d08b1836b6b0467ccdb103f.jpg,200,300,12.4
210501,Alonzo Menifield,https://www.sherdog.com/fighter/Alonzo-Menifield-210501,2026-08-19T06:19:51.465108+00:00,"Oct 18, 1987",1987-10-18,United States,"6'0"" / 182.88 cm",182.88,206 lbs / 93.44 kg,93.44,Saekson Muay Thai,full/26dc37a7c160b2f93c07cb124d69c97ba40d44fd.jpg,200,300,13.9
126877,Zarrukh Adashev,https://www.sherdog.com/fighter/Zarrukh-Adashev-126877,2026-08-19T06:19:51.470331+00:00,"Jul 29, 1992",1992-07-29,United States,"5'7"" / 170.18 cm",170.18,125 lbs / 56.7 kg,56.7,Lions Martial Arts Gym,full/0b8cdcf0b230a8b53520ce6ebf7a52d6d380af0d.jpg,200,300,13.7
164275,Poliana Botelho,https://www.sherdog.com/fighter/Poliana-Botelho-164275,2026-08-19T06:19:51.473016+00:00,"Dec 15, 1988",1988-12-15,Brazil,"5'5"" / 165.1 cm",165.1,125 lbs / 56.7 kg,56.7,Nova Uniao,full/1a6e9a2cedc293bc397bbe1592b8d9269f47ef55.jpg,200,300,14.0
153807,Karine Silva,https://www.sherdog.com/fighter/Karine-Silva-153807,2026-08-19T06:19:51.476382+00:00,"Dec 2, 1993",1993-12-02,Brazil,"5'4"" / 162.56 cm",162.56,125 lbs / 56.7 kg,56.7,The Fighting Nerds,full/89069cbbdd985606e2bd332e41a9b5c56c439cce.jpg,200,300,8.9
163551,Michael Trizano,https://www.sherdog.com/fighter/Michael-Trizano-163551,2026-08-19T06:19:51.480403+00:00,"Dec 31, 1991",1991-12-31,United States,"5'11"" / 180.34 cm",180.34,148 lbs / 67.13 kg,67.13,Team Tiger Schulmann,full/7a7d3ab2dcfa00a0cccf42f9b5548943ee1fc2cd.jpg,200,300,13.8
191243,Lucas Almeida,https://www.sherdog.com/fighter/Lucas-Almeida-191243,2026-08-19T06:19:51.484052+00:00,"Jan 31, 1991",1991-01-31,Brazil,"6'0"" / 182.88 cm",182.88,145 lbs / 65.77 kg,65.77,MMA Sorocaba,full/680642c93768f06abf3247442457b73fb0086188.jpg,200,300,12.5
136499,Dan Ige,https://www.sherdog.com/fighter/Dan-Ige-136499,2026-08-19T06:19:51.487579+00:00,"Aug 6, 1991",1991-08-06,United States,"5'7"" / 170.18 cm",170.18,145 lbs / 65.77 kg,65.77,Xtreme Couture,full/1025978c4554967d8da172cce2d6db8ff0e51a83.jpg,200,300,13.4
183539,Movsar Evloev,https://www.sherdog.com/fighter/Movsar-Evloev-183539,2026-08-19T06:19:51.493405+00:00,"Feb 11, 1994",1994-02-11,Russia,"5'8"" / 172.72 cm",172.72,145 lbs / 65.77 kg,65.77,American Top Team,full/613305fd7d782cfbffe28238d15a2fb96050f529.jpg,200,300,13.1
228117,Keisuke Sasu,https://www.sherdog.com/fighter/Keisuke-Sasu-228117,2026-08-19T06:19:51.497296+00:00,"Sep 30, 1994",1994-09-30,Japan,"5'7"" / 170.18 cm",170.18,145 lbs / 65.77 kg,65.77,Master Japan,full/d4577439359c6b81ffef3cbeabfd0ec83799e460.jpg,200,300,12.0
228277,Zha Yi,https://www.sherdog.com/fighter/Zha-Yi-228277,2026-08-19T06:19:51.502778+00:00,"Jan 8, 1997",1997-01-08,China,"5'7"" / 170.18 cm",170.18,145 lbs / 65.77 kg,65.77,Enbo Fight Club,full/ac66ea22349fabe3896b4bbf514078fc3bd8b83a.jpg,200,300,19.0
175999,George Tokkos,https://www.sherdog.com/fighter/George-Tokkos-175999,2026-08-19T06:19:51.507006+00:00,"Jun 30, 1990",1990-06-30,England,"6'4"" / 193.04 cm",193.04,205 lbs / 92.99 kg,92.99,Kill Cliff FC,full/775ac8b79a92d400e283b9be0ad2c4eff298a6d5.jpg,200,300,12.4
243033,Mingyang Zhang,https://www.sherdog.com/fighter/Mingyang-Zhang-243033,2026-08-19T06:19:51.509997+00:00,"Aug 16, 1998",1998-08-16,China,"6'2"" / 187.96 cm",187.96,205 lbs / 92.99 kg,92.99,Qingdao Xinjiang International Fight Club,full/b271a45b34c94452c806da6afe6b2d6d4b60355a.jpg,200,300,13.7
315439,Rama Supandhi,https://www.sherdog.com/fighter/Rama-Supandhi-315439,2026-08-19T06:19:51.513627+00:00,"Nov 7, 1991",1991-11-07,Indonesia,"5'5"" / 165.1 cm",165.1,125 lbs / 56.7 kg,56.7,Rival Martial Arts Academy,full/627a7a48f7a816615dbfff862be82ce05fd44496.jpg,200,300,9.2
286125,Seung Guk Choi,https://www.sherdog.com/fighter/Seung-Guk-Choi-286125,2026-08-19T06:19:51.516033+00:00,"Dec 26, 1996",1996-12-26,South Korea,"5'7"" / 170.18 cm",170.18,125 lbs / 56.7 kg,56.7,Korean Zombie MMA,full/d01f42c075998c838c5f9a869e98a6ace533daea.jpg,200,300,7.6
227225,Keremuaili Maimaitituoheti,https://www.sherdog.com/fighter/Keremuaili-Maimaitituoheti-227225,2026-08-19T06:19:51.519039+00:00,"Mar 18, 1991",1991-03-18,China,"5'7"" / 170.18 cm",170.18,141 lbs / 63.96 kg,63.96,Haoyue Fight Gym,full/b8c6147a5c43e633b6f831080c5c238564e65104.jpg,200,300,8.2
373059,Toshiomi Kazama,https://www.sherdog.com/fighter/Toshiomi-Kazama-373059,2026-08-19T06:19:51.522196+00:00,"May 15, 1997",1997-05-15,Japan,"5'7"" / 170.18 cm",170.18,135 lbs / 61.23 kg,61.23,Wajutsu Keishukai Hearts,full/126a5fa81cde3b51f9fc6cfaa625fbaea1aed25e.jpg,200,300,13.9
236255,Charalampos Grigoriou,https://www.sherdog.com/fighter/Charalampos-Grigoriou-236255,2026-08-19T06:21:21.912019+00:00,"Mar 31, 1992",1992-03-31,Cyprus,"5'7"" / 170.18 cm",170.18,135 lbs / 61.23 kg,61.23,Longo-Weidman MMA,full/e6d4f7d4d184068fb9d2b2b5618a6887913006c4.jpg,200,300,9.1
344165,Sumit Kumar,https://www.sherdog.com/fighter/Sumit-Kumar-344165,2026-08-19T06:21:21.917857+00:00,"Sep 9, 2000",2000-09-09,India,"5'5"" / 165.1 cm",165.1,125 lbs / 56.7 kg,56.7,Team Alpha Male,full/8ffc6b86d6a190e61d1462d92f4352b4bfafba96.jpg,200,300,11.0
186687,Jiahefu Wuziazibieke,https://www.sherdog.com/fighter/Jiahefu-Wuziazibieke-186687,2026-08-19T06:21:21.920954+00:00,"Apr 9, 1990",1990-04-09,China,"5'10"" / 177.8 cm",177.8,155 lbs / 70.31 kg,70.31,Wanshi Fight Gym,full/b3d104267bac8c3983da5672f2ce313258334099.jpg,200,300,11.8
256587,Lajin Ba,https://www.sherdog.com/fighter/Lajin-Ba-256587,2026-08-19T06:21:21.924490+00:00,"Apr 1, 1992",1992-04-01,China,"5'9"" / 175.26 cm",175.26,155 lbs / 70.31 kg,70.31,Qingdao Xinjiang International Fight Club,full/6337f0f79fc79b4b7843fffdcc682a8d642ebb03.jpg,200,300,10.1
258415,Sang Won Kim,https://www.sherdog.com/fighter/Sang-Won-Kim-258415,2026-08-19T06:21:21.928907+00:00,"Sep 1, 1993",1993-09-01,South Korea,"5'9"" / 175.26 cm",175.26,145 lbs / 65.77 kg,65.77,Korean Top Team,full/3804537a33afd6cba6d2c20dfda0aa2ab69c8fab.jpg,200,300,11.3
85657,Thai Clark,https://www.sherdog.com/fighter/Thai-Clark-85657,2026-08-19T06:21:21.931981+00:00,"May 20, 1989",1989-05-20,United States,"5'10"" / 177.8 cm",177.8,155 lbs / 70.31 kg,70.31,,full/fe61b77c7540f6de5a0d93079389ea01d60e7229.jpg,200,300,18.2
90485,Pearl Gonzalez,https://www.sherdog.com/fighter/Pearl-Gonzalez-90485,2026-08-19T06:21:21.934393+00:00,"Aug 12, 1986",1986-08-12,United States,"5'4"" / 162.56 cm",162.56,125 lbs / 56.7 kg,56.7,10th Planet San Diego,full/fcdb62e20179cb2bdb6a50810799e0db958559d7.jpg,200,300,12.1
286511,Cody Haddon,https://www.sherdog.com/fighter/Cody-Haddon-286511,2026-08-19T06:21:21.937269+00:00,"Sep 8, 1998",1998-09-08,Australia,"5'7"" / 170.18 cm",170.18,135 lbs / 61.23 kg,61.23,Luistro Combat Academy,full/be997bc875d1620bae94c50f24c8efccb9e565eb.jpg,200,300,18.6
139017,Jerome Rivera,https://www.sherdog.com/fighter/Jerome-Rivera-139017,2026-08-19T06:21:21.940054+00:00,"Apr 22, 1995",1995-04-22,United States,"5'10"" / 177.8 cm",177.8,125 lbs / 56.7 kg,56.7,Destroya MMA,full/2a9a06a52b32ac930e26bd28d179cb065804c8ac.jpg,200,300,8.9
109073,Carlos Leal,https://www.sherdog.com/fighter/Carlos-Leal-109073,2026-08-19T06:21:21.943403+00:00,"May 4, 1994",1994-05-04,Brazil,"5'10"" / 177.8 cm",177.8,170 lbs / 77.11 kg,77.11,Thai Brasil,full/de3836a9026c51a20a045835d8086621a9971cb0.jpg,200,300,12.7
85060,Robert Bryczek,https://www.sherdog.com/fighter/Robert-Bryczek-85060,2026-08-19T06:21:21.948956+00:00,"Jul 4, 1990",1990-07-04,Poland,"6'0"" / 182.88 cm",182.88,185 lbs / 83.91 kg,83.91,Veto Team Bielsko-Biala,full/87bd21e60df34646f8c49071ce1974bf3610b65f.jpg,200,300,9.7
364821,Jinnosuke Kashimura,https://www.sherdog.com/fighter/Jinnosuke-Kashimura-364821,2026-08-19T06:21:21.952234+00:00,"Aug 12, 2001",2001-08-12,Japan,"5'8"" / 172.72 cm",172.72,134 lbs / 60.78 kg,60.78,Battle Box,full/ac281ad99fd0362c4672617a031a76dee6723f09.jpg,200,300,15.2
166783,Won Bin Ki,https://www.sherdog.com/fighter/Won-Bin-Ki-166783,2026-08-19T06:21:21.954671+00:00,"Feb 11, 1991",1991-02-11,South Korea,"5'11"" / 180.34 cm",180.34,156 lbs / 70.76 kg,70.76,Team Danger,full/9223bf72f68768115b1f34ebe8d98422df1f7443.jpg,200,300,11.5
188363,Jun Young Hong,https://www.sherdog.com/fighter/Jun-Young-Hong-188363,2026-08-19T06:21:21.958056+00:00,"Dec 18, 1990",1990-12-18,South Korea,"5'10"" / 177.8 cm",177.8,158 lbs / 71.67 kg,71.67,Korean Zombie MMA,full/11a7c124461a42f6a7efbb56f7492a58c4d87991.jpg,200,300,10.7
188675,Koyomi Matsushima,https://www.sherdog.com/fighter/Koyomi-Matsushima-188675,2026-08-19T06:21:21.961086+00:00,"Oct 8, 1992",1992-10-08,Japan,"5'7"" / 170.18 cm",170.18,144 lbs / 65.32 kg,65.32,Gaio Gym,full/75b2e2cdbe9cd3b1e8f33a9e8180e561b58c5242.jpg,200,300,16.8
118765,Shaun Etchell,https://www.sherdog.com/fighter/Shaun-Etchell-118765,2026-08-19T06:21:21.964054+00:00,"Aug 5, 1993",1993-08-05,Australia,"5'7"" / 170.18 cm",170.18,125 lbs / 56.7 kg,56.7,Launceston Boxing & MMA Club,full/42fc8bae5af8a95fe723ef4266ba71fde6c89784.jpg,200,300,10.7
309215,Takeru Uchida,https://www.sherdog.com/fighter/Takeru-Uchida-309215,2026-08-19T06:21:21.966384+00:00,"Sep 30, 2002",2002-09-30,Japan,"5'7"" / 170.18 cm",170.18,125 lbs / 56.7 kg,56.7,The Blackbelt Japan,full/446c5a7b45dd7abf8d4cbfac14ca3d53ada2a242.jpg,200,300,10.0
116081,Pawan Maan Singh,https://www.sherdog.com/fighter/Pawan-Maan-Singh-116081,2026-08-19T06:21:21.968641+00:00,"Apr 6, 1986",1986-04-06,India,"5'7"" / 170.18 cm",170.18,155 lbs / 70.31 kg,70.31,Black House Fight Club,full/c87f44e30474932883b03c237d16e977db6b93db.jpg,200,300,10.4
282415,Jeka Saragih,https://www.sherdog.com/fighter/Jeka-Saragih-282415,2026-08-19T06:21:21.970852+00:00,"Jan 1, 1995",1995-01-01,Indonesia,"5'8"" / 172.72 cm",172.72,145 lbs / 65.77 kg,65.77,Batam Fighter Club,full/b32e92b2a5b4eb41b410a7fe86483120d84a10fc.jpg,200,300,9.9
176211,Wallen del Rosario,https://www.sherdog.com/fighter/Wallen-del-Rosario-176211,2026-08-19T06:21:21.974302+00:00,"Mar 18, 1993",1993-03-18,Philippines,"5'4"" / 162.56 cm",162.56,125 lbs / 56.7 kg,56.7,Clube de Jiu-jitsu Filipinas,full/4ee05aade9a93eda550aad6534ce3a149a4e2ac4.jpg,200,300,8.4
257571,Jilunzhou Qiu,https://www.sherdog.com/fighter/Jilunzhou-Qiu-257571,2026-08-19T06:21:21.977813+00:00,"Jul 8, 1997",1997-07-08,China,"5'8"" / 172.72 cm",172.72,130 lbs / 58.97 kg,58.97,Enbo Fight Club,full/d1841b79055d725f793bbe2f1b529fbdf401240c.jpg,200,300,10.9
231979,Bin Xie,https://www.sherdog.com/fighter/Bin-Xie-231979,2026-08-19T06:21:21.980924+00:00,"Feb 28, 1998",1998-02-28,China,"5'11"" / 180.34 cm",180.34,145 lbs / 65.77 kg,65.77,Tianjin Top Team,full/760ceae17b9476fbad36a2dbc7701e618435abc8.jpg,200,300,12.9
135897,Jeong Yeong Lee,https://www.sherdog.com/fighter/Jeong-Yeong-Lee-135897,2026-08-19T06:21:21.984146+00:00,"Nov 13, 1995",1995-11-13,South Korea,"5'10"" / 177.8 cm",177.8,146 lbs / 66.22 kg,66.22,Ssen Gym,full/f1822601518a4e19198801c841e12092f3900be4.jpg,200,300,15.9
241183,Ye Dam Seo,https://www.sherdog.com/fighter/Ye-Dam-Seo-241183,2026-08-19T06:21:21.987648+00:00,"Mar 20, 1992",1992-03-20,South Korea,"5'4"" / 162.56 cm",162.56,116 lbs / 52.62 kg,52.62,Paraestra Cheongju,full/ea8f2a58de80142af6d84820ddad28a4ed26edd1.jpg,200,300,13.1
378677,Josefine Lindgren Knutsson,https://www.sherdog.com/fighter/Josefine-Lindgren-Knutsson-378677,2026-08-19T06:21:21.989906+00:00,"Jan 16, 1996",1996-01-16,Sweden,"5'3"" / 160.02 cm",160.02,115 lbs / 52.16 kg,52.16,Allstars Training Center,full/8e51166e5747a2a3e0d73ae34931be7c88a141a0.jpg,200,300,14.8
132799,Gugun Gusman,https://www.sherdog.com/fighter/Gugun-Gusman-132799,2026-08-19T06:21:21.996569+00:00,"Mar 3, 1990",1990-03-03,Indonesia,"5'7"" / 170.18 cm",170.18,135 lbs / 61.23 kg,61.23,Bandung Fighting Club,full/4bfae7835895ceb3ca49817cd2fc9b29dc221200.jpg,200,300,10.5
386855,Rinya Nakamura,https://www.sherdog.com/fighter/Rinya-Nakamura-386855,2026-08-19T06:21:21.999116+00:00,"Mar 23, 1995",1995-03-23,Japan,"5'7"" / 170.18 cm",170.18,136 lbs / 61.69 kg,61.69,American Top Team,full/17b1c27f0c3b768ebb32410f44705eee1fadc813.jpg,200,300,15.2
136859,Yuma Horiuchi,https://www.sherdog.com/fighter/Yuma-Horiuchi-136859,2026-08-19T06:21:22.002223+00:00,"Sep 22, 1997",1997-09-22,Japan,"5'6"" / 167.64 cm",167.64,134 lbs / 60.78 kg,60.78,Titan Fight Club,,,,
219625,Thanongsaklek Chuwattana,https://www.sherdog.com/fighter/Thanongsaklek-Chuwattana-219625,2026-08-19T06:21:22.004673+00:00,"Aug 15, 1992",1992-08-15,Thailand,"5'5"" / 165.1 cm",165.1,125 lbs / 56.7 kg,56.7,Bangtao Muay Thai & MMA,full/fd83fd07d0d6f2876db1b9960ceebed4594d5f97.jpg,200,300,15.5
160545,Lijiburen Wu,https://www.sherdog.com/fighter/Lijiburen-Wu-160545,2026-08-19T06:21:22.007545+00:00,"Mar 1, 1989",1989-03-01,China,"5'9"" / 175.26 cm",175.26,135 lbs / 61.23 kg,61.23,,full/a390f16953427564e0a3a40fe17ca9062eae39b4.jpg,200,300,9.6
287017,Shohei Nose,https://www.sherdog.com/fighter/Shohei-Nose-287017,2026-08-19T06:21:22.010686+00:00,"Oct 19, 1997",1997-10-19,Japan,"5'6"" / 167.64 cm",167.64,135 lbs / 61.23 kg,61.23,Master Japan Fukuoka,full/e2d2efefe4f635da33eca905543a7b6200b630bb.jpg,200,300,9.2
243709,John Adajar,https://www.sherdog.com/fighter/John-Adajar-243709,2026-08-19T06:21:22.014045+00:00,"Jun 22, 1996",1996-06-22,Philippines,"5'11"" / 180.34 cm",180.34,170 lbs / 77.11 kg,77.11,Fairtex Pattaya,full/f62ed9320dcb10eca59cfa64d733ac0a93e17fa6.jpg,200,300,11.3
111321,Han Seul Kim,https://www.sherdog.com/fighter/Han-Seul-Kim-111321,2026-08-19T06:21:22.016161+00:00,"Jun 19, 1990",1990-06-19,South Korea,"6'2"" / 187.96 cm",187.96,170 lbs / 77.11 kg,77.11,Korean Top Team,full/d78436e7c1b8049922b67580e5186f71026b92c8.jpg,200,300,11.0
279135,Jeremia Siregar,https://www.sherdog.com/fighter/Jeremia-Siregar-279135,2026-08-19T06:21:22.019163+00:00,"Jul 27, 1991",1991-07-27,Indonesia,"5'3"" / 160.02 cm",160.02,125 lbs / 56.7 kg,56.7,Bhagasasi Gym,full/ec7990e62063ff8eeaf59edf7d2817b41e89a89d.jpg,200,300,10.7
289999,Hyun Sung Park,https://www.sherdog.com/fighter/Hyun-Sung-Park-289999,2026-08-19T06:21:22.021287+00:00,"Nov 4, 1995",1995-11-04,South Korea,"5'7"" / 170.18 cm",170.18,125 lbs / 56.7 kg,56.7,MMA Story,full/751c6b9e3f6950a21a353c90afc144194b1d1fc5.jpg,200,300,9.3
100295,Angga Yudhatrisnamers,https://www.sherdog.com/fighter/Angga-Yudhatrisnamers-100295,2026-08-19T06:21:22.024389+00:00,"Jan 13, 1989",1989-01-13,Indonesia,"5'7"" / 170.18 cm",170.18,155 lbs / 70.31 kg,70.31,Onfire Indonesia,full/8ec1da400e7e3760acc31c05c433674324dbe739.jpg,200,300,10.6
217317,Kai Lu,https://www.sherdog.com/fighter/Kai-Lu-217317,2026-08-19T06:21:22.027129+00:00,"Mar 1, 1994",1994-03-01,China,"5'9"" / 175.26 cm",175.26,150 lbs / 68.04 kg,68.04,Qingdao Xinjiang International Fight Club,full/a39693a6253ab068cbf329233e7d64723372b923.jpg,200,300,11.3
233819,Jinensibieke Asikeerbai,https://www.sherdog.com/fighter/Jinensibieke-Asikeerbai-233819,2026-08-19T06:21:22.029959+00:00,"Jul 10, 1988",1988-07-10,China,"5'11"" / 180.34 cm",180.34,145 lbs / 65.77 kg,65.77,Longyun MMA Gym,full/1e2b6db2371db7623067b7b7ec5b7e11f89d4c8d.jpg,200,300,11.0
189381,Kyung Pyo Kim,https://www.sherdog.com/fighter/Kyung-Pyo-Kim-189381,2026-08-19T06:21:22.033333+00:00,"Jan 29, 1992",1992-01-29,South Korea,"5'10"" / 177.8 cm",177.8,156 lbs / 70.76 kg,70.76,MMA Story,full/c9e33ed4709166fabeee940c5e7eccdec089d9e4.jpg,200,300,16.7
4655,Glover Teixeira,https://www.sherdog.com/fighter/Glover-Teixeira-4655,2026-08-19T06:21:22.036222+00:00,"Oct 28, 1979",1979-10-28,Brazil,"6'2"" / 187.96 cm",187.96,205 lbs / 92.99 kg,92.99,Teixeira MMA & Fitness,full/31b22283e457a12d6b77550bf3e12af087117dea.jpg,200,300,13.9
97529,Jiri Prochazka,https://www.sherdog.com/fighter/Jiri-Prochazka-97529,2026-08-19T06:21:22.042572+00:00,"Oct 14, 1992",1992-10-14,Czech Republic,"6'4"" / 193.04 cm",193.04,205 lbs / 92.99 kg,92.99,Jetsaam Gym Brno,full/de950cbae2f63acd9c3286bd1f1f484be3532635.jpg,200,300,14.7
232645,Ramona Pascual,https://www.sherdog.com/fighter/Ramona-Pascual-232645,2026-08-19T06:21:22.046781+00:00,"Sep 23, 1988",1988-09-23,Hong Kong,"5'7"" / 170.18 cm",170.18,146 lbs / 66.22 kg,66.22,Syndicate MMA,full/a0005080cf5277fd6b02300f92c7e33de9f1d28b.jpg,200,300,13.7
241321,Na Liang,https://www.sherdog.com/fighter/Na-Liang-241321,2026-08-19T06:21:22.049312+00:00,"Jul 27, 1996",1996-07-27,China,"5'7"" / 170.18 cm",170.18,125 lbs / 56.7 kg,56.7,Longyun MMA Gym,full/1c5f6a4775f3b07f334ee9973d2a566f744c6afe.jpg,200,300,16.4
69518,Silvana Gomez Juarez,https://www.sherdog.com/fighter/Silvana-Gomez-Juarez-69518,2026-08-19T06:21:22.052690+00:00,"Dec 6, 1984",1984-12-06,Argentina,"5'3"" / 160.02 cm",160.02,115 lbs / 52.16 kg,52.16,Entram Gym,full/3b2bfbd2d73aefd7e41963fb4f1c16d5fd24b452.jpg,200,300,16.7
85013,Batgerel Danaa,https://www.sherdog.com/fighter/Batgerel-Danaa-85013,2026-08-19T06:21:22.055548+00:00,"Jul 4, 1989",1989-07-04,Mongolia,"5'8"" / 172.72 cm",172.72,135 lbs / 61.23 kg,61.23,Fight Ready,full/c91421551adb2581924a83987594341177c71bef.jpg,200,300,9.4
24067,Kyung Ho Kang,https://www.sherdog.com/fighter/Kyung-Ho-Kang-24067,2026-08-19T06:21:22.059000+00:00,"Sep 9, 1987",1987-09-09,South Korea,"5'9"" / 175.26 cm",175.26,136 lbs / 61.69 kg,61.69,Busan Team MAD,full/96ccd7bb512129d5271988e797dfccfc67cbe770.jpg,200,300,8.4
204645,Jacob Malkoun,https://www.sherdog.com/fighter/Jacob-Malkoun-204645,2026-08-19T06:21:22.063627+00:00,"Aug 26, 1995",1995-08-26,Australia,"5'9"" / 175.26 cm",175.26,185 lbs / 83.91 kg,83.91,PMA Super Martial Arts,full/2a9ace0eabe7c68e24ce52f9b0482d1f7d0a7b21.jpg,200,300,11.8
201703,Brendan Allen,https://www.sherdog.com/fighter/Brendan-Allen-201703,2026-08-19T06:21:22.067291+00:00,"Dec 28, 1995",1995-12-28,United States,"6'2"" / 187.96 cm",187.96,185 lbs / 83.91 kg,83.91,Kill Cliff FC,full/fee3ac912bfd1e45555e8bc522157733b070757f.jpg,200,300,14.3
50916,Steve Garcia,https://www.sherdog.com/fighter/Steve-Garcia-50916,2026-08-19T06:21:22.074686+00:00,"May 22, 1992",1992-05-22,United States,"6'0"" / 182.88 cm",182.88,145 lbs / 65.77 kg,65.77,Jackson-Wink MMA,full/f48c3c6ff06bace695a5f8fb358b286b8fe6e894.jpg,200,300,12.7
336819,Maheshate Hayisaer,https://www.sherdog.com/fighter/Maheshate-Hayisaer-336819,2026-08-19T06:21:22.079553+00:00,"Dec 1, 1999",1999-12-01,China,"6'0"" / 182.88 cm",182.88,155 lbs / 70.31 kg,70.31,Enbo Fight Club,full/5eaa4ef622d412a63145e8a53514b94e7d035bee.jpg,200,300,17.8
205299,Seung Woo Choi,https://www.sherdog.com/fighter/Seung-Woo-Choi-205299,2026-08-19T06:21:22.082817+00:00,"Nov 3, 1992",1992-11-03,South Korea,"5'11"" / 180.34 cm",180.34,145 lbs / 65.77 kg,65.77,MOB Training Center,full/2e03a465d61025eb76a19b0410c36a112da4aa58.jpg,200,300,12.6
222801,Joshua Culibao,https://www.sherdog.com/fighter/Joshua-Culibao-222801,2026-08-19T06:21:22.086634+00:00,"May 24, 1994",1994-05-24,Australia,"5'9"" / 175.26 cm",175.26,145 lbs / 65.77 kg,65.77,Igor MMA,full/12d2d5114db7fdc61b501c4a369d366fe909fc50.jpg,200,300,10.0
72356,Ramazan Emeev,https://www.sherdog.com/fighter/Ramazan-Emeev-72356,2026-08-19T06:21:22.090942+00:00,"May 20, 1987",1987-05-20,Russia,"5'10"" / 177.8 cm",177.8,187 lbs / 84.82 kg,84.82,American Top Team,full/c36274c403b109d49a01ff0e35d0cd65f23ac6a1.jpg,200,300,12.0
151125,Stefan Sekulic,https://www.sherdog.com/fighter/Stefan-Sekulic-151125,2026-08-19T06:23:02.376339+00:00,"Feb 12, 1992",1992-02-12,Serbia,"6'1"" / 185.42 cm",185.42,170 lbs / 77.11 kg,77.11,Family Fight Team,full/30df9dad0c6220756ec792889bfa60828d18b42a.jpg,200,300,11.2
22677,Shunichi Shimizu,https://www.sherdog.com/fighter/Shunichi-Shimizu-22677,2026-08-19T06:23:02.381336+00:00,"Jan 31, 1985",1985-01-31,Japan,"5'6"" / 167.64 cm",167.64,145 lbs / 65.77 kg,65.77,Polar Gym Osaka,full/4ac21708114669ca44a979bc31936bd599c16d38.jpg,200,300,13.1
152205,Yudi Cahyadi,https://www.sherdog.com/fighter/Yudi-Cahyadi-152205,2026-08-19T06:23:02.387422+00:00,"Apr 1, 1992",1992-04-01,Indonesia,"5'6"" / 167.64 cm",167.64,146 lbs / 66.22 kg,66.22,Bandung Fighting Club,full/73a6790f10dc5ccab52c8ff402422a97f5b2b88e.jpg,200,300,12.7
417745,Eros Baluyot,https://www.sherdog.com/fighter/Eros-Baluyot-417745,2026-08-19T06:23:02.389932+00:00,"Oct 23, 1992",1992-10-23,Philippines,"5'4"" / 162.56 cm",162.56,125 lbs / 56.7 kg,56.7,Atos Jiu-Jitsu,full/ad1de1556923a62ab5bc0ef802e9568182bd9e36.jpg,200,300,14.4
382344,Bahatebole Batebolati,https://www.sherdog.com/fighter/Bahatebole-Batebolati-382344,2026-08-19T06:23:02.393388+00:00,"Sep 12, 1997",1997-09-12,China,"5'11"" / 180.34 cm",180.34,171 lbs / 77.56 kg,77.56,China Top Team,full/0f8028d8b88235abb5a6857099c6a594ae7a6436.jpg,200,300,17.1
258823,Tatsuya Saika,https://www.sherdog.com/fighter/Tatsuya-Saika-258823,2026-08-19T06:23:02.396170+00:00,"Sep 18, 1990",1990-09-18,Japan,"5'11"" / 180.34 cm",180.34,156 lbs / 70.76 kg,70.76,Dobuita,full/4fa09e00eef395d861cb9818455c0d3f03d70eff.jpg,200,300,15.5
208155,Jack Della Maddalena,https://www.sherdog.com/fighter/Jack-Della-Maddalena-208155,2026-08-19T06:23:02.399017+00:00,"Sep 10, 1996",1996-09-10,Australia,"5'11"" / 180.34 cm",180.34,170 lbs / 77.11 kg,77.11,Scrappy MMA,full/acc742baaf41231de43d7eb8d4f9aaf1ed4ef7f7.jpg,200,300,16.0
188171,Andre Fialho,https://www.sherdog.com/fighter/Andre-Fialho-188171,2026-08-19T06:23:02.404166+00:00,"Apr 7, 1994",1994-04-07,Portugal,"6'0"" / 182.88 cm",182.88,169 lbs / 76.66 kg,76.66,Kill Cliff FC,full/4889d43b28e1e5cf455f0abb917fdf1936d88d54.jpg,200,300,9.1
122139,Jake Matthews,https://www.sherdog.com/fighter/Jake-Matthews-122139,2026-08-19T06:23:02.407926+00:00,"Aug 19, 1994",1994-08-19,Australia,"5'11"" / 180.34 cm",180.34,170 lbs / 77.11 kg,77.11,Nexus,full/8927c891ff277f0c3c5c9d3ee6fd02435344eff8.jpg,200,300,14.8
101411,Joanna Jedrzejczyk,https://www.sherdog.com/fighter/Joanna-Jedrzejczyk-101411,2026-08-19T06:23:02.414031+00:00,"Aug 18, 1987",1987-08-18,Poland,"5'6"" / 167.64 cm",167.64,115 lbs / 52.16 kg,52.16,American Top Team,full/29c565e97e1fcb0e4aa18b47403a65de891a5436.jpg,200,300,15.8
186663,Weili Zhang,https://www.sherdog.com/fighter/Weili-Zhang-186663,2026-08-19T06:23:02.418462+00:00,"Aug 13, 1989",1989-08-13,China,"5'4"" / 162.56 cm",162.56,115 lbs / 52.16 kg,52.16,Fight Ready,full/3800987cd246525dd85aa4055f6a6fe2fda2b839.jpg,200,300,15.4
143185,Taila Santos,https://www.sherdog.com/fighter/Taila-Santos-143185,2026-08-19T06:23:02.422877+00:00,"Jun 22, 1993",1993-06-22,Brazil,"5'6"" / 167.64 cm",167.64,125 lbs / 56.7 kg,56.7,Team Taila Santos,full/5e7ccc85edc2d56a9581b533f9d6c243067e18fd.jpg,200,300,14.6
45384,Valentina Shevchenko,https://www.sherdog.com/fighter/Valentina-Shevchenko-45384,2026-08-19T06:23:02.427027+00:00,"Mar 7, 1988",1988-03-07,Kyrgyzstan,"5'5"" / 165.1 cm",165.1,125 lbs / 56.7 kg,56.7,Tiger Muay Thai,full/d3754007c166d6a28a09f7043eadba58440537e4.jpg,200,300,13.8
23782,Calvin Kattar,https://www.sherdog.com/fighter/Calvin-Kattar-23782,2026-08-19T06:23:02.434520+00:00,"Mar 26, 1988",1988-03-26,United States,"5'11"" / 180.34 cm",180.34,145 lbs / 65.77 kg,65.77,Carlos Neto BJJ,full/e8d9c0ee4c43efc9d42393e0d3ef540f3648bb7f.jpg,200,300,13.1
85885,Josh Emmett,https://www.sherdog.com/fighter/Josh-Emmett-85885,2026-08-19T06:23:02.439969+00:00,"Mar 4, 1985",1985-03-04,United States,"5'6"" / 167.64 cm",167.64,145 lbs / 65.77 kg,65.77,Team Alpha Male,full/a50bf20c827cc4f80905a781807b4ef1a23c2dbc.jpg,200,300,15.6
83350,Kyle Daukaus,https://www.sherdog.com/fighter/Kyle-Daukaus-83350,2026-08-19T06:23:02.445089+00:00,"Feb 27, 1993",1993-02-27,United States,"6'3"" / 190.5 cm",190.5,185 lbs / 83.91 kg,83.91,Martinez BJJ,full/7e7fdd27ff68fc0d16136baca23e624c2f8bae25.jpg,200,300,16.3
240323,Roman Dolidze,https://www.sherdog.com/fighter/Roman-Dolidze-240323,2026-08-19T06:23:02.449271+00:00,"Jul 15, 1988",1988-07-15,Georgia,"6'3"" / 190.5 cm",190.5,185 lbs / 83.91 kg,83.91,Xtreme Couture,full/0814405a5f0339654de575ee39a13b5d17fe55f8.jpg,200,300,13.2
248699,Deron Winn,https://www.sherdog.com/fighter/Deron-Winn-248699,2026-08-19T06:23:02.453829+00:00,"Jun 13, 1989",1989-06-13,United States,"5'6"" / 167.64 cm",167.64,185 lbs / 83.91 kg,83.91,American Kickboxing Academy,full/43df735a3d814b3223b138628cc4b187bb405032.jpg,200,300,12.9
130935,Phil Hawes,https://www.sherdog.com/fighter/Phil-Hawes-130935,2026-08-19T06:23:02.456521+00:00,"Jan 8, 1989",1989-01-08,United States,"5'11"" / 180.34 cm",180.34,185 lbs / 83.91 kg,83.91,Kill Cliff FC,full/f74affde2e34a3ed85a641a2c8228423d41cd40a.jpg,200,300,10.6
4173,Eddie Wineland,https://www.sherdog.com/fighter/Eddie-Wineland-4173,2026-08-19T06:23:02.460149+00:00,"Jun 26, 1984",1984-06-26,United States,"5'8"" / 172.72 cm",172.72,135 lbs / 61.23 kg,61.23,Duneland Vale Tudo,full/b1f09ecb97295c4a6a1995c647791fedc5d10912.jpg,200,300,11.2
61896,Cody Stamann,https://www.sherdog.com/fighter/Cody-Stamann-61896,2026-08-19T06:23:02.465792+00:00,"Nov 9, 1989",1989-11-09,United States,"5'7"" / 170.18 cm",170.18,135 lbs / 61.23 kg,61.23,Xtreme Couture,full/bdb30bf064c286f7390b06225ccf597578d192f9.jpg,200,300,12.9
230933,Gloria de Paula,https://www.sherdog.com/fighter/Gloria-de-Paula-230933,2026-08-19T06:23:02.470584+00:00,"Jun 10, 1995",1995-06-10,Brazil,"5'5"" / 165.1 cm",165.1,116 lbs / 52.62 kg,52.62,Fabiana Belai Muay Thai Academy,full/74e67e06d393ed2765c863d013d6d08630db465f.jpg,200,300,11.7
207835,Maria Oliveira,https://www.sherdog.com/fighter/Maria-Oliveira-207835,2026-08-19T06:23:02.473327+00:00,"Dec 9, 1996",1996-12-09,Brazil,"5'5"" / 165.1 cm",165.1,115 lbs / 52.16 kg,52.16,Parana Vale Tudo,full/46f906dec85108b57d6b887f5aa5a7c5f30f985b.jpg,200,300,17.0
59478,Danny Chavez,https://www.sherdog.com/fighter/Danny-Chavez-59478,2026-08-19T06:23:02.476359+00:00,"Mar 14, 1987",1987-03-14,United States,"5'7"" / 170.18 cm",170.18,145 lbs / 65.77 kg,65.77,MMA Masters,full/9617513e6c0942cb4d0710cd557f2e906a11b1e3.jpg,200,300,13.4
121143,Ricardo Ramos,https://www.sherdog.com/fighter/Ricardo-Ramos-121143,2026-08-19T06:23:02.479200+00:00,"Aug 1, 1995",1995-08-01,Brazil,"5'9"" / 175.26 cm",175.26,145 lbs / 65.77 kg,65.77,Team Alpha Male,full/0232e0690cab460f40f44a8e8b8a85bcbd4f3c81.jpg,200,300,17.0
34124,Court McGee,https://www.sherdog.com/fighter/Court-McGee-34124,2026-08-19T06:23:02.483673+00:00,"Dec 12, 1984",1984-12-12,United States,"5'11"" / 180.34 cm",180.34,170 lbs / 77.11 kg,77.11,Factory X,full/acdc43594a9c06bc1de8528c9365027daa24f76d.jpg,200,300,15.6
80157,Jeremiah Wells,https://www.sherdog.com/fighter/Jeremiah-Wells-80157,2026-08-19T06:23:02.490410+00:00,"Oct 30, 1986",1986-10-30,United States,"5'9"" / 175.26 cm",175.26,171 lbs / 77.56 kg,77.56,Renzo Gracie Philly,full/b237f3294df48888a79ab20cc634f9a36cd651c3.jpg,200,300,18.5
311001,Jasmine Jasudavicius,https://www.sherdog.com/fighter/Jasmine-Jasudavicius-311001,2026-08-19T06:23:02.494543+00:00,"Mar 1, 1989",1989-03-01,Canada,"5'7"" / 170.18 cm",170.18,125 lbs / 56.7 kg,56.7,Niagara Top Team,full/733e9563fa7e1060b33f85a4141cf5f4ecbaf0cb.jpg,200,300,12.8
193033,Natalia Silva,https://www.sherdog.com/fighter/Natalia-Silva-193033,2026-08-19T06:23:02.499591+00:00,"Feb 3, 1997",1997-02-03,Brazil,"5'5"" / 165.1 cm",165.1,125 lbs / 56.7 kg,56.7,Team Borracha,full/9a8f8733709cd6e5df8323f733049ffe586a2e25.jpg,200,300,12.9
57658,Tony Kelley,https://www.sherdog.com/fighter/Tony-Kelley-57658,2026-08-19T06:23:02.503331+00:00,"Jan 21, 1987",1987-01-21,United States,"5'10"" / 177.8 cm",177.8,138 lbs / 62.6 kg,62.6,Team Alpha Male,full/1fe0defa4457e7e322390a50f4b8f24b43e2ace6.jpg,200,300,24.8
86354,Adrian Yanez,https://www.sherdog.com/fighter/Adrian-Yanez-86354,2026-08-19T06:23:02.506067+00:00,"Nov 29, 1993",1993-11-29,United States,"5'7"" / 170.18 cm",170.18,135 lbs / 61.23 kg,61.23,Metro Fight Club,full/7c92324df123f04e9720a66eadc9e28a04e0c619.jpg,200,300,12.5
77743,Julian Marquez,https://www.sherdog.com/fighter/Julian-Marquez-77743,2026-08-19T06:23:02.510448+00:00,"May 8, 1990",1990-05-08,United States,"6'2"" / 187.96 cm",187.96,185 lbs / 83.91 kg,83.91,MMA Lab,full/4ccfb561d29efac092c65690bf5ab46258b02971.jpg,200,300,13.6
127817,Guram Kutateladze,https://www.sherdog.com/fighter/Guram-Kutateladze-127817,2026-08-19T06:23:02.513851+00:00,"Jan 8, 1992",1992-01-08,Georgia,"5'11"" / 180.34 cm",180.34,155 lbs / 70.31 kg,70.31,Allstars Training Center,full/d2e19a6e19f58e6fff73de94b250d7a96911ba52.jpg,200,300,12.5
181183,Damir Ismagulov,https://www.sherdog.com/fighter/Damir-Ismagulov-181183,2026-08-19T06:23:02.587515+00:00,"Feb 3, 1991",1991-02-03,Russia,"5'10"" / 177.8 cm",177.8,155 lbs / 70.31 kg,70.31,Boets MMA,full/0250238f856d551da7c62374a42f3293bee579f7.jpg,200,300,13.6
86841,Albert Duraev,https://www.sherdog.com/fighter/Albert-Duraev-86841,2026-08-19T06:23:02.591591+00:00,"Jan 5, 1989",1989-01-05,Russia,"5'11"" / 180.34 cm",180.34,185 lbs / 83.91 kg,83.91,Xtreme Couture,full/45b1aabe1b1e10c402679b0f6ada50dd91ba0562.jpg,200,300,12.6
11281,Tim Means,https://www.sherdog.com/fighter/Tim-Means-11281,2026-08-19T06:23:02.594848+00:00,"Feb 20, 1984",1984-02-20,United States,"6'2"" / 187.96 cm",187.96,170 lbs / 77.11 kg,77.11,Fit NHB,full/5ddc1cbdc0d14e4a798a9f611ff8d318840d0cfe.jpg,200,300,11.7
213913,Arman Tsarukyan,https://www.sherdog.com/fighter/Arman-Tsarukyan-213913,2026-08-19T06:23:02.602895+00:00,"Oct 11, 1996",1996-10-11,Russia,"5'7"" / 170.18 cm",170.18,155 lbs / 70.31 kg,70.31,American Top Team,full/0b45bf99e9758cbf1febbc9303fcf27cfa0dec08.jpg,200,300,14.9
90605,Mateusz Gamrot,https://www.sherdog.com/fighter/Mateusz-Gamrot-90605,2026-08-19T06:23:02.607460+00:00,"Dec 11, 1990",1990-12-11,Poland,"5'10"" / 177.8 cm",177.8,156 lbs / 70.76 kg,70.76,American Top Team,full/74b8a36e3b5a69ff84d8e6d129e335392bd8cff7.jpg,200,300,14.0
85549,Jinh Yu Frey,https://www.sherdog.com/fighter/Jinh-Yu-Frey-85549,2026-08-19T06:23:02.612025+00:00,"May 20, 1985",1985-05-20,United States,"5'2"" / 157.48 cm",157.48,115 lbs / 52.16 kg,52.16,Fortis MMA,full/641dee9a8d78df2568cfb534e64294c9f04e4350.jpg,200,300,12.0
118775,Vanessa Demopoulos,https://www.sherdog.com/fighter/Vanessa-Demopoulos-118775,2026-08-19T06:23:02.615966+00:00,"Sep 22, 1988",1988-09-22,United States,"5'2"" / 157.48 cm",157.48,125 lbs / 56.7 kg,56.7,Factory X,full/62da19927c1b722ec3b8b14f37513c4ebc10fda5.jpg,200,300,13.8
53666,Brian Kelleher,https://www.sherdog.com/fighter/Brian-Kelleher-53666,2026-08-19T06:23:02.619813+00:00,"Aug 19, 1986",1986-08-19,United States,"5'6"" / 167.64 cm",167.64,135 lbs / 61.23 kg,61.23,Maxum BJJ,full/6fe8c7a265af69575e0e259e22ce4ffa8f666ac6.jpg,200,300,15.4
128107,Mario Bautista,https://www.sherdog.com/fighter/Mario-Bautista-128107,2026-08-19T06:23:02.625364+00:00,"Jul 1, 1993",1993-07-01,United States,"5'9"" / 175.26 cm",175.26,135 lbs / 61.23 kg,61.23,MMA Lab,full/0455db0cdfb5056d735e0d397dac6a58c3030c53.jpg,200,300,13.4
197069,J.P. Buys,https://www.sherdog.com/fighter/JP-Buys-197069,2026-08-19T06:23:02.629829+00:00,"Apr 30, 1996",1996-04-30,South Africa,"5'6"" / 167.64 cm",167.64,135 lbs / 61.23 kg,61.23,Xtreme Couture,full/88b496b005952af48464f33dadb750ce7c0327f9.jpg,200,300,9.0
222325,Cody Durden,https://www.sherdog.com/fighter/Cody-Durden-222325,2026-08-19T06:23:02.632806+00:00,"Mar 29, 1991",1991-03-29,United States,"5'7"" / 170.18 cm",170.18,125 lbs / 56.7 kg,56.7,American Top Team Atlanta,full/0a4f74e597d73a76f7a08b62b6eb55ad6c20b1ca.jpg,200,300,12.4
167575,Raulian Paiva,https://www.sherdog.com/fighter/Raulian-Paiva-167575,2026-08-19T06:23:02.637983+00:00,"Oct 17, 1995",1995-10-17,Brazil,"5'8"" / 172.72 cm",172.72,135 lbs / 61.23 kg,61.23,Team Alpha Male,full/2f75d05d352e9654a37c7f68dc08fb677819c7b2.jpg,200,300,11.0
89693,Sergey Morozov,https://www.sherdog.com/fighter/Sergey-Morozov-89693,2026-08-19T06:23:02.641851+00:00,"Jun 14, 1989",1989-06-14,Kazakhstan,"5'6"" / 167.64 cm",167.64,135 lbs / 61.23 kg,61.23,American Top Team,full/ab8943fa7630cde539459bf8f206cb5939f08198.jpg,200,300,14.3
172347,T.J. Brown,https://www.sherdog.com/fighter/TJ-Brown-172347,2026-08-19T06:23:02.645792+00:00,"May 20, 1990",1990-05-20,United States,"5'9"" / 175.26 cm",175.26,156 lbs / 70.76 kg,70.76,Westside MMA,full/0965b497db1af02ca9d1229b8b69a36f144f0ca5.jpg,200,300,12.2
222785,Alex Gorgees,https://www.sherdog.com/fighter/Alex-Gorgees-222785,2026-08-19T06:24:31.272504+00:00,"Aug 11, 1995",1995-08-11,Australia,,,154 lbs / 69.85 kg,69.85,Australian Top Team,full/06750042ca3546753bbb0eb81887e4093da8ed0e.jpg,200,300,11.3
245853,Nuerdanbieke Shayilan,https://www.sherdog.com/fighter/Nuerdanbieke-Shayilan-245853,2026-08-19T06:23:02.649785+00:00,"May 4, 1994",1994-05-04,China,"5'8"" / 172.72 cm",172.72,145 lbs / 65.77 kg,65.77,China Top Team,full/ec6df1b632c445eca710d0aee9e552ad885a12fc.jpg,200,300,13.4
182629,Carlos Mota,https://www.sherdog.com/fighter/Carlos-Mota-182629,2026-08-19T06:24:31.264306+00:00,"Apr 15, 1995",1995-04-15,Brazil,"5'6"" / 167.64 cm",167.64,130 lbs / 58.97 kg,58.97,Pr1meira Fight,full/ad1c7e64922b2155e858f8a3108e2ee015accb6f.jpg,200,300,13.0
68769,Ricky Rainey,https://www.sherdog.com/fighter/Ricky-Rainey-68769,2026-08-19T06:24:31.268564+00:00,"Jun 29, 1983",1983-06-29,United States,"6'1"" / 185.42 cm",185.42,171 lbs / 77.56 kg,77.56,Renegade Fighting Systems,full/66190c6108165e96878938ecc8b479f4e9e2e799.jpg,200,300,16.7
282049,Tafon Nchukwi,https://www.sherdog.com/fighter/Tafon-Nchukwi-282049,2026-08-19T06:24:31.275236+00:00,"Oct 14, 1994",1994-10-14,Cameroon,"6'0"" / 182.88 cm",182.88,190 lbs / 86.18 kg,86.18,Team Lloyd Irvin,full/bdd95ecaf0e02f9b0b747e39283526636df1654d.jpg,200,300,14.4
84291,Carlos Ulberg,https://www.sherdog.com/fighter/Carlos-Ulberg-84291,2026-08-19T06:24:31.279331+00:00,"Nov 17, 1990",1990-11-17,New Zealand,"6'4"" / 193.04 cm",193.04,205 lbs / 92.99 kg,92.99,City Kickboxing,full/f1f257fe63a77db16313831ce3d69426090616fd.jpg,200,300,13.4
137167,Rodolfo Vieira,https://www.sherdog.com/fighter/Rodolfo-Vieira-137167,2026-08-19T06:24:31.283610+00:00,"Sep 25, 1989",1989-09-25,Brazil,"5'11"" / 180.34 cm",180.34,185 lbs / 83.91 kg,83.91,Fusion X-Cel Performance,full/f610a7760a20224da2244074de80650466cb9544.jpg,200,300,12.1
158855,Nathan Maness,https://www.sherdog.com/fighter/Nathan-Maness-158855,2026-08-19T06:24:31.287785+00:00,"Jun 27, 1991",1991-06-27,United States,"5'10"" / 177.8 cm",177.8,125 lbs / 56.7 kg,56.7,Salvation Mixed Martial Arts,full/bdbeb2d3905993b8bf704e56e82e32382ec1ab00.jpg,200,300,15.8
240893,Umar Nurmagomedov,https://www.sherdog.com/fighter/Umar-Nurmagomedov-240893,2026-08-19T06:24:31.291738+00:00,"Jan 3, 1996",1996-01-03,Russia,"5'8"" / 172.72 cm",172.72,135 lbs / 61.23 kg,61.23,Eagles MMA,full/8b277d49dc6cc9382f6158278fcbefc10dc9e939.jpg,200,300,13.2
68130,Christos Giagos,https://www.sherdog.com/fighter/Christos-Giagos-68130,2026-08-19T06:24:31.297337+00:00,"Jan 23, 1990",1990-01-23,United States,"5'10"" / 177.8 cm",177.8,155 lbs / 70.31 kg,70.31,Black House,full/51d7270e41453a2b4795e97ce1b5dadce5303256.jpg,200,300,16.3
130351,Thiago Moises,https://www.sherdog.com/fighter/Thiago-Moises-130351,2026-08-19T06:24:31.302286+00:00,"Mar 23, 1995",1995-03-23,Brazil,"5'9"" / 175.26 cm",175.26,155 lbs / 70.31 kg,70.31,American Top Team,full/ec00581b73b18ad25331bbe03b3dffb1a0cbbaff.jpg,200,300,14.1
138183,Alan Baudot,https://www.sherdog.com/fighter/Alan-Baudot-138183,2026-08-19T06:24:31.307187+00:00,"Feb 1, 1988",1988-02-01,France,"6'3"" / 190.5 cm",190.5,253 lbs / 114.76 kg,114.76,MMA Factory,full/c77d5147efd816c12817e8f8898709ee60409582.jpg,200,300,10.7
181225,Josh Parisian,https://www.sherdog.com/fighter/Josh-Parisian-181225,2026-08-19T06:24:31.310031+00:00,"Jun 28, 1989",1989-06-28,United States,"6'4"" / 193.04 cm",193.04,266 lbs / 120.66 kg,120.66,Scorpion Fighting System,full/e6745c8439bdb20e187ba3b9082f0b739629cb2b.jpg,200,300,13.4
69166,Neil Magny,https://www.sherdog.com/fighter/Neil-Magny-69166,2026-08-19T06:24:31.313726+00:00,"Aug 3, 1987",1987-08-03,United States,"6'3"" / 190.5 cm",190.5,171 lbs / 77.56 kg,77.56,Elevation Fight Team,full/9576f69a08ca66c3f836a7f21b9f305497851de3.jpg,200,300,11.7
179185,Shavkat Rakhmonov,https://www.sherdog.com/fighter/Shavkat-Rakhmonov-179185,2026-08-19T06:24:31.322588+00:00,"Oct 23, 1994",1994-10-23,Kazakhstan,"6'1"" / 185.42 cm",185.42,170 lbs / 77.11 kg,77.11,Kazakhstan Top Team,full/4032d3d6668a8fdd32b2bac37437585fbe83b2c8.jpg,200,300,10.7
78628,Jared Cannonier,https://www.sherdog.com/fighter/Jared-Cannonier-78628,2026-08-19T06:24:31.326130+00:00,"Mar 16, 1984",1984-03-16,United States,"6'0"" / 182.88 cm",182.88,185 lbs / 83.91 kg,83.91,MMA Lab,full/1367ccd9cd793a06a0cdbbb24de48293807821ad.jpg,200,300,12.0
56374,Israel Adesanya,https://www.sherdog.com/fighter/Israel-Adesanya-56374,2026-08-19T06:24:31.331916+00:00,"Jul 22, 1989",1989-07-22,Nigeria,"6'4"" / 193.04 cm",193.04,185 lbs / 83.91 kg,83.91,City Kickboxing,full/7f2ffa0097bd4669e20075e52d56e84dac736a21.jpg,200,300,15.2
115991,Jessica-Rose Clark,https://www.sherdog.com/fighter/JessicaRose-Clark-115991,2026-08-19T06:24:31.337752+00:00,"Nov 28, 1987",1987-11-28,Australia,"5'5"" / 165.1 cm",165.1,135 lbs / 61.23 kg,61.23,Syndicate MMA,full/3460a08b9887d29f9191e4e2205ca55f06eb8b87.jpg,200,300,9.7
143533,Julija Stoliarenko,https://www.sherdog.com/fighter/Julija-Stoliarenko-143533,2026-08-19T06:24:31.341628+00:00,"Apr 8, 1993",1993-04-08,Lithuania,"5'7"" / 170.18 cm",170.18,125 lbs / 56.7 kg,56.7,Fighter House,full/a1700d05a96db71a56d23c9ef6cd26e86050dd7d.jpg,200,300,14.8
39575,Jessica Eye,https://www.sherdog.com/fighter/Jessica-Eye-39575,2026-08-19T06:24:31.345605+00:00,"Jul 27, 1986",1986-07-27,United States,"5'6"" / 167.64 cm",167.64,126 lbs / 57.15 kg,57.15,Xtreme Couture,full/9ca7714698048eaabe813b41be60ef79863da9e8.jpg,200,300,9.9
253613,Maycee Barber,https://www.sherdog.com/fighter/Maycee-Barber-253613,2026-08-19T06:24:31.350450+00:00,"May 18, 1998",1998-05-18,United States,"5'5"" / 165.1 cm",165.1,126 lbs / 57.15 kg,57.15,Team Alpha Male,full/5e52b16d5b6e9a98c64c08c77d9dde969ca6353e.jpg,200,300,13.1
14210,Uriah Hall,https://www.sherdog.com/fighter/Uriah-Hall-14210,2026-08-19T06:24:31.358388+00:00,"Jul 31, 1984",1984-07-31,Jamaica,"6'0"" / 182.88 cm",182.88,185 lbs / 83.91 kg,83.91,Fortis MMA,full/9fa95384784fc110c60b92b16325cbdcb49770c6.jpg,200,300,9.3
81800,Andre Muniz,https://www.sherdog.com/fighter/Andre-Muniz-81800,2026-08-19T06:24:31.364269+00:00,"Feb 17, 1990",1990-02-17,Brazil,"6'2"" / 187.96 cm",187.96,185 lbs / 83.91 kg,83.91,Tata Fight Team Montes Claros,full/a905164e18047a1f5482a4154589bae601f4ffeb.jpg,200,300,12.3
33095,Brad Tavares,https://www.sherdog.com/fighter/Brad-Tavares-33095,2026-08-19T06:24:31.368355+00:00,"Dec 21, 1987",1987-12-21,United States,"5'11"" / 180.34 cm",180.34,185 lbs / 83.91 kg,83.91,Xtreme Couture,full/3bd5f8203219775a0f4ddfd3aab7a3f2f0f549c0.jpg,200,300,12.8
146193,Dricus Du Plessis,https://www.sherdog.com/fighter/Dricus-Du-Plessis-146193,2026-08-19T06:24:31.375458+00:00,"Jan 14, 1994",1994-01-14,South Africa,"6'0"" / 182.88 cm",182.88,185 lbs / 83.91 kg,83.91,Team CIT,full/6565d32fd77d11b8b1ad79eb54d34fbf42490eba.jpg,200,300,14.1
195027,Gabriel Green,https://www.sherdog.com/fighter/Gabriel-Green-195027,2026-08-19T06:24:31.379505+00:00,"May 2, 1993",1993-05-02,United States,"5'10"" / 177.8 cm",177.8,155 lbs / 70.31 kg,70.31,Subfighter MMA,full/9ec4b5dfaaed8a8eb776048e43cf465c5a1d254a.jpg,200,300,20.2
268923,Ian Garry,https://www.sherdog.com/fighter/Ian-Garry-268923,2026-08-19T06:24:31.382678+00:00,"Nov 17, 1997",1997-11-17,Ireland,"6'3"" / 190.5 cm",190.5,170 lbs / 77.11 kg,77.11,Chute Boxe Diego Lima,full/48d057b24c9e2db533b99ba04f83ecaef0a5e3b7.jpg,200,300,13.5
15105,Donald Cerrone,https://www.sherdog.com/fighter/Donald-Cerrone-15105,2026-08-19T06:24:31.386630+00:00,"Mar 29, 1983",1983-03-29,United States,"6'0"" / 182.88 cm",182.88,170 lbs / 77.11 kg,77.11,BMF Ranch,full/2857e8440c50561cabcf78127c1ed95205cc7c96.jpg,200,300,16.9
14463,Jim Miller,https://www.sherdog.com/fighter/Jim-Miller-14463,2026-08-19T06:24:31.395237+00:00,"Aug 30, 1983",1983-08-30,United States,"5'8"" / 172.72 cm",172.72,155 lbs / 70.31 kg,70.31,Sussex County MMA,full/dca5915e6e1c71e51e4007c80474a1cb6d5514a9.jpg,200,300,15.0
252693,Brad Riddell,https://www.sherdog.com/fighter/Brad-Riddell-252693,2026-08-19T06:24:31.404930+00:00,"Sep 30, 1991",1991-09-30,New Zealand,"5'8"" / 172.72 cm",172.72,156 lbs / 70.76 kg,70.76,City Kickboxing,full/ccb0d9a054fc7ca52183b4379b0f6f2b540ca734.jpg,200,300,17.8
158269,Jalin Turner,https://www.sherdog.com/fighter/Jalin-Turner-158269,2026-08-19T06:24:31.408000+00:00,"May 18, 1995",1995-05-18,United States,"6'3"" / 190.5 cm",190.5,156 lbs / 70.76 kg,70.76,Adrenaline Combat Sports,full/4697abd43710c8670ee06a655b368f038c379290.jpg,200,300,14.1
135099,Sean O'Malley,https://www.sherdog.com/fighter/Sean-OMalley-135099,2026-08-19T06:24:31.412535+00:00,"Oct 24, 1994",1994-10-24,United States,"5'11"" / 180.34 cm",180.34,135 lbs / 61.23 kg,61.23,Red Hawk Academy,full/804affd540162401c37bb351eab42e1e0b4ab793.jpg,200,300,13.4
52407,Pedro Munhoz,https://www.sherdog.com/fighter/Pedro-Munhoz-52407,2026-08-19T06:24:31.417227+00:00,"Sep 7, 1986",1986-09-07,Brazil,"5'6"" / 167.64 cm",167.64,135 lbs / 61.23 kg,61.23,American Top Team,full/01a63195eab1093a3407ff6543b91a2fe45506ce.jpg,200,300,16.1
2245,Robbie Lawler,https://www.sherdog.com/fighter/Robbie-Lawler-2245,2026-08-19T06:24:31.422711+00:00,"Mar 20, 1982",1982-03-20,United States,"5'11"" / 180.34 cm",180.34,170 lbs / 77.11 kg,77.11,Kill Cliff FC,full/7da26c137f54e2275e7e297f348c88840e47fcb0.jpg,200,300,15.7
51471,Bryan Barberena,https://www.sherdog.com/fighter/Bryan-Barberena-51471,2026-08-19T06:24:31.429184+00:00,"May 3, 1989",1989-05-03,United States,"6'0"" / 182.88 cm",182.88,185 lbs / 83.91 kg,83.91,Gym-O,full/04638954c4b80d50a69cca197ce845fb56be97cc.jpg,200,300,14.6
30452,Sean Strickland,https://www.sherdog.com/fighter/Sean-Strickland-30452,2026-08-19T06:24:31.434301+00:00,"Feb 27, 1991",1991-02-27,United States,"6'1"" / 185.42 cm",185.42,185 lbs / 83.91 kg,83.91,Xtreme Couture,full/f7861ad2730ed3fec785f3a510ce47a6e2410957.jpg,200,300,15.4
224511,Alex Pereira,https://www.sherdog.com/fighter/Alex-Pereira-224511,2026-08-19T06:24:31.440459+00:00,"Jul 7, 1987",1987-07-07,Brazil,"6'4"" / 193.04 cm",193.04,251 lbs / 113.85 kg,113.85,Teixeira MMA & Fitness,full/a3cc37c621bff487f041e04ac788a2539b0bdd36.jpg,200,300,13.1
38671,Max Holloway,https://www.sherdog.com/fighter/Max-Holloway-38671,2026-08-19T06:24:31.444364+00:00,"Dec 4, 1991",1991-12-04,United States,"5'11"" / 180.34 cm",180.34,170 lbs / 77.11 kg,77.11,Gracie Technics,full/0ae3b403661e0a067390da5f7012cec8f483303b.jpg,200,300,15.0
101527,Alexander Volkanovski,https://www.sherdog.com/fighter/Alexander-Volkanovski-101527,2026-08-19T06:24:31.451546+00:00,"Sep 29, 1988",1988-09-29,Australia,"5'6"" / 167.64 cm",167.64,145 lbs / 65.77 kg,65.77,Freestyle Fighting Gym,full/b1350ea4bfa76540ba65c6b96b9059ce3e07f778.jpg,200,300,19.5
11675,Rafael dos Anjos,https://www.sherdog.com/fighter/Rafael-dos-Anjos-11675,2026-08-19T06:24:31.456592+00:00,"Oct 26, 1984",1984-10-26,Brazil,"5'8"" / 172.72 cm",172.72,170 lbs / 77.11 kg,77.11,RDA Academy,full/dd1d988a70b7517dd8676d1d57b0bb1c7b0dbfa1.jpg,200,300,13.6
202657,Rafael Fiziev,https://www.sherdog.com/fighter/Rafael-Fiziev-202657,2026-08-19T06:24:31.464717+00:00,"Mar 5, 1993",1993-03-05,Kazakhstan,"5'8"" / 172.72 cm",172.72,155 lbs / 70.31 kg,70.31,Tiger Muay Thai,full/a40068be2f4740b34796b262d1ecf912435a1caa.jpg,200,300,15.4
102885,Ronnie Lawrence,https://www.sherdog.com/fighter/Ronnie-Lawrence-102885,2026-08-19T06:24:31.468767+00:00,"Jun 13, 1992",1992-06-13,United States,"5'8"" / 172.72 cm",172.72,135 lbs / 61.23 kg,61.23,MMA Science Academy,full/74bd432c943c0d1652b55f8356e4628b5f86c69f.jpg,200,300,10.4
274077,Saidyokub Kakhramonov,https://www.sherdog.com/fighter/Saidyokub-Kakhramonov-274077,2026-08-19T06:24:31.471451+00:00,"Nov 14, 1995",1995-11-14,United States,"5'7"" / 170.18 cm",170.18,135 lbs / 61.23 kg,61.23,Warriors Camp,full/38597960820c88090e49b756cfe88e80d1e63cd9.jpg,200,300,10.6
132605,Karl Roberson,https://www.sherdog.com/fighter/Karl-Roberson-132605,2026-08-19T06:24:31.474117+00:00,"Oct 4, 1990",1990-10-04,United States,"6'1"" / 185.42 cm",185.42,184 lbs / 83.46 kg,83.46,Killer B Combat Sports Academy,full/6dd8fcf1739c9da3e47e0499cbd298fa1fad6085.jpg,200,300,13.3
212289,Kennedy Nzechukwu,https://www.sherdog.com/fighter/Kennedy-Nzechukwu-212289,2026-08-19T06:24:31.477692+00:00,"Jun 13, 1992",1992-06-13,United States,"6'5"" / 195.58 cm",195.58,243 lbs / 110.22 kg,110.22,Fortis MMA,full/bbf0733af384605d3263a28bf1f55dc6a249098a.jpg,200,300,12.1
254941,Garrett Armfield,https://www.sherdog.com/fighter/Garrett-Armfield-254941,2026-08-19T06:24:31.482182+00:00,"Oct 9, 1996",1996-10-09,United States,"5'7"" / 170.18 cm",170.18,135 lbs / 61.23 kg,61.23,Springfield Fight Club,full/c8d973aa145c7fa0e06c6f4e35ad4c65d898500b.jpg,200,300,10.3
91121,Cortney Casey,https://www.sherdog.com/fighter/Cortney-Casey-91121,2026-08-19T06:24:31.485121+00:00,"May 5, 1987",1987-05-05,United States,"5'6"" / 167.64 cm",167.64,125 lbs / 56.7 kg,56.7,MMA Lab,full/d48dd78f2caf4262c0cf5a111f96a9c1b6c42afb.jpg,200,300,15.6
45389,Antonina Shevchenko,https://www.sherdog.com/fighter/Antonina-Shevchenko-45389,2026-08-19T06:24:31.489671+00:00,"Nov 20, 1984",1984-11-20,Kyrgyzstan,"5'8"" / 172.72 cm",172.72,125 lbs / 56.7 kg,56.7,Tiger Muay Thai,full/8ee6d5cad9a961060275a4eaa33e35b328c3d6e2.jpg,200,300,17.9
76371,Cameron Diffley,https://www.sherdog.com/fighter/Cameron-Diffley-76371,2026-08-19T06:25:56.890867+00:00,"Nov 8, 1984",1984-11-08,United States,"6'1"" / 185.42 cm",185.42,170 lbs / 77.11 kg,77.11,Legion,full/06750042ca3546753bbb0eb81887e4093da8ed0e.jpg,200,300,11.3
289719,Tresean Gore,https://www.sherdog.com/fighter/Tresean-Gore-289719,2026-08-19T06:24:31.496479+00:00,"Jun 21, 1994",1994-06-21,United States,"6'0"" / 182.88 cm",182.88,186 lbs / 84.37 kg,84.37,MMA Lab,full/58236a35790232d4bd560dc95f536fb140851a13.jpg,200,300,11.7
280627,Ryder Newman,https://www.sherdog.com/fighter/Ryder-Newman-280627,2026-08-19T06:25:56.866977+00:00,"Jan 7, 1995",1995-01-07,United States,"6'0"" / 182.88 cm",182.88,170 lbs / 77.11 kg,77.11,Xtreme Couture,full/c22341d0f0d75d1e58f42fe244fc7031a4bfe2bc.jpg,200,300,17.2
69087,Will Chope,https://www.sherdog.com/fighter/Will-Chope-69087,2026-08-19T06:25:56.872899+00:00,"Sep 8, 1990",1990-09-08,United States,"6'4"" / 193.04 cm",193.04,165 lbs / 74.84 kg,74.84,The Kill Team,full/dc0f13962a2b97fcabecedff850824e3ce8755da.jpg,200,300,15.3
2860,David Baron,https://www.sherdog.com/fighter/David-Baron-2860,2026-08-19T06:25:56.878276+00:00,"Feb 15, 1973",1973-02-15,France,"5'6"" / 167.64 cm",167.64,169 lbs / 76.66 kg,76.66,Haute Tension,full/eceebfc461b2ec00f064d8a2b6aeec03a3e5bd98.jpg,200,300,12.0
34122,Jordan Smith,https://www.sherdog.com/fighter/Jordan-Smith-34122,2026-08-19T06:25:56.881296+00:00,"Dec 25, 1984",1984-12-25,United States,"6'0"" / 182.88 cm",182.88,170 lbs / 77.11 kg,77.11,Victory MMA,full/1ab41f3ab1d6013b1534f44772a56ebbe36d11ca.jpg,200,300,23.9
62754,Marciea Allen,https://www.sherdog.com/fighter/Marciea-Allen-62754,2026-08-19T06:25:56.885643+00:00,"Nov 19, 1981",1981-11-19,United States,"5'7"" / 170.18 cm",170.18,135 lbs / 61.23 kg,61.23,Midwest Training Center,full/03d62b5ffd989fef1186003f25bd14ccb45bab1a.jpg,200,300,16.5
189015,Nick Roehrick,https://www.sherdog.com/fighter/Nick-Roehrick-189015,2026-08-19T06:25:56.888401+00:00,"Jul 6, 1987",1987-07-06,United States,"6'3"" / 190.5 cm",190.5,205 lbs / 92.99 kg,92.99,Elevation Fight Team,full/a57765f371145ce6ba236f05b0ab3f200807485e.jpg,200,300,15.4
22115,Roque Martinez,https://www.sherdog.com/fighter/Roque-Martinez-22115,2026-08-19T06:25:56.893495+00:00,"Mar 4, 1986",1986-03-04,Guam,"5'10"" / 177.8 cm",177.8,186 lbs / 84.37 kg,84.37,Spike 22,full/c8f8aff32ee13c4612e2a12511fd3a4871b39adb.jpg,200,300,10.9
177995,Carlton Minus,https://www.sherdog.com/fighter/Carlton-Minus-177995,2026-08-19T06:25:56.898798+00:00,"Apr 26, 1993",1993-04-26,United States,"5'10"" / 177.8 cm",177.8,156 lbs / 70.76 kg,70.76,10th Planet Austin,full/2b6eefb4c6467b77455b7d6c2c6645e5f2956a58.jpg,200,300,13.9
281913,Cody Brundage,https://www.sherdog.com/fighter/Cody-Brundage-281913,2026-08-19T06:25:56.901782+00:00,"May 16, 1994",1994-05-16,United States,"6'1"" / 185.42 cm",185.42,185 lbs / 83.91 kg,83.91,Factory X,full/a85ef4ad685a13e43b30bc2f85237d807c87d709.jpg,200,300,15.5
68788,Michael Johnson,https://www.sherdog.com/fighter/Michael-Johnson-68788,2026-08-19T06:25:56.906697+00:00,"Jun 4, 1986",1986-06-04,United States,"5'10"" / 177.8 cm",177.8,155 lbs / 70.31 kg,70.31,Kill Cliff FC,full/0969ba65bd880295b1ed0dbfba023fcf8aa53db8.jpg,200,300,11.9
68104,Jamie Mullarkey,https://www.sherdog.com/fighter/Jamie-Mullarkey-68104,2026-08-19T06:25:56.915038+00:00,"Aug 17, 1994",1994-08-17,Australia,"5'8"" / 172.72 cm",172.72,155 lbs / 70.31 kg,70.31,City Kickboxing,full/81372095c1f001e54c513df73eec7a8e97319d8c.jpg,200,300,16.4
80671,Ricky Turcios,https://www.sherdog.com/fighter/Ricky-Turcios-80671,2026-08-19T06:25:56.919440+00:00,"Jun 5, 1993",1993-06-05,United States,"5'8"" / 172.72 cm",172.72,145 lbs / 65.77 kg,65.77,Team Alpha Male,full/22d20d4923eb60fb1af77124b1452288a4a91dd2.jpg,200,300,13.3
121009,Aiemann Zahabi,https://www.sherdog.com/fighter/Aiemann-Zahabi-121009,2026-08-19T06:25:56.923044+00:00,"Nov 19, 1987",1987-11-19,Canada,"5'8"" / 172.72 cm",172.72,135 lbs / 61.23 kg,61.23,Tristar Gym,full/114d79c996b211a56443b02bbf597067a1edf1b9.jpg,200,300,9.7
152987,Jared Vanderaa,https://www.sherdog.com/fighter/Jared-Vanderaa-152987,2026-08-19T06:25:56.926799+00:00,"May 12, 1992",1992-05-12,United States,"6'4"" / 193.04 cm",193.04,204 lbs / 92.53 kg,92.53,Team Quest,full/dd67ec9dc0b9e40f89bd30a1dadeca99eaf55bf2.jpg,200,300,11.8
159319,Chase Sherman,https://www.sherdog.com/fighter/Chase-Sherman-159319,2026-08-19T06:25:56.931040+00:00,"Nov 6, 1989",1989-11-06,United States,"6'4"" / 193.04 cm",193.04,264 lbs / 119.75 kg,119.75,Jackson-Wink MMA,full/72d29be7e28f9208ac0e52455e330a8795e5c638.jpg,200,300,12.2
87981,Douglas Silva de Andrade,https://www.sherdog.com/fighter/Douglas-Silva-de-Andrade-87981,2026-08-19T06:25:56.939336+00:00,"Jun 22, 1985",1985-06-22,Brazil,"5'6"" / 167.64 cm",167.64,145 lbs / 65.77 kg,65.77,Corinthians MMA,full/cc40661f745ad1ac1922c3aa3091fc4c5aae0a20.jpg,200,300,14.2
103961,Said Nurmagomedov,https://www.sherdog.com/fighter/Said-Nurmagomedov-103961,2026-08-19T06:25:56.944418+00:00,"Apr 5, 1992",1992-04-05,Russia,"5'8"" / 172.72 cm",172.72,135 lbs / 61.23 kg,61.23,Fight Club Akhmat,full/214229588d69e6c7b4a9e571c68313f5db64ad02.jpg,200,300,16.0
302783,Armen Petrosyan,https://www.sherdog.com/fighter/Armen-Petrosyan-302783,2026-08-19T06:25:56.948464+00:00,"Nov 3, 1990",1990-11-03,Armenia,"6'2"" / 187.96 cm",187.96,186 lbs / 84.37 kg,84.37,Academy MMA,full/d1d62382f590c8436f8ec8e5b3132cba311ef3cc.jpg,200,300,14.0
188043,Caio Borralho,https://www.sherdog.com/fighter/Caio-Borralho-188043,2026-08-19T06:25:56.951684+00:00,"Jan 16, 1993",1993-01-16,Brazil,"6'2"" / 187.96 cm",187.96,185 lbs / 83.91 kg,83.91,The Fighting Nerds,full/5cfaff92f38774eb8b47b4c041add575bf7fbfa8.jpg,200,300,10.5
65310,Brian Ortega,https://www.sherdog.com/fighter/Brian-Ortega-65310,2026-08-19T06:25:56.955346+00:00,"Feb 21, 1991",1991-02-21,United States,"5'9"" / 175.26 cm",175.26,153 lbs / 69.4 kg,69.4,Black House,full/137cb6f2ec4f97a061b59ad38b160f4449b2fd0f.jpg,200,300,10.4
106305,Yair Rodriguez,https://www.sherdog.com/fighter/Yair-Rodriguez-106305,2026-08-19T06:25:56.959685+00:00,"Oct 6, 1992",1992-10-06,Mexico,"5'11"" / 180.34 cm",180.34,145 lbs / 65.77 kg,65.77,Valle Flow Striking,full/bad0e483c8dfd5b96cda31ca76a0880b7219c0e1.jpg,200,300,19.1
21247,Jessica Penne,https://www.sherdog.com/fighter/Jessica-Penne-21247,2026-08-19T06:25:56.964726+00:00,"Jan 30, 1983",1983-01-30,United States,"5'5"" / 165.1 cm",165.1,115 lbs / 52.16 kg,52.16,Alliance MMA,full/ba81331fcab9eace4d2371e95d94896aaddc67db.jpg,200,300,12.5
207407,Emily Ducote,https://www.sherdog.com/fighter/Emily-Ducote-207407,2026-08-19T06:25:56.968884+00:00,"Jan 1, 1994",1994-01-01,United States,"5'2"" / 157.48 cm",157.48,119 lbs / 53.98 kg,53.98,American Top Team OKC,full/b0903a9c1345b953f3d1d5ad3394f59850e3b9f9.jpg,200,300,12.8
68983,Dwight Grant,https://www.sherdog.com/fighter/Dwight-Grant-68983,2026-08-19T06:25:56.972082+00:00,"Sep 14, 1984",1984-09-14,United States,"6'1"" / 185.42 cm",185.42,185 lbs / 83.91 kg,83.91,Alliance MMA,full/4ba2cb5eadacbad7486460b71a6eb5315ad00238.jpg,200,300,13.5
202241,Da Woon Jung,https://www.sherdog.com/fighter/Da-Woon-Jung-202241,2026-08-19T06:25:56.975479+00:00,"Dec 7, 1993",1993-12-07,South Korea,"6'4"" / 193.04 cm",193.04,264 lbs / 119.75 kg,119.75,Korean Top Team,full/b6a79461ae655001aba8d08279a71c3af251f58f.jpg,200,300,8.8
73825,Dustin Jacoby,https://www.sherdog.com/fighter/Dustin-Jacoby-73825,2026-08-19T06:25:56.979182+00:00,"Apr 4, 1988",1988-04-04,United States,"6'4"" / 193.04 cm",193.04,205 lbs / 92.99 kg,92.99,Factory X,full/719a02b94ea9f129ea626ad5cd0fcab7baddf5c3.jpg,200,300,13.5
152211,Herbert Burns,https://www.sherdog.com/fighter/Herbert-Burns-152211,2026-08-19T06:25:56.984276+00:00,"Feb 2, 1988",1988-02-02,Brazil,"5'9"" / 175.26 cm",175.26,145 lbs / 65.77 kg,65.77,Kill Cliff FC,full/2f8cab8ed1277478a22883a15e7aa10326cfcae6.jpg,200,300,14.6
110177,Jack Shore,https://www.sherdog.com/fighter/Jack-Shore-110177,2026-08-19T06:25:56.987343+00:00,"Feb 6, 1995",1995-02-06,Wales,"5'9"" / 175.26 cm",175.26,145 lbs / 65.77 kg,65.77,Tillery Combat MMA Academy,full/0015ec9d6bd2ab46655e351cb461dd80e0c4b084.jpg,200,300,13.6
111209,Ricky Simon,https://www.sherdog.com/fighter/Ricky-Simon-111209,2026-08-19T06:25:56.991112+00:00,"Aug 31, 1992",1992-08-31,United States,"5'6"" / 167.64 cm",167.64,135 lbs / 61.23 kg,61.23,American Top Team Portland,full/9075adb0b94aed5979905e49b4050394d31a7776.jpg,200,300,12.5
167487,Dalcha Lungiambula,https://www.sherdog.com/fighter/Dalcha-Lungiambula-167487,2026-08-19T06:25:56.996107+00:00,"Jul 31, 1987",1987-07-31,South Africa,"5'10"" / 177.8 cm",177.8,185 lbs / 83.91 kg,83.91,Dragon Power,full/722195ec3ac264c8dd4db9b62c69559390858e38.jpg,200,300,13.7
230239,Punahele Soriano,https://www.sherdog.com/fighter/Punahele-Soriano-230239,2026-08-19T06:25:56.999283+00:00,"Nov 22, 1992",1992-11-22,United States,"6'0"" / 182.88 cm",182.88,170 lbs / 77.11 kg,77.11,Xtreme Couture,full/683b8b0af4650b2fe0fdde86fa6d787408b5a4d7.jpg,200,300,14.1
26252,Miesha Tate,https://www.sherdog.com/fighter/Miesha-Tate-26252,2026-08-19T06:25:57.003121+00:00,"Aug 18, 1986",1986-08-18,United States,"5'6"" / 167.64 cm",167.64,136 lbs / 61.69 kg,61.69,Xtreme Couture,full/91ebda26b754da98512c8ce8544b3957327f3259.jpg,200,300,16.4
66725,Lauren Murphy,https://www.sherdog.com/fighter/Lauren-Murphy-66725,2026-08-19T06:25:57.007688+00:00,"Jul 27, 1983",1983-07-27,United States,"5'7"" / 170.18 cm",170.18,125 lbs / 56.7 kg,56.7,Gracie Barra Katy,full/b50ac100e82ed48ff9f1a86a3167f519cb382443.jpg,200,300,15.0
76052,Shane Burgos,https://www.sherdog.com/fighter/Shane-Burgos-76052,2026-08-19T06:25:57.012271+00:00,"Mar 19, 1991",1991-03-19,United States,"5'11"" / 180.34 cm",180.34,155 lbs / 70.31 kg,70.31,Team Tiger Schulmann,full/e3040de74cc99b5099602dd73024d7daf640df8b.jpg,200,300,15.0
228263,Su Mudaerji,https://www.sherdog.com/fighter/Su-Mudaerji-228263,2026-08-19T06:25:57.016275+00:00,"Jan 20, 1996",1996-01-20,China,"5'8"" / 172.72 cm",172.72,126 lbs / 57.15 kg,57.15,Enbo Fight Club,full/a846ce027d43ab6497d508b908f9c001e484a397.jpg,200,300,10.6
47006,Matt Schnell,https://www.sherdog.com/fighter/Matt-Schnell-47006,2026-08-19T06:25:57.020389+00:00,"Jan 15, 1990",1990-01-15,United States,"5'8"" / 172.72 cm",172.72,125 lbs / 56.7 kg,56.7,Fortis MMA,full/c5bed646665b58b0033a59f0a2324f812c14c8df.jpg,200,300,12.4
129929,Muslim Salikhov,https://www.sherdog.com/fighter/Muslim-Salikhov-129929,2026-08-19T06:25:57.025803+00:00,"Jun 9, 1984",1984-06-09,Russia,"5'11"" / 180.34 cm",180.34,170 lbs / 77.11 kg,77.11,Abdulmanap Nurmagomedov School,full/c07ebfb99e152d46e2dd697d0b85b20a780eb5ad.jpg,200,300,11.7
23091,Michelle Waterson-Gomez,https://www.sherdog.com/fighter/Michelle-WatersonGomez-23091,2026-08-19T06:25:57.030308+00:00,"Jan 6, 1986",1986-01-06,United States,"5'3"" / 160.02 cm",160.02,115 lbs / 52.16 kg,52.16,Jackson-Wink MMA,full/ce6040063b1000e69558546aaf03a3837f995b39.jpg,200,300,12.6
173973,Amanda Lemos,https://www.sherdog.com/fighter/Amanda-Lemos-173973,2026-08-19T06:25:57.034978+00:00,"May 22, 1987",1987-05-22,Brazil,"5'4"" / 162.56 cm",162.56,116 lbs / 52.62 kg,52.62,Marajo Brothers Team,full/18cc2fe11ac002fb578ecdb2f6a9df2813277920.jpg,200,300,15.3
65231,Tom Aspinall,https://www.sherdog.com/fighter/Tom-Aspinall-65231,2026-08-19T06:25:57.039494+00:00,"Apr 11, 1993",1993-04-11,England,"6'5"" / 195.58 cm",195.58,255 lbs / 115.67 kg,115.67,Aspinall BJJ,full/4b7a514b1eef450baf687e026253b5a92c3c796e.jpg,200,300,17.6
172939,Curtis Blaydes,https://www.sherdog.com/fighter/Curtis-Blaydes-172939,2026-08-19T06:25:57.045267+00:00,"Feb 18, 1991",1991-02-18,United States,"6'4"" / 193.04 cm",193.04,261 lbs / 118.39 kg,118.39,Elevation Fight Team,full/169270085280ae92f48aaebcac37f0482199ed52.jpg,200,300,11.5
25830,Claudio Silva,https://www.sherdog.com/fighter/Claudio-Silva-25830,2026-08-19T06:25:57.050627+00:00,"Sep 6, 1982",1982-09-06,Brazil,"5'11"" / 180.34 cm",180.34,170 lbs / 77.11 kg,77.11,London Shootfighters,full/986bef854529e448cfe4e0f1798a015ab48d51b1.jpg,200,300,14.9
63608,Nicolas Dalby,https://www.sherdog.com/fighter/Nicolas-Dalby-63608,2026-08-19T06:25:57.053997+00:00,"Nov 16, 1984",1984-11-16,Denmark,"5'11"" / 180.34 cm",180.34,171 lbs / 77.56 kg,77.56,Rumble Sports,full/7e0b1eea02bdabf8a0ac78fb4808c66e3993cc63.jpg,200,300,14.1
172907,Mandy Bohm,https://www.sherdog.com/fighter/Mandy-Bohm-172907,2026-08-19T06:25:57.058758+00:00,"Jul 30, 1989",1989-07-30,Germany,"5'6"" / 167.64 cm",167.64,125 lbs / 56.7 kg,56.7,SBG Ireland,full/d93ea967b4afc810ec625647f61910ad9f2f249b.jpg,200,300,10.7
212725,Victoria Leonardo,https://www.sherdog.com/fighter/Victoria-Leonardo-212725,2026-08-19T06:25:57.061211+00:00,"Feb 16, 1990",1990-02-16,United States,"5'5"" / 165.1 cm",165.1,126 lbs / 57.15 kg,57.15,Elite Combat Academy,full/57fae2bb576d7e467df1d3324a7b1b2aca5825e2.jpg,200,300,12.1
95383,Kyle Nelson,https://www.sherdog.com/fighter/Kyle-Nelson-95383,2026-08-19T06:25:57.064298+00:00,"Apr 20, 1991",1991-04-20,Canada,"5'11"" / 180.34 cm",180.34,155 lbs / 70.31 kg,70.31,House of Champions MMA,full/67c9d301e3e06dea19e5c2e54e4426b01f3ba6bd.jpg,200,300,11.8
168551,Jai Herbert,https://www.sherdog.com/fighter/Jai-Herbert-168551,2026-08-19T06:25:57.068362+00:00,"May 13, 1988",1988-05-13,England,"6'1"" / 185.42 cm",185.42,155 lbs / 70.31 kg,70.31,Renegade Jiu Jitsu,full/afca71b92007f32ebd417cdb586fda5fc3cba18f.jpg,200,300,15.3
48324,Zane Kamaka,https://www.sherdog.com/fighter/Zane-Kamaka-48324,2026-08-19T06:27:26.445612+00:00,"Jun 12, 1989",1989-06-12,United States,"6'1"" / 185.42 cm",185.42,170 lbs / 77.11 kg,77.11,Gracie Technics,full/06750042ca3546753bbb0eb81887e4093da8ed0e.jpg,200,300,11.3
254715,Charles Johnson,https://www.sherdog.com/fighter/Charles-Johnson-254715,2026-08-19T06:25:57.074755+00:00,"Jan 10, 1991",1991-01-10,United States,"5'9"" / 175.26 cm",175.26,130 lbs / 58.97 kg,58.97,Murcielago MMA,full/05cabb77992e5fff4ea5e407bbfb3dfb151134a7.jpg,200,300,11.3
121011,Mandel Nallo,https://www.sherdog.com/fighter/Mandel-Nallo-121011,2026-08-19T06:27:26.412613+00:00,"Jul 26, 1989",1989-07-26,Canada,"6'0"" / 182.88 cm",182.88,155 lbs / 70.31 kg,70.31,Tristar Gym,full/8544b233f8a01c578e927714a552c5ae9615ceb3.jpg,200,300,18.0
228071,Fernando Padilla,https://www.sherdog.com/fighter/Fernando-Padilla-228071,2026-08-19T06:27:26.415683+00:00,"Dec 15, 1996",1996-12-15,Mexico,"6'1"" / 185.42 cm",185.42,145 lbs / 65.77 kg,65.77,Team Oyama,full/b13ab391d457a4823d051a13618c4cea4bf76e21.jpg,200,300,13.2
127299,Saygid Izagakhmaev,https://www.sherdog.com/fighter/Saygid-Izagakhmaev-127299,2026-08-19T06:27:26.419006+00:00,"Sep 3, 1994",1994-09-03,Russia,"6'0"" / 182.88 cm",182.88,170 lbs / 77.11 kg,77.11,Abdulmanap Nurmagomedov School,full/6d4101bbcce156288a1fb82059c61a3dda097dbf.jpg,200,300,10.4
37661,Cole Williams,https://www.sherdog.com/fighter/Cole-Williams-37661,2026-08-19T06:27:26.421972+00:00,"Dec 15, 1983",1983-12-15,United States,"6'0"" / 182.88 cm",182.88,170 lbs / 77.11 kg,77.11,Chosen Few,full/824da061d7cf479a40658115a67238c50866c916.jpg,200,300,8.8
86319,Rizvan Kuniev,https://www.sherdog.com/fighter/Rizvan-Kuniev-86319,2026-08-19T06:27:26.424523+00:00,"Mar 10, 1992",1992-03-10,Russia,"6'4"" / 193.04 cm",193.04,266 lbs / 120.66 kg,120.66,Gorets Fight Club,full/1a837d266f4e3807e9736bf4c636a2a5bbdd32e4.jpg,200,300,18.2
433441,Josh Hokit,https://www.sherdog.com/fighter/Josh-Hokit-433441,2026-08-19T06:27:26.427723+00:00,"Nov 12, 1997",1997-11-12,United States,"6'1"" / 185.42 cm",185.42,231 lbs / 104.78 kg,104.78,Jackson-Wink MMA,full/a1d3636fe3462e9ce2a6cf9af7dac4c0e118fecc.jpg,200,300,13.7
86252,Matt Rizzo,https://www.sherdog.com/fighter/Matt-Rizzo-86252,2026-08-19T06:27:26.430456+00:00,"Mar 28, 1986",1986-03-28,United States,"5'8"" / 172.72 cm",172.72,125 lbs / 56.7 kg,56.7,Revolution Academy,full/d2317f1f3feacccf1d98ed2a560be70a730adca7.jpg,200,300,17.5
158487,Naoki Inoue,https://www.sherdog.com/fighter/Naoki-Inoue-158487,2026-08-19T06:27:26.432920+00:00,"Jun 14, 1997",1997-06-14,Japan,"5'8"" / 172.72 cm",172.72,134 lbs / 60.78 kg,60.78,Kill Cliff FC,full/160fab0fe91a43bf615bc9568327789fc8f64673.jpg,200,300,16.6
255783,Liliya Shakirova,https://www.sherdog.com/fighter/Liliya-Shakirova-255783,2026-08-19T06:27:26.436092+00:00,"Oct 20, 1991",1991-10-20,Uzbekistan,"5'4"" / 162.56 cm",162.56,125 lbs / 56.7 kg,56.7,Old School MMA,full/40ce1d419c6a46f9712bc3543ff558ce26281249.jpg,200,300,15.2
110415,Nohelin Hernandez,https://www.sherdog.com/fighter/Nohelin-Hernandez-110415,2026-08-19T06:27:26.438235+00:00,"Mar 1, 1994",1994-03-01,United States,"5'10"" / 177.8 cm",177.8,135 lbs / 61.23 kg,61.23,American Kickboxing Academy,full/67303a1a702a7d6f50fadffa9e3c43f13b3d1be6.jpg,200,300,12.5
319053,Muhammad Saidov,https://www.sherdog.com/fighter/Muhammad-Saidov-319053,2026-08-19T06:27:26.440992+00:00,"Jan 10, 1996",1996-01-10,Russia,"6'2"" / 187.96 cm",187.96,205 lbs / 92.99 kg,92.99,GOR MMA,full/615bb93052f8e7758ce4a7ae49b475d3866aace9.jpg,200,300,13.2
45721,Humberto Brown,https://www.sherdog.com/fighter/Humberto-Brown-45721,2026-08-19T06:27:26.443095+00:00,"Nov 3, 1984",1984-11-03,Panama,"5'9"" / 175.26 cm",175.26,145 lbs / 65.77 kg,65.77,Alleycat Fitness,full/d78140dedb9fe3a1fc9d7322aae295cecb98a072.jpg,200,300,8.6
236141,Muhammad Mokaev,https://www.sherdog.com/fighter/Muhammad-Mokaev-236141,2026-08-19T06:27:26.448120+00:00,"Jul 30, 2000",2000-07-30,England,"5'9"" / 175.26 cm",175.26,135 lbs / 61.23 kg,61.23,KHK MMA,full/421e0e353990a2eadcfb50e168d115b9c0d895ac.jpg,200,300,12.1
69406,Makwan Amirkhani,https://www.sherdog.com/fighter/Makwan-Amirkhani-69406,2026-08-19T06:27:26.451971+00:00,"Nov 8, 1988",1988-11-08,Finland,"5'10"" / 177.8 cm",177.8,150 lbs / 68.04 kg,68.04,SBG Ireland,full/b68d0faa056df00791de39403901df97e4be9b2a.jpg,200,300,12.8
183541,Jonathan Pearce,https://www.sherdog.com/fighter/Jonathan-Pearce-183541,2026-08-19T06:27:26.456708+00:00,"May 1, 1992",1992-05-01,United States,"5'11"" / 180.34 cm",180.34,145 lbs / 65.77 kg,65.77,Fight Ready,full/558a5f61e8580a538859f73d92ce2845ee58a631.jpg,200,300,14.4
71116,Charles Rosa,https://www.sherdog.com/fighter/Charles-Rosa-71116,2026-08-19T06:27:26.460420+00:00,"Aug 24, 1986",1986-08-24,United States,"5'10"" / 177.8 cm",177.8,156 lbs / 70.76 kg,70.76,American Combat Gym,full/0237f7eea3b7f39f7797555f5433c51e1b7f8a59.jpg,200,300,10.9
56139,Damir Hadzovic,https://www.sherdog.com/fighter/Damir-Hadzovic-56139,2026-08-19T06:27:26.465081+00:00,"Aug 8, 1986",1986-08-08,Bosnia and Herzegovina,"5'11"" / 180.34 cm",180.34,155 lbs / 70.31 kg,70.31,Arte Suave Copenhagen,full/c1930eac2a6b453bd31bf1df2fbe03577d7577e0.jpg,200,300,11.5
111545,Marc Diakiese,https://www.sherdog.com/fighter/Marc-Diakiese-111545,2026-08-19T06:27:26.468951+00:00,"Mar 16, 1993",1993-03-16,"Congo, The Democratic Republic of the","5'10"" / 177.8 cm",177.8,155 lbs / 70.31 kg,70.31,Great Britain Top Team,full/f4f837c4ed8fb7c08c48858b1398efb62f161ba6.jpg,200,300,13.9
256311,Mason Jones,https://www.sherdog.com/fighter/Mason-Jones-256311,2026-08-19T06:27:26.473627+00:00,"Apr 26, 1995",1995-04-26,Wales,"5'10"" / 177.8 cm",177.8,156 lbs / 70.76 kg,70.76,Pedro Bessa BJJ,full/d79778e48fa8e591a2d8bce38f69a549b206714d.jpg,200,300,15.8
183159,Ludovit Klein,https://www.sherdog.com/fighter/Ludovit-Klein-183159,2026-08-19T06:27:26.477185+00:00,"Feb 22, 1995",1995-02-22,Slovakia,"5'8"" / 172.72 cm",172.72,155 lbs / 70.31 kg,70.31,Spartakus Fight Gym,full/2070cbecc33cd11d56da1249ea5b7bbd53ca5095.jpg,200,300,10.8
110167,Paul Craig,https://www.sherdog.com/fighter/Paul-Craig-110167,2026-08-19T06:27:26.481727+00:00,"Nov 27, 1987",1987-11-27,Scotland,"6'4"" / 193.04 cm",193.04,205 lbs / 92.99 kg,92.99,Scottish Hit Squad,full/24dfe2f3b7548bbfb1abe83644546310a43fd29e.jpg,200,300,15.0
58503,Volkan Oezdemir,https://www.sherdog.com/fighter/Volkan-Oezdemir-58503,2026-08-19T06:27:26.487605+00:00,"Sep 19, 1989",1989-09-19,Switzerland,"6'1"" / 185.42 cm",185.42,206 lbs / 93.44 kg,93.44,Fight Move Academy,full/00df989cf5defcdeebd09510bc8d20bf33f64aa2.jpg,200,300,12.6
204879,Hannah Goldy,https://www.sherdog.com/fighter/Hannah-Goldy-204879,2026-08-19T06:27:26.492357+00:00,"May 18, 1992",1992-05-18,United States,"5'4"" / 162.56 cm",162.56,115 lbs / 52.16 kg,52.16,Fusion X-Cel Performance,full/f59292dc68db23b6c93c38a7c05d2a84717e1e83.jpg,200,300,17.1
150485,Molly McCann,https://www.sherdog.com/fighter/Molly-McCann-150485,2026-08-19T06:27:26.495186+00:00,"May 4, 1990",1990-05-04,England,"5'4"" / 162.56 cm",162.56,116 lbs / 52.62 kg,52.62,Next Generation MMA Liverpool,full/457dbfe0af8a0094a8cc70c6276096a06d5d10cf.jpg,200,300,17.5
26162,Alexander Gustafsson,https://www.sherdog.com/fighter/Alexander-Gustafsson-26162,2026-08-19T06:27:26.503096+00:00,"Jan 15, 1987",1987-01-15,Sweden,"6'4"" / 193.04 cm",193.04,205 lbs / 92.99 kg,92.99,Allstars Training Center,full/af8c06706aaa11ce2a4c98a380e8e5546c75f6cc.jpg,200,300,14.0
110937,Nikita Krylov,https://www.sherdog.com/fighter/Nikita-Krylov-110937,2026-08-19T06:27:26.508151+00:00,"Mar 7, 1992",1992-03-07,Ukraine,"6'3"" / 190.5 cm",190.5,205 lbs / 92.99 kg,92.99,Raty Team,full/b9cd3f763e859402b91f44e5af6a29b6546f26b1.jpg,200,300,16.1
259871,Jordan Leavitt,https://www.sherdog.com/fighter/Jordan-Leavitt-259871,2026-08-19T06:27:26.516647+00:00,"Jun 2, 1995",1995-06-02,United States,"5'11"" / 180.34 cm",180.34,145 lbs / 65.77 kg,65.77,Syndicate MMA,full/038ea5a0bfe243957d3c94dfc4c97fa0eeb733ae.jpg,200,300,13.5
84902,Paddy Pimblett,https://www.sherdog.com/fighter/Paddy-Pimblett-84902,2026-08-19T06:27:26.613392+00:00,"Jan 3, 1995",1995-01-03,England,"5'10"" / 177.8 cm",177.8,155 lbs / 70.31 kg,70.31,Next Generation MMA Liverpool,full/6826979f76c1966d178a8909ec3e3ea9eeebaaac.jpg,200,300,15.5
198787,Carls John de Tomas,https://www.sherdog.com/fighter/Carls-John-de-Tomas-198787,2026-08-19T06:27:26.619713+00:00,"Aug 28, 1996",1996-08-28,Philippines,"5'5"" / 165.1 cm",165.1,135 lbs / 61.23 kg,61.23,De Tomas MMA,full/60238ed57fa93b7dfe3d82a5e5cf1c74dce68d6c.jpg,200,300,21.5
403252,Max Gimenis,https://www.sherdog.com/fighter/Max-Gimenis-403252,2026-08-19T06:27:26.623504+00:00,"Apr 14, 1993",1993-04-14,United States,"6'1"" / 185.42 cm",185.42,256 lbs / 116.12 kg,116.12,Culture of Jiu-Jitsu,full/ec3c83abcc64175621eafdd3acc7cdfabd558895.jpg,200,300,11.3
270825,Denzel Freeman,https://www.sherdog.com/fighter/Denzel-Freeman-270825,2026-08-19T06:27:26.625948+00:00,"Nov 10, 1991",1991-11-10,United States,"6'2"" / 187.96 cm",187.96,258 lbs / 117.03 kg,117.03,Kill Cliff FC,full/4437511f4ec516874610e70c80f3e02f94f208c3.jpg,200,300,9.7
204623,Tyrell Fortune,https://www.sherdog.com/fighter/Tyrell-Fortune-204623,2026-08-19T06:27:26.629441+00:00,"Jul 4, 1990",1990-07-04,United States,"6'2"" / 187.96 cm",187.96,258 lbs / 117.03 kg,117.03,Arizona Combat Sports,full/048b26300684bc3f09c6f4c05ba1bb130c990e29.jpg,200,300,21.7
171149,Abubakar Vagaev,https://www.sherdog.com/fighter/Abubakar-Vagaev-171149,2026-08-19T06:27:26.632589+00:00,"Apr 14, 1993",1993-04-14,Russia,"6'0"" / 182.88 cm",182.88,171 lbs / 77.56 kg,77.56,Fight Club Akhmat,full/93720efeddd22b4dfc4d1bd56f4fbf7ad3edabb8.jpg,200,300,18.3
287861,Luis Pajuelo,https://www.sherdog.com/fighter/Luis-Pajuelo-287861,2026-08-19T06:27:26.635611+00:00,"Dec 18, 1994",1994-12-18,Peru,"5'11"" / 180.34 cm",180.34,145 lbs / 65.77 kg,65.77,Contacto Livre,full/64d982fcab7a5f15006a28d37051f9ecd4cfdf9b.jpg,200,300,16.2
48039,Chris Curtis,https://www.sherdog.com/fighter/Chris-Curtis-48039,2026-08-19T06:27:26.638108+00:00,"Jul 15, 1987",1987-07-15,United States,"5'10"" / 177.8 cm",177.8,170 lbs / 77.11 kg,77.11,Xtreme Couture,full/e7f7a3386b34e5c573096d0e600838251b09e576.jpg,200,300,13.9
61146,Jack Hermansson,https://www.sherdog.com/fighter/Jack-Hermansson-61146,2026-08-19T06:27:26.643300+00:00,"Jun 10, 1988",1988-06-10,Sweden,"6'1"" / 185.42 cm",185.42,170 lbs / 77.11 kg,77.11,Frontline Academy,full/e8cbebed793fc37666b81697f61d924b7b03d97f.jpg,200,300,15.6
50883,Julianna Pena,https://www.sherdog.com/fighter/Julianna-Pena-50883,2026-08-19T06:27:26.649169+00:00,"Aug 19, 1989",1989-08-19,United States,"5'7"" / 170.18 cm",170.18,135 lbs / 61.23 kg,61.23,SikJitsu,full/a87f57e8fae636da6d18f9243d7de764a4f52dcd.jpg,200,300,13.7
31496,Amanda Nunes,https://www.sherdog.com/fighter/Amanda-Nunes-31496,2026-08-19T06:27:26.655624+00:00,"May 30, 1988",1988-05-30,Brazil,"5'8"" / 172.72 cm",172.72,135 lbs / 61.23 kg,61.23,Lioness Studio,full/669cd907faff5ea2b98e2ed642f11ce52105658c.jpg,200,300,16.9
266635,Mike Mathetha,https://www.sherdog.com/fighter/Mike-Mathetha-266635,2026-08-19T06:27:26.660856+00:00,"Jul 10, 1988",1988-07-10,Zimbabwe,"6'1"" / 185.42 cm",185.42,185 lbs / 83.91 kg,83.91,City Kickboxing,full/df6b1ac0013c19957157a1019bf8bd4b3256d3eb.jpg,200,300,10.9
156917,Orion Cosce,https://www.sherdog.com/fighter/Orion-Cosce-156917,2026-08-19T06:27:26.663353+00:00,"Jul 15, 1994",1994-07-15,United States,"5'11"" / 180.34 cm",180.34,173 lbs / 78.47 kg,78.47,Lost Boys Jiu-Jitsu and Muay Thai,full/3e7e87e780bbbdf794da58e588b647947c1a8049.jpg,200,300,9.9
188721,Ihor Potieria,https://www.sherdog.com/fighter/Ihor-Potieria-188721,2026-08-19T06:27:26.665821+00:00,"May 29, 1996",1996-05-29,Ukraine,"6'3"" / 190.5 cm",190.5,188 lbs / 85.28 kg,85.28,Standard Pro,full/6acee10a00cd07fac9b112d898a3e00c7e3233f1.jpg,200,300,12.8
237147,Nicolae Negumereanu,https://www.sherdog.com/fighter/Nicolae-Negumereanu-237147,2026-08-19T06:27:26.669589+00:00,"Sep 4, 1994",1994-09-04,Romania,"6'0"" / 182.88 cm",182.88,206 lbs / 93.44 kg,93.44,Korona Sports Centre,full/943c2384d90f118df1fbf06ea6935d732d383c17.jpg,200,300,11.9
77250,Ji Yeon Kim,https://www.sherdog.com/fighter/Ji-Yeon-Kim-77250,2026-08-19T06:27:26.672534+00:00,"Oct 18, 1989",1989-10-18,South Korea,"5'7"" / 170.18 cm",170.18,125 lbs / 56.7 kg,56.7,Syndicate MMA,full/8cf5a7c9552e0e7e3244f1bf59591891bfe5e594.jpg,200,300,11.6
156643,Joselyne Edwards,https://www.sherdog.com/fighter/Joselyne-Edwards-156643,2026-08-19T06:27:26.676110+00:00,"Sep 29, 1995",1995-09-29,Panama,"5'6"" / 167.64 cm",167.64,135 lbs / 61.23 kg,61.23,Kings MMA,full/aaf8e8d542de36968c6755a75d68f3fcd70c443c.jpg,200,300,15.4
206917,Adam Fugitt,https://www.sherdog.com/fighter/Adam-Fugitt-206917,2026-08-19T06:27:26.680267+00:00,"Jan 12, 1989",1989-01-12,United States,"6'1"" / 185.42 cm",185.42,170 lbs / 77.11 kg,77.11,Fight Ready,full/f7ca93a8ef8e02b3c787ef88f0706710c5ef1591.jpg,200,300,15.6
268041,Michael Morales,https://www.sherdog.com/fighter/Michael-Morales-268041,2026-08-19T06:27:26.683344+00:00,"Jun 24, 1999",1999-06-24,Ecuador,"6'0"" / 182.88 cm",182.88,170 lbs / 77.11 kg,77.11,Entram Gym,full/95dfbd33c68bab64ca6a0a0aa93adf89486b17e3.jpg,200,300,14.7
186049,Rafa Garcia,https://www.sherdog.com/fighter/Rafa-Garcia-186049,2026-08-19T06:27:26.686526+00:00,"Aug 5, 1994",1994-08-05,Mexico,"5'7"" / 170.18 cm",170.18,155 lbs / 70.31 kg,70.31,Team Elevation,full/444c5ef05b9edb1cf0cd764793dbe48bd91ae47d.jpg,200,300,14.5
84568,Drakkar Klose,https://www.sherdog.com/fighter/Drakkar-Klose-84568,2026-08-19T06:27:26.690410+00:00,"Mar 9, 1988",1988-03-09,United States,"5'8"" / 172.72 cm",172.72,156 lbs / 70.76 kg,70.76,MMA Lab,full/6fb43c932c46e5bb6c5f94fb86a41dfdcf3822f2.jpg,200,300,13.6
237177,Don'Tale Mayes,https://www.sherdog.com/fighter/DonTale-Mayes-237177,2026-08-19T06:27:26.694529+00:00,"Jan 16, 1992",1992-01-16,United States,"6'6"" / 198.12 cm",198.12,266 lbs / 120.66 kg,120.66,Bronx Hill MMA,full/2c66e800bd7fb40a45aaa4a780befb68b5b66f95.jpg,200,300,14.3
236167,Islam Dulatov,https://www.sherdog.com/fighter/Islam-Dulatov-236167,2026-08-19T06:28:55.865334+00:00,"Aug 2, 1998",1998-08-02,Germany,"6'3"" / 190.5 cm",190.5,170 lbs / 77.11 kg,77.11,Triple One Gym,full/a3fa43582a3acb47c7f3e4a17f0a257b09da3310.jpg,200,300,10.0
396050,Marek Bujlo,https://www.sherdog.com/fighter/Marek-Bujlo-396050,2026-08-19T06:28:55.869903+00:00,"Oct 10, 1992",1992-10-10,Poland,"6'4"" / 193.04 cm",193.04,265 lbs / 120.2 kg,120.2,Grappler Elk,full/7e162863369f2f3de7a28a161d28bc0e81086c41.jpg,200,300,22.2
331853,Hamdy Abdelwahab,https://www.sherdog.com/fighter/Hamdy-Abdelwahab-331853,2026-08-19T06:28:55.872604+00:00,"Jan 22, 1993",1993-01-22,United States,"6'2"" / 187.96 cm",187.96,267 lbs / 121.11 kg,121.11,Killer B Combat Sports Academy,full/8e06e479fefd3b7a7ff2f885002e6bd07b0b0b7b.jpg,200,300,14.2
96651,Rafael Alves,https://www.sherdog.com/fighter/Rafael-Alves-96651,2026-08-19T06:28:55.876341+00:00,"Oct 11, 1990",1990-10-11,Brazil,"5'7"" / 170.18 cm",170.18,155 lbs / 70.31 kg,70.31,Main Street Boxing & Muay Thai,full/ede43919752f7538aa47f169e5d4eebef69c8243.jpg,200,300,12.6
23982,Drew Dober,https://www.sherdog.com/fighter/Drew-Dober-23982,2026-08-19T06:28:55.880887+00:00,"Oct 19, 1988",1988-10-19,United States,"5'8"" / 172.72 cm",172.72,155 lbs / 70.31 kg,70.31,Elevation Fight Team,full/2f091bf951c7b2f746ba21b637e0a72c63360a5b.jpg,200,300,9.4
251541,Matthew Semelsberger,https://www.sherdog.com/fighter/Matthew-Semelsberger-251541,2026-08-19T06:28:55.889226+00:00,"Nov 23, 1992",1992-11-23,United States,"6'1"" / 185.42 cm",185.42,170 lbs / 77.11 kg,77.11,Clinch Academy,full/d1dc0bb263a419f4a70620bed5de3daaa4cabf81.jpg,200,300,14.0
64894,Alex Morono,https://www.sherdog.com/fighter/Alex-Morono-64894,2026-08-19T06:28:55.894411+00:00,"Aug 16, 1990",1990-08-16,United States,"5'11"" / 180.34 cm",180.34,170 lbs / 77.11 kg,77.11,Fortis MMA,full/50659a5c1603f8b14274d8a30a57549f4093c65f.jpg,200,300,10.5
29470,Anthony Smith,https://www.sherdog.com/fighter/Anthony-Smith-29470,2026-08-19T06:28:55.900958+00:00,"Jul 26, 1988",1988-07-26,United States,"6'4"" / 193.04 cm",193.04,245 lbs / 111.13 kg,111.13,Factory X,full/195f871f692687b9bfee3b10571c9da904e10363.jpg,200,300,14.9
170785,Magomed Ankalaev,https://www.sherdog.com/fighter/Magomed-Ankalaev-170785,2026-08-19T06:28:55.908105+00:00,"Jun 2, 1992",1992-06-02,Russia,"6'3"" / 190.5 cm",190.5,205 lbs / 92.99 kg,92.99,Gorets Fight Club,full/c7d32cd030e087614718c7556f8bea79f2d7c032.jpg,200,300,12.5
12443,Alex Perez,https://www.sherdog.com/fighter/Alex-Perez-12443,2026-08-19T06:28:55.913234+00:00,"Mar 21, 1992",1992-03-21,United States,"5'6"" / 167.64 cm",167.64,126 lbs / 57.15 kg,57.15,Team Oyama,full/97c41fbe5e96ce16feba26c020180860fed42711.jpg,200,300,11.0
25023,Alexandre Pantoja,https://www.sherdog.com/fighter/Alexandre-Pantoja-25023,2026-08-19T06:28:55.918169+00:00,"Apr 16, 1990",1990-04-16,Brazil,"5'5"" / 165.1 cm",165.1,125 lbs / 56.7 kg,56.7,American Top Team,full/a0a74932c2517b08946d488b01d994dce7721900.jpg,200,300,13.6
59284,Derrick Lewis,https://www.sherdog.com/fighter/Derrick-Lewis-59284,2026-08-19T06:28:55.923902+00:00,"Feb 7, 1985",1985-02-07,United States,"6'3"" / 190.5 cm",190.5,265 lbs / 120.2 kg,120.2,Main Street Boxing & Muay Thai,full/06e57f653f599cc5e28189d1eb035383d98603e8.jpg,200,300,8.8
184051,Sergei Pavlovich,https://www.sherdog.com/fighter/Sergei-Pavlovich-184051,2026-08-19T06:28:55.931291+00:00,"May 13, 1992",1992-05-13,Russia,"6'3"" / 190.5 cm",190.5,257 lbs / 116.57 kg,116.57,Eagles MMA,full/4e40ea060c4a2cf402a8decd052ef18b7d83492d.jpg,200,300,11.2
73692,Kai Kara-France,https://www.sherdog.com/fighter/Kai-KaraFrance-73692,2026-08-19T06:28:55.936031+00:00,"Mar 26, 1993",1993-03-26,New Zealand,"5'5"" / 165.1 cm",165.1,125 lbs / 56.7 kg,56.7,City Kickboxing,full/1a4c565e28d8e90de5bf51f0640b315b7fec5562.jpg,200,300,14.6
80173,Brandon Moreno,https://www.sherdog.com/fighter/Brandon-Moreno-80173,2026-08-19T06:28:55.941195+00:00,"Dec 7, 1993",1993-12-07,Mexico,"5'7"" / 170.18 cm",170.18,125 lbs / 56.7 kg,56.7,Fortis MMA,full/d35a46053fe9118df391e1e0f18bb4b61d44c2d2.jpg,200,300,12.3
90021,Thiago Santos,https://www.sherdog.com/fighter/Thiago-Santos-90021,2026-08-19T06:28:55.946791+00:00,"Jan 7, 1984",1984-01-07,Brazil,"6'2"" / 187.96 cm",187.96,241 lbs / 109.32 kg,109.32,Team Marreta,full/0198f3b024ba8a08e110f351da10d52c52600e92.jpg,200,300,14.0
280417,Jamahal Hill,https://www.sherdog.com/fighter/Jamahal-Hill-280417,2026-08-19T06:28:55.957389+00:00,"May 19, 1991",1991-05-19,United States,"6'4"" / 193.04 cm",193.04,205 lbs / 92.99 kg,92.99,Black Lion Jiu-Jitsu,full/bff8fe87540d113a0a30105f1f0598dc294f4125.jpg,200,300,10.3
223917,Mayra Bueno Silva,https://www.sherdog.com/fighter/Mayra-Bueno-Silva-223917,2026-08-19T06:28:55.961179+00:00,"Aug 22, 1991",1991-08-22,Brazil,"5'7"" / 170.18 cm",170.18,135 lbs / 61.23 kg,61.23,American Top Team,full/6538b007e626ee2bbe3d9945bf255de05ded174c.jpg,200,300,17.8
251041,Miranda Granger,https://www.sherdog.com/fighter/Miranda-Granger-251041,2026-08-19T06:28:55.965334+00:00,"Apr 13, 1992",1992-04-13,United States,"5'7"" / 170.18 cm",170.18,115 lbs / 52.16 kg,52.16,Charlie's Combat Club,full/c4b05c1b1073b3c127b19bc962b7d84e11cd0cb6.jpg,200,300,12.9
178347,Cory McKenna,https://www.sherdog.com/fighter/Cory-McKenna-178347,2026-08-19T06:28:55.967947+00:00,"Jul 11, 1999",1999-07-11,Wales,"5'3"" / 160.02 cm",160.02,115 lbs / 52.16 kg,52.16,Team Alpha Male,full/bc3f76b4a29a2bfd723ec9377c66b4d80ad980db.jpg,200,300,15.5
147403,Takashi Sato,https://www.sherdog.com/fighter/Takashi-Sato-147403,2026-08-19T06:28:55.971026+00:00,"Jun 9, 1990",1990-06-09,Japan,"5'10"" / 177.8 cm",177.8,170 lbs / 77.11 kg,77.11,Kill Cliff FC,full/d4f343d3ae3a0f1d7f7905f8ad956a57061980ba.jpg,200,300,12.8
249825,Bryan Battle,https://www.sherdog.com/fighter/Bryan-Battle-249825,2026-08-19T06:28:55.974433+00:00,"Sep 21, 1994",1994-09-21,United States,"6'2"" / 187.96 cm",187.96,185 lbs / 83.91 kg,83.91,Hayastan MMA Charlotte,full/a6959e40b92f58d3f192b50c36e4e63264036246.jpg,200,300,13.2
35410,Sam Alvey,https://www.sherdog.com/fighter/Sam-Alvey-35410,2026-08-19T06:28:55.978393+00:00,"May 6, 1986",1986-05-06,United States,"6'2"" / 187.96 cm",187.96,185 lbs / 83.91 kg,83.91,Team Quest,full/8192225a5a26426446e65a05ddd6db596cd1cbca.jpg,200,300,13.9
156397,Michal Oleksiejczuk,https://www.sherdog.com/fighter/Michal-Oleksiejczuk-156397,2026-08-19T06:28:55.985370+00:00,"Feb 22, 1995",1995-02-22,Poland,"6'0"" / 182.88 cm",182.88,185 lbs / 83.91 kg,83.91,Akademia Sportow Walki Wilanow,full/2cb8ab5bf0d2160278bccb7a15589b26ca54e754.jpg,200,300,14.7
158233,Erick Gonzalez,https://www.sherdog.com/fighter/Erick-Gonzalez-158233,2026-08-19T06:28:55.990567+00:00,"Jan 20, 1992",1992-01-20,United States,"5'10"" / 177.8 cm",177.8,155 lbs / 70.31 kg,70.31,Fight Science,full/27d0d668f2616f349105f2cd5657b2f43702805e.jpg,200,300,14.8
232591,Terrance McKinney,https://www.sherdog.com/fighter/Terrance-McKinney-232591,2026-08-19T06:28:55.993549+00:00,"Sep 15, 1994",1994-09-15,United States,"5'10"" / 177.8 cm",177.8,155 lbs / 70.31 kg,70.31,Warrior Camp,full/245f3e22886d0999fadb0e7664cba838125beb5e.jpg,200,300,14.9
87303,Augusto Sakai,https://www.sherdog.com/fighter/Augusto-Sakai-87303,2026-08-19T06:28:55.997954+00:00,"May 19, 1991",1991-05-19,Brazil,"6'4"" / 193.04 cm",193.04,266 lbs / 120.66 kg,120.66,American Top Team,full/9f908d023a0a56453d7b297119d51db3edf63c35.jpg,200,300,11.3
179095,Serghei Spivac,https://www.sherdog.com/fighter/Serghei-Spivac-179095,2026-08-19T06:28:56.001697+00:00,"Jan 24, 1995",1995-01-24,Moldova,"6'3"" / 190.5 cm",190.5,233 lbs / 105.69 kg,105.69,Polar Bear Team,full/dcfbe4696782bec98c3b878d3dfc9640677313e5.jpg,200,300,16.9
176193,Brogan Walker,https://www.sherdog.com/fighter/Brogan-Walker-176193,2026-08-19T06:28:56.006136+00:00,"Aug 2, 1989",1989-08-02,Guam,"5'4"" / 162.56 cm",162.56,126 lbs / 57.15 kg,57.15,Elite Muay Thai,full/b8207a1ab7db0d718e1702611451dc89da2861e1.jpg,200,300,13.6
259759,Juliana Miller,https://www.sherdog.com/fighter/Juliana-Miller-259759,2026-08-19T06:28:56.008997+00:00,"May 7, 1996",1996-05-07,United States,"5'7"" / 170.18 cm",170.18,126 lbs / 57.15 kg,57.15,10th Planet San Diego,full/67fa2907d3cc87cf4a749cdd40d63828e1d42e9a.jpg,200,300,12.3
343389,Zac Pauga,https://www.sherdog.com/fighter/Zac-Pauga-343389,2026-08-19T06:28:56.012279+00:00,"Feb 25, 1988",1988-02-25,United States,"6'0"" / 182.88 cm",182.88,256 lbs / 116.12 kg,116.12,Elevation Fight Team,full/d0bb200e30bdfe9542cb9f11f839c8362a3d36da.jpg,200,300,14.4
253535,Mohammed Usman,https://www.sherdog.com/fighter/Mohammed-Usman-253535,2026-08-19T06:28:56.015318+00:00,"Apr 1, 1989",1989-04-01,Nigeria,"6'2"" / 187.96 cm",187.96,245 lbs / 111.13 kg,111.13,Kill Cliff FC,full/ad0aca68c8afd09d0519b8744d57f15c971987c8.jpg,200,300,12.1
66474,Vicente Luque,https://www.sherdog.com/fighter/Vicente-Luque-66474,2026-08-19T06:28:56.018625+00:00,"Nov 27, 1991",1991-11-27,United States,"5'11"" / 180.34 cm",180.34,186 lbs / 84.37 kg,84.37,Kill Cliff FC,full/e5234b2a9fc61f4ffddb8eea8ab35598689bf9d6.jpg,200,300,12.4
72107,Geoff Neal,https://www.sherdog.com/fighter/Geoff-Neal-72107,2026-08-19T06:28:56.024801+00:00,"Aug 28, 1990",1990-08-28,United States,"5'11"" / 180.34 cm",180.34,170 lbs / 77.11 kg,77.11,Fortis MMA,full/69cd83418d632dbafb427786ab64030b6128e577.jpg,200,300,17.1
12107,Dominick Cruz,https://www.sherdog.com/fighter/Dominick-Cruz-12107,2026-08-19T06:28:56.029197+00:00,"Mar 9, 1985",1985-03-09,United States,"5'8"" / 172.72 cm",172.72,135 lbs / 61.23 kg,61.23,Alliance MMA,full/fc909ba19fbd3e6ce0be00938e3b237270154f83.jpg,200,300,12.6
97179,Marlon Vera,https://www.sherdog.com/fighter/Marlon-Vera-97179,2026-08-19T06:28:56.033099+00:00,"Dec 2, 1992",1992-12-02,Ecuador,"5'8"" / 172.72 cm",172.72,135 lbs / 61.23 kg,61.23,Team Oyama,full/2e4a5629e3d14c4d0638371f5bb8cbbfc5d4b28d.jpg,200,300,14.5
229985,Youssef Zalal,https://www.sherdog.com/fighter/Youssef-Zalal-229985,2026-08-19T06:28:56.039520+00:00,"Sep 4, 1996",1996-09-04,United States,"5'10"" / 177.8 cm",177.8,145 lbs / 65.77 kg,65.77,Factory X,full/ddb8c3afecfd1ed684f961c06b4389fc80e024f8.jpg,200,300,13.8
243891,Da'Mon Blackshear,https://www.sherdog.com/fighter/DaMon-Blackshear-243891,2026-08-19T06:28:56.043822+00:00,"Aug 12, 1994",1994-08-12,United States,"5'10"" / 177.8 cm",177.8,135 lbs / 61.23 kg,61.23,Kill Cliff FC,full/e68a17b7d60120aa4b37fb19700922e415b12764.jpg,200,300,13.8
127671,Jason Witt,https://www.sherdog.com/fighter/Jason-Witt-127671,2026-08-19T06:28:56.047829+00:00,"Nov 7, 1986",1986-11-07,United States,"5'10"" / 177.8 cm",177.8,180 lbs / 81.65 kg,81.65,Glory MMA & Fitness,full/bf0afda12c696682f923606a19c8fced29182707.jpg,200,300,15.4
290925,Josh Quinlan,https://www.sherdog.com/fighter/Josh-Quinlan-290925,2026-08-19T06:28:56.051218+00:00,"Feb 6, 1993",1993-02-06,United States,"6'0"" / 182.88 cm",182.88,170 lbs / 77.11 kg,77.11,Abe Brothers Jiu-Jitsu Las Vegas,full/50a27db7f6113f4d2dc870bc19328fca66116149.jpg,200,300,15.7
137969,Ode Osbourne,https://www.sherdog.com/fighter/Ode-Osbourne-137969,2026-08-19T06:28:56.053916+00:00,"Jan 9, 1992",1992-01-09,United States,"5'7"" / 170.18 cm",170.18,135 lbs / 61.23 kg,61.23,Waukesha MMA,full/f6143437bda6964edb098d7d609912efc23cb725.jpg,200,300,13.2
15224,Tyson Nam,https://www.sherdog.com/fighter/Tyson-Nam-15224,2026-08-19T06:28:56.058303+00:00,"Oct 6, 1983",1983-10-06,United States,"5'7"" / 170.18 cm",170.18,135 lbs / 61.23 kg,61.23,Gracie Technics,full/3eebc225ed82f2c08dc99aa677fab770bfb60231.jpg,200,300,16.0
83277,Charlie Ontiveros,https://www.sherdog.com/fighter/Charlie-Ontiveros-83277,2026-08-19T06:28:56.062310+00:00,"Jul 4, 1991",1991-07-04,United States,"6'2"" / 187.96 cm",187.96,155 lbs / 70.31 kg,70.31,W4R Training Center,full/0cdf6259239ba2c4a68d03464d0ffd77d2db24d9.jpg,200,300,11.8
25733,Gabriel Benitez,https://www.sherdog.com/fighter/Gabriel-Benitez-25733,2026-08-19T06:28:56.065155+00:00,"Jun 15, 1988",1988-06-15,Mexico,"5'8"" / 172.72 cm",172.72,155 lbs / 70.31 kg,70.31,American Kickboxing Academy,full/1514bb3675811714c2dcf1cdff9418e930eb229f.jpg,200,300,15.5
93095,Cynthia Calvillo,https://www.sherdog.com/fighter/Cynthia-Calvillo-93095,2026-08-19T06:28:56.070622+00:00,"Jul 13, 1987",1987-07-13,United States,"5'4"" / 162.56 cm",162.56,119 lbs / 53.98 kg,53.98,Tiger Muay Thai,full/5b93cb8771805332b39274e7abb9770705069d0e.jpg,200,300,16.1
69632,Nina Nunes,https://www.sherdog.com/fighter/Nina-Nunes-69632,2026-08-19T06:28:56.074688+00:00,"Dec 3, 1985",1985-12-03,United States,"5'5"" / 165.1 cm",165.1,126 lbs / 57.15 kg,57.15,Lioness Studio,full/22c3701d7691c2cbedf0ea3a9082aa095ddc9999.jpg,200,300,14.0
132249,Lukasz Brzeski,https://www.sherdog.com/fighter/Lukasz-Brzeski-132249,2026-08-19T06:28:56.080984+00:00,"May 17, 1992",1992-05-17,Poland,"6'2"" / 187.96 cm",187.96,242 lbs / 109.77 kg,109.77,NKSW Holy Team,full/1ba7e2e504771b24c1713a8e18511fd0f0e66a85.jpg,200,300,12.9
79187,Kemran Lachinov,https://www.sherdog.com/fighter/Kemran-Lachinov-79187,2026-08-19T06:30:23.516258+00:00,"Jul 19, 1990",1990-07-19,United States,"5'9"" / 175.26 cm",175.26,170 lbs / 77.11 kg,77.11,Team Link,full/18031273acf67f9bfe4d8c55c6b8bfc45ec95ab6.jpg,200,300,20.1
357199,Daniil Donchenko,https://www.sherdog.com/fighter/Daniil-Donchenko-357199,2026-08-19T06:30:23.520111+00:00,"Aug 4, 2001",2001-08-04,Ukraine,"5'11"" / 180.34 cm",180.34,170 lbs / 77.11 kg,77.11,Tiger Muay Thai,full/ac154175be0c7c4ea9c4b6892346352265dc5158.jpg,200,300,11.1
164475,Martin Buday,https://www.sherdog.com/fighter/Martin-Buday-164475,2026-08-19T06:30:23.523716+00:00,"Nov 11, 1991",1991-11-11,Slovakia,"6'5"" / 195.58 cm",195.58,266 lbs / 120.66 kg,120.66,Spartakus Fight Gym,full/9f60552097da617c0c63f72f153f592a6d646a00.jpg,200,300,13.9
246543,Lupita Godinez,https://www.sherdog.com/fighter/Lupita-Godinez-246543,2026-08-19T06:30:23.528269+00:00,"Sep 6, 1993",1993-09-06,Mexico,"5'2"" / 157.48 cm",157.48,115 lbs / 52.16 kg,52.16,Lobo Gym MMA,full/13f2b661818cc5ef9edaf4a8b13a452d71425f16.jpg,200,300,16.8
148517,Angela Hill,https://www.sherdog.com/fighter/Angela-Hill-148517,2026-08-19T06:30:23.533349+00:00,"Jan 12, 1985",1985-01-12,United States,"5'3"" / 160.02 cm",160.02,115 lbs / 52.16 kg,52.16,Alliance MMA,full/694f2d3b6e31d2f854a11931a78cc5f3c074aafa.jpg,200,300,12.1
66304,Bruno Silva,https://www.sherdog.com/fighter/Bruno-Silva-66304,2026-08-19T06:30:23.541231+00:00,"Jul 13, 1989",1989-07-13,Brazil,"6'0"" / 182.88 cm",182.88,187 lbs / 84.82 kg,84.82,Brazilian TKO,full/aa5512c224fa1eb0396b02158490ba3152496d54.jpg,200,300,12.3
21501,Gerald Meerschaert,https://www.sherdog.com/fighter/Gerald-Meerschaert-21501,2026-08-19T06:30:23.607089+00:00,"Dec 18, 1987",1987-12-18,United States,"6'1"" / 185.42 cm",185.42,190 lbs / 86.18 kg,86.18,Kill Cliff FC,full/9143da92d34785ff9acdc5ae3757f925f71e7112.jpg,200,300,13.4
147487,Ariane Lipski da Silva,https://www.sherdog.com/fighter/Ariane-Lipski-da-Silva-147487,2026-08-19T06:30:23.614553+00:00,"Jan 26, 1994",1994-01-26,Brazil,"5'6"" / 167.64 cm",167.64,125 lbs / 56.7 kg,56.7,Lioness MMA,full/c5ab1e0f4652e414b4c8d264e20612d11ec36ace.jpg,200,300,14.2
227399,Priscila Cachoeira,https://www.sherdog.com/fighter/Priscila-Cachoeira-227399,2026-08-19T06:30:23.619125+00:00,"Aug 19, 1988",1988-08-19,Brazil,"5'7"" / 170.18 cm",170.18,135 lbs / 61.23 kg,61.23,MMA Masters,full/a70afa0de24e9a3d7a7ec00674bee14dc6f21c89.jpg,200,300,11.8
72777,Devin Clark,https://www.sherdog.com/fighter/Devin-Clark-72777,2026-08-19T06:30:23.623415+00:00,"Apr 12, 1990",1990-04-12,United States,"6'0"" / 182.88 cm",182.88,242 lbs / 109.77 kg,109.77,Elevation Fight Team,full/f409d7d8d95a1d71a3db155de47d3ec79ac43e86.jpg,200,300,12.4
60203,Azamat Murzakanov,https://www.sherdog.com/fighter/Azamat-Murzakanov-60203,2026-08-19T06:30:23.628256+00:00,"Apr 12, 1989",1989-04-12,Russia,"5'11"" / 180.34 cm",180.34,205 lbs / 92.99 kg,92.99,K Dojo Warrior Tribe,full/918a608dd01ee3addda056e1e337119a5024ffc9.jpg,200,300,12.5
264861,Iasmin Lucindo,https://www.sherdog.com/fighter/Iasmin-Lucindo-264861,2026-08-19T06:30:23.631428+00:00,"Jan 8, 2002",2002-01-08,Brazil,"5'4"" / 162.56 cm",162.56,115 lbs / 52.16 kg,52.16,Fight House,full/5207bf41bb9b425570368a19d66825c33691a51f.jpg,200,300,11.8
299051,Yazmin Jauregui,https://www.sherdog.com/fighter/Yazmin-Jauregui-299051,2026-08-19T06:30:23.634842+00:00,"Feb 28, 1999",1999-02-28,Mexico,"5'3"" / 160.02 cm",160.02,115 lbs / 52.16 kg,52.16,Entram Gym,full/0be5ccff358a77b709222310f7fec9d7176fd52a.jpg,200,300,17.1
254945,David Onama,https://www.sherdog.com/fighter/David-Onama-254945,2026-08-19T06:30:23.638514+00:00,"Jun 7, 1994",1994-06-07,United States,"5'10"" / 177.8 cm",177.8,145 lbs / 65.77 kg,65.77,Factory X,full/5eb071ebd6fc142dec464bb58655a78be02e9db4.jpg,200,300,12.7
101493,Nate Landwehr,https://www.sherdog.com/fighter/Nate-Landwehr-101493,2026-08-19T06:30:23.642196+00:00,"Jun 7, 1988",1988-06-07,United States,"5'9"" / 175.26 cm",175.26,145 lbs / 65.77 kg,65.77,MMA Masters,full/57aec10d27e07ce7b0afa7d4d1b4be2e1e3e3a64.jpg,200,300,17.4
120691,Kamaru Usman,https://www.sherdog.com/fighter/Kamaru-Usman-120691,2026-08-19T06:30:23.646215+00:00,"May 11, 1987",1987-05-11,Nigeria,"6'0"" / 182.88 cm",182.88,185 lbs / 83.91 kg,83.91,Kill Cliff FC,full/0a74a54a73b0e719fc5c33882ac400ff9dde578b.jpg,200,300,16.3
62665,Leon Edwards,https://www.sherdog.com/fighter/Leon-Edwards-62665,2026-08-19T06:30:23.655936+00:00,"Aug 25, 1991",1991-08-25,England,"6'0"" / 182.88 cm",182.88,170 lbs / 77.11 kg,77.11,Team Renegade,full/bd90aa0f97e461122fd35f8d28aa226c3eac2ffb.jpg,200,300,14.2
248591,Daniel Lacerda,https://www.sherdog.com/fighter/Daniel-Lacerda-248591,2026-08-19T06:30:23.661268+00:00,"Jun 5, 1996",1996-06-05,Brazil,"5'8"" / 172.72 cm",172.72,138 lbs / 62.6 kg,62.6,American Top Team,full/f941a72942708bc3b064901f3e7fa5aeb912c8bb.jpg,200,300,13.6
212269,Victor Altamirano,https://www.sherdog.com/fighter/Victor-Altamirano-212269,2026-08-19T06:30:23.664559+00:00,"Jan 23, 1991",1991-01-23,United States,"5'6"" / 167.64 cm",167.64,125 lbs / 56.7 kg,56.7,Double Five Mid Cities,full/c1d110ac96a78d53188af944b5d1a0a979dc7791.jpg,200,300,14.2
99689,Jay Perrin,https://www.sherdog.com/fighter/Jay-Perrin-99689,2026-08-19T06:30:23.667734+00:00,"Jun 15, 1993",1993-06-15,United States,"5'9"" / 175.26 cm",175.26,135 lbs / 61.23 kg,61.23,Syndicate MMA,full/a7310c495c1e2ae3afeecb30904abadaebafb368.jpg,200,300,11.1
222519,Qileng Aori,https://www.sherdog.com/fighter/Qileng-Aori-222519,2026-08-19T06:30:23.670678+00:00,"Jun 25, 1993",1993-06-25,China,"5'7"" / 170.18 cm",170.18,135 lbs / 61.23 kg,61.23,Fight Ready,full/3529150e2d1f17a29e01cc9d26eea7e3fe41bc4f.jpg,200,300,11.9
69484,Francisco Figueiredo,https://www.sherdog.com/fighter/Francisco-Figueiredo-69484,2026-08-19T06:30:23.675140+00:00,"Oct 23, 1989",1989-10-23,Brazil,"5'7"" / 170.18 cm",170.18,125 lbs / 56.7 kg,56.7,Team Figueiredo,full/732425c2ec94b83237daa5525c7d8c5aa687f6d1.jpg,200,300,7.8
51365,Amir Albazi,https://www.sherdog.com/fighter/Amir-Albazi-51365,2026-08-19T06:30:23.678056+00:00,"Oct 27, 1993",1993-10-27,Iraq,"5'5"" / 165.1 cm",165.1,125 lbs / 56.7 kg,56.7,Xtreme Couture,full/55f7c0d2a185f572e34e764fb916645b29da2bd6.jpg,200,300,14.5
284309,A.J. Fletcher,https://www.sherdog.com/fighter/AJ-Fletcher-284309,2026-08-19T06:30:23.681314+00:00,"Feb 18, 1997",1997-02-18,United States,"5'10"" / 177.8 cm",177.8,170 lbs / 77.11 kg,77.11,Gladiators Academy,full/e9718b0703b7946bcbff74b01388510d74136176.jpg,200,300,14.9
95799,Ange Loosa,https://www.sherdog.com/fighter/Ange-Loosa-95799,2026-08-19T06:30:23.684131+00:00,"Mar 18, 1993",1993-03-18,"Congo, The Democratic Republic of the","5'10"" / 177.8 cm",177.8,170 lbs / 77.11 kg,77.11,Kill Cliff FC,full/6ded48c400561f144528cff9e3109e25d2515bfb.jpg,200,300,18.8
77414,Luis Saldana,https://www.sherdog.com/fighter/Luis-Saldana-77414,2026-08-19T06:30:23.687195+00:00,"Jan 27, 1991",1991-01-27,United States,"5'11"" / 180.34 cm",180.34,145 lbs / 65.77 kg,65.77,Fight Ready,full/9caa7df1f6760e94de09a3a703d7f539d56f4eea.jpg,200,300,10.3
235563,Sean Woodson,https://www.sherdog.com/fighter/Sean-Woodson-235563,2026-08-19T06:30:23.690283+00:00,"Jun 7, 1992",1992-06-07,United States,"6'2"" / 187.96 cm",187.96,145 lbs / 65.77 kg,65.77,Wolves' Den Training Center,full/dbd5fb3de5d7b926a13b11f29d2f43817a5570ad.jpg,200,300,14.0
4810,Leonardo Santos,https://www.sherdog.com/fighter/Leonardo-Santos-4810,2026-08-19T06:30:23.693885+00:00,"Feb 5, 1980",1980-02-05,Brazil,"6'0"" / 182.88 cm",182.88,155 lbs / 70.31 kg,70.31,Nova Uniao,full/3122d561f0f39c5aa10421287667335024b8ef5a.jpg,200,300,17.4
74057,Jared Gordon,https://www.sherdog.com/fighter/Jared-Gordon-74057,2026-08-19T06:30:23.697857+00:00,"Sep 6, 1988",1988-09-06,United States,"5'9"" / 175.26 cm",175.26,156 lbs / 70.76 kg,70.76,Kill Cliff FC,full/8f2f63047f2d372148156907bcbd90f182cd4afb.jpg,200,300,14.3
242931,Alexander Romanov,https://www.sherdog.com/fighter/Alexander-Romanov-242931,2026-08-19T06:30:23.702920+00:00,"Dec 11, 1990",1990-12-11,Moldova,"6'2"" / 187.96 cm",187.96,259 lbs / 117.48 kg,117.48,Lion Club,full/91150c4c6aa4e1ed6441a093cd92485e0dece60d.jpg,200,300,11.3
86928,Marcin Tybura,https://www.sherdog.com/fighter/Marcin-Tybura-86928,2026-08-19T06:30:23.706791+00:00,"Nov 9, 1985",1985-11-09,Poland,"6'3"" / 190.5 cm",190.5,254 lbs / 115.21 kg,115.21,Ankos MMA,full/3f6f252005f01fc93ddfa491b053ea7c6a7fdba9.jpg,200,300,12.2
239513,Harry Hunsucker,https://www.sherdog.com/fighter/Harry-Hunsucker-239513,2026-08-19T06:30:23.713200+00:00,"Jan 3, 1989",1989-01-03,United States,"6'2"" / 187.96 cm",187.96,205 lbs / 92.99 kg,92.99,Elite Martial Arts & Fitness,full/fc2e415f081b0796ac71a05a0ae8a7407c35928a.jpg,200,300,18.8
146831,Tyson Pedro,https://www.sherdog.com/fighter/Tyson-Pedro-146831,2026-08-19T06:30:23.715774+00:00,"Sep 17, 1991",1991-09-17,Australia,"6'3"" / 190.5 cm",190.5,205 lbs / 92.99 kg,92.99,Lions High Performance Centre,full/65577227ced2a35f67c4e137919faf214e4b2c88.jpg,200,300,14.6
203195,Yanan Wu,https://www.sherdog.com/fighter/Yanan-Wu-203195,2026-08-19T06:30:23.719443+00:00,"Apr 18, 1996",1996-04-18,China,"5'8"" / 172.72 cm",172.72,125 lbs / 56.7 kg,56.7,Tiger Muay Thai,full/714128fd2829dbfdd33aef5b8ca101ed2da872eb.jpg,200,300,9.0
159569,Lucie Pudilova,https://www.sherdog.com/fighter/Lucie-Pudilova-159569,2026-08-19T06:30:23.722588+00:00,"Jun 13, 1994",1994-06-13,Czech Republic,"5'8"" / 172.72 cm",172.72,135 lbs / 61.23 kg,61.23,SBG Ireland,full/b9c3196584532fe90678b09d40af4ef92417eba7.jpg,200,300,16.5
11506,Jose Aldo,https://www.sherdog.com/fighter/Jose-Aldo-11506,2026-08-19T06:30:23.726694+00:00,"Sep 9, 1986",1986-09-09,Brazil,"5'7"" / 170.18 cm",170.18,143 lbs / 64.86 kg,64.86,Nova Uniao,full/4f8f95f0133df4de6fe844018e7c5a22cdda8bd0.jpg,200,300,14.6
157355,Merab Dvalishvili,https://www.sherdog.com/fighter/Merab-Dvalishvili-157355,2026-08-19T06:30:23.732691+00:00,"Jan 10, 1991",1991-01-10,Georgia,"5'6"" / 167.64 cm",167.64,135 lbs / 61.23 kg,61.23,Serra-Longo Fight Team,full/338129a2b8dc24d668b8bfa66e9742ab3d059854.jpg,200,300,15.7
23345,Luke Rockhold,https://www.sherdog.com/fighter/Luke-Rockhold-23345,2026-08-19T06:30:23.737428+00:00,"Oct 17, 1984",1984-10-17,United States,"6'3"" / 190.5 cm",190.5,185 lbs / 83.91 kg,83.91,American Kickboxing Academy,full/3349cbfc66dc607421d37f83d20e0ede7420502f.jpg,200,300,17.3
147165,Paulo Costa,https://www.sherdog.com/fighter/Paulo-Costa-147165,2026-08-19T06:30:23.741386+00:00,"Apr 21, 1991",1991-04-21,Brazil,"6'0"" / 182.88 cm",182.88,205 lbs / 92.99 kg,92.99,Team Borracha,full/6dbad642b12b34e1753b74813ee37b8c714704e7.jpg,200,300,13.4
133745,Tai Tuivasa,https://www.sherdog.com/fighter/Tai-Tuivasa-133745,2026-08-19T06:30:23.745271+00:00,"Mar 16, 1993",1993-03-16,Australia,"6'2"" / 187.96 cm",187.96,266 lbs / 120.66 kg,120.66,Lions High Performance Centre,full/d9fffbc03d1b573e900b16e993d3c84d7eec48d5.jpg,200,300,16.4
293973,Ciryl Gane,https://www.sherdog.com/fighter/Ciryl-Gane-293973,2026-08-19T06:30:23.750188+00:00,"May 6, 1990",1990-05-06,France,"6'5"" / 195.58 cm",195.58,248 lbs / 112.49 kg,112.49,MMA Factory,full/7fff435c68aff4c459b8dfa95246a38715f3d648.jpg,200,300,9.4
297989,Ailin Perez,https://www.sherdog.com/fighter/Ailin-Perez-297989,2026-08-19T06:30:23.754180+00:00,"Oct 5, 1994",1994-10-05,Argentina,"5'5"" / 165.1 cm",165.1,135 lbs / 61.23 kg,61.23,The Goat Shed Academy,full/07b5b4ca22e789c758465cd99738a34689b8d535.jpg,200,300,14.2
206859,Stephanie Egger,https://www.sherdog.com/fighter/Stephanie-Egger-206859,2026-08-19T06:30:23.757440+00:00,"Aug 12, 1988",1988-08-12,Switzerland,"5'7"" / 170.18 cm",170.18,135 lbs / 61.23 kg,61.23,Buddy Gym,full/38e9dbfa906cb70a4a8988e36616438b21f1b1ed.jpg,200,300,15.4
117849,Khalid Taha,https://www.sherdog.com/fighter/Khalid-Taha-117849,2026-08-19T06:30:23.760477+00:00,"Feb 15, 1992",1992-02-15,Germany,"5'7"" / 170.18 cm",170.18,150 lbs / 68.04 kg,68.04,Arena Dortmund,full/4d761c136456a856cc520d69956bd96ed79018a6.jpg,200,300,11.2
164995,Cristian Quinonez,https://www.sherdog.com/fighter/Cristian-Quinonez-164995,2026-08-19T06:30:23.763751+00:00,"Apr 21, 1996",1996-04-21,Mexico,"5'10"" / 177.8 cm",177.8,135 lbs / 61.23 kg,61.23,Entram Gym,full/c85dbfe167ba2e81f35ef8c5d2b25f5304407964.jpg,200,300,11.2
108691,Gabriel Miranda,https://www.sherdog.com/fighter/Gabriel-Miranda-108691,2026-08-19T06:30:23.766724+00:00,"Mar 25, 1990",1990-03-25,Brazil,"5'11"" / 180.34 cm",180.34,170 lbs / 77.11 kg,77.11,CM System,full/8c24151d380108e570ebc86b2f91d2c27c823070.jpg,200,300,13.4
317103,Benoit St. Denis,https://www.sherdog.com/fighter/Benoit-St-Denis-317103,2026-08-19T06:30:23.769854+00:00,"Dec 18, 1995",1995-12-18,France,"5'11"" / 180.34 cm",180.34,155 lbs / 70.31 kg,70.31,CYFIT,full/293347f2f2d4578f472ca590478fee1e99d82f80.jpg,200,300,16.5
151393,Michal Figlak,https://www.sherdog.com/fighter/Michal-Figlak-151393,2026-08-19T06:30:23.773929+00:00,"Aug 16, 1996",1996-08-16,Poland,"5'10"" / 177.8 cm",177.8,155 lbs / 70.31 kg,70.31,Trojan Free Fighters,full/e78c7149c8727695cedeffe870b2ccd7b76e13b2.jpg,200,300,12.8
184241,Fares Ziam,https://www.sherdog.com/fighter/Fares-Ziam-184241,2026-08-19T06:30:23.778336+00:00,"Mar 21, 1997",1997-03-21,France,"6'0"" / 182.88 cm",182.88,155 lbs / 70.31 kg,70.31,Kill Cliff FC,full/4d0484950aea681fae0eb67dd0c652f4bd5c41f7.jpg,200,300,11.4
241395,Roman Bogatov,https://www.sherdog.com/fighter/Roman-Bogatov-241395,2026-08-19T06:31:52.169271+00:00,"Dec 15, 1990",1990-12-15,Russia,"5'9"" / 175.26 cm",175.26,155 lbs / 70.31 kg,70.31,Boets MMA,full/9c0a62cf6d2132e118c1d9bf0c662a13acaba0f1.jpg,200,300,12.9
183333,Isabela de Padua,https://www.sherdog.com/fighter/Isabela-de-Padua-183333,2026-08-19T06:31:52.173405+00:00,"Sep 4, 1991",1991-09-04,Brazil,"5'4"" / 162.56 cm",162.56,115 lbs / 52.16 kg,52.16,Team Nikolai MMA,full/8b1c798b19eed98c23bf3e2394da24e9ff91fbee.jpg,200,300,9.4
176083,Jingnan Xiong,https://www.sherdog.com/fighter/Jingnan-Xiong-176083,2026-08-19T06:31:52.176514+00:00,"Jan 12, 1988",1988-01-12,China,"5'5"" / 165.1 cm",165.1,116 lbs / 52.62 kg,52.62,The Block Bali,full/fcd41bdb4b79405bda9788342786f28cb1a2b96e.jpg,200,300,13.9
376658,Rodrigo Sezinando,https://www.sherdog.com/fighter/Rodrigo-Sezinando-376658,2026-08-19T06:31:52.180098+00:00,,,Brazil,,,185 lbs / 83.91 kg,83.91,Nova Uniao,full/64984ed5d2787508611dfbdc2db1aedd9288bec3.jpg,200,300,12.0
347365,Theodor Berggren,https://www.sherdog.com/fighter/Theodor-Berggren-347365,2026-08-19T06:31:52.182653+00:00,"Apr 9, 2000",2000-04-09,Sweden,"6'0"" / 182.88 cm",182.88,170 lbs / 77.11 kg,77.11,Renyi,full/fe3079403fddab2cd5cdd3c8f810490fcab06fe2.jpg,200,300,13.9
37402,John Makdessi,https://www.sherdog.com/fighter/John-Makdessi-37402,2026-08-19T06:31:52.186036+00:00,"May 3, 1985",1985-05-03,Canada,"5'8"" / 172.72 cm",172.72,155 lbs / 70.31 kg,70.31,Tristar Gym,full/25266127adfd65e02103bb894e259b9e4da74be6.jpg,200,300,14.6
122581,Nasrat Haqparast,https://www.sherdog.com/fighter/Nasrat-Haqparast-122581,2026-08-19T06:31:52.191946+00:00,"Aug 22, 1995",1995-08-22,Morocco,"5'10"" / 177.8 cm",177.8,156 lbs / 70.76 kg,70.76,Tristar Gym,full/c9f587b9a55eddf1dc256fbeb165a43d1d239c84.jpg,200,300,11.2
113779,Dustin Stoltzfus,https://www.sherdog.com/fighter/Dustin-Stoltzfus-113779,2026-08-19T06:31:52.197130+00:00,"Nov 15, 1991",1991-11-15,United States,"5'11"" / 180.34 cm",180.34,185 lbs / 83.91 kg,83.91,Frankers Fight Team,full/731b017357254c7468e105859ef586b4b26642a2.jpg,200,300,14.5
60755,Abus Magomedov,https://www.sherdog.com/fighter/Abus-Magomedov-60755,2026-08-19T06:31:52.202388+00:00,"Sep 2, 1990",1990-09-02,Russia,"6'2"" / 187.96 cm",187.96,185 lbs / 83.91 kg,83.91,UFD Gym,full/62c6e4348033e1ca9ec10f00148b50ac297598b7.jpg,200,300,10.1
210843,Charles Jourdain,https://www.sherdog.com/fighter/Charles-Jourdain-210843,2026-08-19T06:31:52.206652+00:00,"Nov 27, 1995",1995-11-27,Canada,"5'9"" / 175.26 cm",175.26,135 lbs / 61.23 kg,61.23,Academie Pro Star MMA,full/97d802ff3b8daefbfb82d2774400a374c8ac1e5c.jpg,200,300,14.0
82395,Nathaniel Wood,https://www.sherdog.com/fighter/Nathaniel-Wood-82395,2026-08-19T06:31:52.211879+00:00,"Aug 5, 1993",1993-08-05,England,"5'6"" / 167.64 cm",167.64,145 lbs / 65.77 kg,65.77,Great Britain Top Team,full/539cc315f3337ed4085c296c8114fc7eba92e215.jpg,200,300,11.4
207605,Jarno Errens,https://www.sherdog.com/fighter/Jarno-Errens-207605,2026-08-19T06:31:52.216591+00:00,"Nov 17, 1994",1994-11-17,Netherlands,"5'11"" / 180.34 cm",180.34,145 lbs / 65.77 kg,65.77,Team Thriving,full/01dca4b7f7da4ca087c5dcf2df41c0f1dc2b7ccc.jpg,200,300,12.7
217407,William Gomis,https://www.sherdog.com/fighter/William-Gomis-217407,2026-08-19T06:31:52.219686+00:00,"Jun 13, 1997",1997-06-13,France,"6'0"" / 182.88 cm",182.88,145 lbs / 65.77 kg,65.77,MMA Factory,full/85f6b6c3029f9bf7a755170e4409a61cd24255f4.jpg,200,300,10.6
89875,Alessio Di Chirico,https://www.sherdog.com/fighter/Alessio-Di-Chirico-89875,2026-08-19T06:31:52.223279+00:00,"Dec 12, 1989",1989-12-12,Italy,"6'0"" / 182.88 cm",182.88,185 lbs / 83.91 kg,83.91,Gloria Fight Center,full/e8e69341ed72e02d16fbbd5bfb66105b987b6dca.jpg,200,300,10.3
232601,Roman Kopylov,https://www.sherdog.com/fighter/Roman-Kopylov-232601,2026-08-19T06:31:52.228012+00:00,"May 4, 1992",1992-05-04,Russia,"6'0"" / 182.88 cm",182.88,185 lbs / 83.91 kg,83.91,Raty Team,full/0fef0b8346f44276a1685b332555e02fc97d31b1.jpg,200,300,13.7
175481,Joaquin Buckley,https://www.sherdog.com/fighter/Joaquin-Buckley-175481,2026-08-19T06:31:52.233245+00:00,"Apr 27, 1994",1994-04-27,United States,"5'8"" / 172.72 cm",172.72,170 lbs / 77.11 kg,77.11,Murcielago MMA,full/80d4e956a1ef6c732c61088889212e083e4a1a15.jpg,200,300,14.4
217405,Nassourdine Imavov,https://www.sherdog.com/fighter/Nassourdine-Imavov-217405,2026-08-19T06:31:52.239846+00:00,"Mar 1, 1995",1995-03-01,France,"6'3"" / 190.5 cm",190.5,185 lbs / 83.91 kg,83.91,Venum Training Camp,full/548aec2788f50abcb49e0ba37326137523740f37.jpg,200,300,16.7
80421,Marvin Vettori,https://www.sherdog.com/fighter/Marvin-Vettori-80421,2026-08-19T06:31:52.243904+00:00,"Sep 20, 1993",1993-09-20,Italy,"6'0"" / 182.88 cm",182.88,185 lbs / 83.91 kg,83.91,American Top Team,full/d427a2477c01edc1b4369e34afd82911f02c0819.jpg,200,300,14.8
45132,Robert Whittaker,https://www.sherdog.com/fighter/Robert-Whittaker-45132,2026-08-19T06:31:52.254176+00:00,"Dec 20, 1990",1990-12-20,Australia,"6'0"" / 182.88 cm",182.88,205 lbs / 92.99 kg,92.99,PMA Super Martial Arts,full/1ceb848c35167ff42d91ca296cc6e5d451786e38.jpg,200,300,13.0
31239,Tony Ferguson,https://www.sherdog.com/fighter/Tony-Ferguson-31239,2026-08-19T06:31:52.260363+00:00,"Feb 12, 1984",1984-02-12,United States,"6'0"" / 182.88 cm",182.88,170 lbs / 77.11 kg,77.11,Knuckleheadz MMA,full/602e8291820e100509e88be778bbdca99e95e5d6.jpg,200,300,14.2
11451,Nate Diaz,https://www.sherdog.com/fighter/Nate-Diaz-11451,2026-08-19T06:31:52.267162+00:00,"Apr 16, 1985",1985-04-16,United States,"6'0"" / 182.88 cm",182.88,169 lbs / 76.66 kg,76.66,Cesar Gracie Fight Team,full/b9d3727259ec07340255ee7c9678fcaf07a0d3f3.jpg,200,300,12.6
223693,Darian Weeks,https://www.sherdog.com/fighter/Darian-Weeks-223693,2026-08-19T06:31:52.273984+00:00,"Nov 23, 1993",1993-11-23,United States,"5'11"" / 180.34 cm",180.34,175 lbs / 79.38 kg,79.38,Hulett House Gym,full/93b082fcacbf2ff6e5bc5c834c353ad6ac2f8093.jpg,200,300,9.1
295377,Yohan Lainesse,https://www.sherdog.com/fighter/Yohan-Lainesse-295377,2026-08-19T06:31:52.276901+00:00,"Aug 14, 1992",1992-08-14,Canada,"6'1"" / 185.42 cm",185.42,185 lbs / 83.91 kg,83.91,Brazilian Top Team Canada,full/beb0195e2d0a054d34504f0d8a524377a767268e.jpg,200,300,15.8
224241,Melissa Martinez,https://www.sherdog.com/fighter/Melissa-Martinez-224241,2026-08-19T06:31:52.279726+00:00,"Aug 18, 1997",1997-08-18,Mexico,"5'2"" / 157.48 cm",157.48,115 lbs / 52.16 kg,52.16,Bonebreakers Team,full/d3e4bb5abd3bc1b9ec446b3aab4be26eb93270b7.jpg,200,300,15.7
278133,Elise Reed,https://www.sherdog.com/fighter/Elise-Reed-278133,2026-08-19T06:31:52.282166+00:00,"Dec 5, 1992",1992-12-05,United States,"5'3"" / 160.02 cm",160.02,115 lbs / 52.16 kg,52.16,Kickside Martial Arts,full/37916028f16263f2da4e8bcba4ec1466b9cbcc4e.jpg,200,300,9.5
63370,Chad Anheliger,https://www.sherdog.com/fighter/Chad-Anheliger-63370,2026-08-19T06:31:52.285645+00:00,"Dec 1, 1986",1986-12-01,Canada,"5'6"" / 167.64 cm",167.64,135 lbs / 61.23 kg,61.23,Champion's Creed MMA,full/fcf6090615346fa4fc8c61747a56d6559f66d7ef.jpg,200,300,13.0
150691,Heili Alateng,https://www.sherdog.com/fighter/Heili-Alateng-150691,2026-08-19T06:31:52.288734+00:00,"Dec 14, 1991",1991-12-14,China,"5'6"" / 167.64 cm",167.64,135 lbs / 61.23 kg,61.23,Fight Ready,full/71140961cbc0942d98f3f6722b1ec4d1fafe0323.jpg,200,300,9.3
297121,Danyelle Wolf,https://www.sherdog.com/fighter/Danyelle-Wolf-297121,2026-08-19T06:31:52.292557+00:00,"Sep 8, 1983",1983-09-08,United States,"5'11"" / 180.34 cm",180.34,146 lbs / 66.22 kg,66.22,Tiger Muay Thai,full/d1f99ba7bddf5e16556668cabbd8e623348ceead.jpg,200,300,13.8
233587,Norma Dumont,https://www.sherdog.com/fighter/Norma-Dumont-233587,2026-08-19T06:31:52.294435+00:00,"Oct 1, 1990",1990-10-01,Brazil,"5'7"" / 170.18 cm",170.18,135 lbs / 61.23 kg,61.23,Team Rules,full/65b80bc1f9cf88e52d107a203302f1be5b18836d.jpg,200,300,17.2
83599,Jake Collier,https://www.sherdog.com/fighter/Jake-Collier-83599,2026-08-19T06:31:52.298315+00:00,"Oct 23, 1988",1988-10-23,United States,"6'3"" / 190.5 cm",190.5,205 lbs / 92.99 kg,92.99,Pit MMA,full/ea8d457ddabc970f321cdc2326df540b82c6196d.jpg,200,300,13.3
45664,Chris Barnett,https://www.sherdog.com/fighter/Chris-Barnett-45664,2026-08-19T06:31:52.302637+00:00,"Jun 14, 1986",1986-06-14,United States,"5'9"" / 175.26 cm",175.26,261 lbs / 118.39 kg,118.39,XFC,full/af3546950d4eb72d6c30beadd739488417f6972e.jpg,200,300,15.3
72595,Jamie Pickett,https://www.sherdog.com/fighter/Jamie-Pickett-72595,2026-08-19T06:31:52.306231+00:00,"Aug 29, 1988",1988-08-29,United States,"6'1"" / 185.42 cm",185.42,185 lbs / 83.91 kg,83.91,The HitPit Martial Arts,full/f87577d79efc25611308bce8d9a3af6457434e35.jpg,200,300,13.1
230989,Denis Tiuliulin,https://www.sherdog.com/fighter/Denis-Tiuliulin-230989,2026-08-19T06:31:52.309927+00:00,"May 17, 1988",1988-05-17,Russia,"6'1"" / 185.42 cm",185.42,185 lbs / 83.91 kg,83.91,Evolve Gym,full/2817ce3b5ba84945b2e603c944196c6c336193d8.jpg,200,300,10.7
234667,Anton Turkalj,https://www.sherdog.com/fighter/Anton-Turkalj-234667,2026-08-19T06:31:52.313061+00:00,"Jun 10, 1996",1996-06-10,Sweden,"6'4"" / 193.04 cm",193.04,205 lbs / 92.99 kg,92.99,GBG MMA,full/73104d6b4e5ea2ddb80e9d41929a9a1d3259dc03.jpg,200,300,12.2
114657,Jailton Almeida,https://www.sherdog.com/fighter/Jailton-Almeida-114657,2026-08-19T06:31:52.316058+00:00,"Jun 28, 1991",1991-06-28,Brazil,"6'4"" / 193.04 cm",193.04,241 lbs / 109.32 kg,109.32,Galpao da Luta,full/c947c4278291b21ab6179fafe680508757d70203.jpg,200,300,12.3
158725,Hakeem Dawodu,https://www.sherdog.com/fighter/Hakeem-Dawodu-158725,2026-08-19T06:31:52.320110+00:00,"Jul 2, 1991",1991-07-02,Canada,"5'8"" / 172.72 cm",172.72,145 lbs / 65.77 kg,65.77,Champion's Creed MMA,full/8089d4bac47c297d665711302feea23cb539a77e.jpg,200,300,12.2
71442,Julian Erosa,https://www.sherdog.com/fighter/Julian-Erosa-71442,2026-08-19T06:31:52.323846+00:00,"Jul 31, 1989",1989-07-31,United States,"6'1"" / 185.42 cm",185.42,145 lbs / 65.77 kg,65.77,Xtreme Couture,full/8390f36f5c905c4f5fc36851fb68fa1317ea21fd.jpg,200,300,19.1
101427,Ion Cutelaba,https://www.sherdog.com/fighter/Ion-Cutelaba-101427,2026-08-19T06:31:52.329934+00:00,"Dec 14, 1993",1993-12-14,Moldova,"6'1"" / 185.42 cm",185.42,205 lbs / 92.99 kg,92.99,Timoshkov Sport Club,full/efb5e769a11cfc7dd849750f08a07beaa3f8b19f.jpg,200,300,12.4
170203,Johnny Walker,https://www.sherdog.com/fighter/Johnny-Walker-170203,2026-08-19T06:31:52.335459+00:00,"Mar 30, 1992",1992-03-30,Brazil,"6'5"" / 195.58 cm",195.58,206 lbs / 93.44 kg,93.44,Xtreme Couture,full/d1f000a791ac59d3ba5bc12d24e47b23cacb80bf.jpg,200,300,16.5
190279,Macy Chiasson,https://www.sherdog.com/fighter/Macy-Chiasson-190279,2026-08-19T06:31:52.342290+00:00,"Jul 27, 1991",1991-07-27,United States,"5'11"" / 180.34 cm",180.34,135 lbs / 61.23 kg,61.23,Fortis MMA,full/dedb40c2331767087dd8ca142475eb06c5d7e337.jpg,200,300,14.5
148377,Irene Aldana,https://www.sherdog.com/fighter/Irene-Aldana-148377,2026-08-19T06:31:52.346821+00:00,"Mar 26, 1988",1988-03-26,Mexico,"5'9"" / 175.26 cm",175.26,135 lbs / 61.23 kg,61.23,Lobo Gym MMA,full/3d97c3ef44a4351b035fb4fcdb9a80ee7e8ea064.jpg,200,300,10.7
26381,Jingliang Li,https://www.sherdog.com/fighter/Jingliang-Li-26381,2026-08-19T06:31:52.351083+00:00,"Mar 20, 1988",1988-03-20,China,"6'0"" / 182.88 cm",182.88,170 lbs / 77.11 kg,77.11,China Top Team,full/5fdd477843f82c97dc76a4c5b35eea9c659b284b.jpg,200,300,13.9
145945,Daniel Rodriguez,https://www.sherdog.com/fighter/Daniel-Rodriguez-145945,2026-08-19T06:31:52.356083+00:00,"Dec 31, 1986",1986-12-31,United States,"6'0"" / 182.88 cm",182.88,171 lbs / 77.56 kg,77.56,10th Planet Jiu-Jitsu,full/6b7a5277d3f2233d8e6e506e05775ed6a2b17304.jpg,200,300,15.6
108999,Kevin Holland,https://www.sherdog.com/fighter/Kevin-Holland-108999,2026-08-19T06:31:52.360664+00:00,"Nov 5, 1992",1992-11-05,United States,"6'3"" / 190.5 cm",190.5,170 lbs / 77.11 kg,77.11,Phalanx MMA Academy,full/8869adb7c8a47f39f96f8c3bd9ac7f3474d4e97a.jpg,200,300,14.6
280021,Khamzat Chimaev,https://www.sherdog.com/fighter/Khamzat-Chimaev-280021,2026-08-19T06:31:52.368445+00:00,"May 1, 1994",1994-05-01,United Arab Emirates,"6'2"" / 187.96 cm",187.96,185 lbs / 83.91 kg,83.91,Allstars Training Center,full/240771d826e17a14e7e9a3395a17a0c682069956.jpg,200,300,12.2
103807,Yadong Song,https://www.sherdog.com/fighter/Yadong-Song-103807,2026-08-19T06:31:52.372044+00:00,"Dec 2, 1997",1997-12-02,China,"5'8"" / 172.72 cm",172.72,136 lbs / 61.69 kg,61.69,Team Alpha Male,full/8d4ee6e6005a397d13d9c9f3f775228dca89feb1.jpg,200,300,14.8
112869,Cory Sandhagen,https://www.sherdog.com/fighter/Cory-Sandhagen-112869,2026-08-19T06:31:52.377162+00:00,"Apr 20, 1992",1992-04-20,United States,"5'11"" / 180.34 cm",180.34,135 lbs / 61.23 kg,61.23,Elevation Fight Team,full/c507aa68062c6489ff7e22d63fc13637ea15c959.jpg,200,300,9.2
86203,Cameron VanCamp,https://www.sherdog.com/fighter/Cameron-VanCamp-86203,2026-08-19T06:31:52.381922+00:00,"Apr 27, 1993",1993-04-27,United States,"6'1"" / 185.42 cm",185.42,155 lbs / 70.31 kg,70.31,Indy Boxing & Grappling,full/1b4d24598775732a7af800eeed219b7843add6a9.jpg,200,300,17.5
103887,Nikolas Motta,https://www.sherdog.com/fighter/Nikolas-Motta-103887,2026-08-19T06:31:52.386411+00:00,"Feb 8, 1993",1993-02-08,Brazil,"5'8"" / 172.72 cm",172.72,155 lbs / 70.31 kg,70.31,Nova Uniao,full/3a655534df56ab2e4efd88c2ccffd24b96bf94d4.jpg,200,300,20.0
104455,Alexandre Cidade,https://www.sherdog.com/fighter/Alexandre-Cidade-104455,2026-08-19T06:33:21.074351+00:00,"Nov 10, 1982",1982-11-10,Brazil,"5'9"" / 175.26 cm",175.26,155 lbs / 70.31 kg,70.31,Team Tavares,full/ded22901da63f4618063e058275a6ebe0dfd01d2.jpg,200,300,9.9
86855,Bharat Khandare,https://www.sherdog.com/fighter/Bharat-Khandare-86855,2026-08-19T06:33:21.078461+00:00,"Jun 20, 1989",1989-06-20,India,"5'7"" / 170.18 cm",170.18,145 lbs / 65.77 kg,65.77,Superhuman Gym,full/103e6bb1199e01b4e03e9e259a8927ad692f0f58.jpg,200,300,11.9
106725,Jason Soares,https://www.sherdog.com/fighter/Jason-Soares-106725,2026-08-19T06:33:21.081410+00:00,"Nov 4, 1989",1989-11-04,United States,"5'7"" / 170.18 cm",170.18,145 lbs / 65.77 kg,65.77,Freestyle Fighting Academy,full/b1435ee5df14160715763af951f7275e2288bf13.jpg,200,300,9.4
77125,Lerryan Douglas,https://www.sherdog.com/fighter/Lerryan-Douglas-77125,2026-08-19T06:33:21.084997+00:00,"Apr 27, 1995",1995-04-27,Brazil,"5'10"" / 177.8 cm",177.8,145 lbs / 65.77 kg,65.77,Killer Bees,full/27264e19f02124c085ff8c05a0638a10b68dbff5.jpg,200,300,18.3
227513,Yoshinori Horie,https://www.sherdog.com/fighter/Yoshinori-Horie-227513,2026-08-19T06:33:21.088144+00:00,"May 10, 1995",1995-05-10,Japan,"5'8"" / 172.72 cm",172.72,156 lbs / 70.76 kg,70.76,Alliance-Square,full/a1d9b847ea5cf5cf232d8ad1842aed8fec4ef3c5.jpg,200,300,10.8
77297,Alberto Emiliano Pereira,https://www.sherdog.com/fighter/Alberto-Emiliano-Pereira-77297,2026-08-19T06:33:21.091790+00:00,"Aug 8, 1984",1984-08-08,Brazil,"6'3"" / 190.5 cm",190.5,185 lbs / 83.91 kg,83.91,Astra Fight Team,full/e06c05f2e2e0f4c787ba833e7084b3beb8ef33db.jpg,200,300,10.8
278203,Robert Ruchala,https://www.sherdog.com/fighter/Robert-Ruchala-278203,2026-08-19T06:33:21.094647+00:00,"May 15, 1998",1998-05-15,Poland,"5'10"" / 177.8 cm",177.8,145 lbs / 65.77 kg,65.77,Grappling Krakow,full/6f73d34a3c589744142c5b1aa134b575980b273e.jpg,200,300,15.5
287481,Losene Keita,https://www.sherdog.com/fighter/Losene-Keita-287481,2026-08-19T06:33:21.097541+00:00,"Dec 30, 1997",1997-12-30,Belgium,"5'9"" / 175.26 cm",175.26,154 lbs / 69.85 kg,69.85,Lamiro Fight Club,full/207ebf59ce73fcfe41bcc37aae074ca0d0114e37.jpg,200,300,13.3
210575,Tony Gravely,https://www.sherdog.com/fighter/Tony-Gravely-210575,2026-08-19T06:33:21.100596+00:00,"Sep 28, 1991",1991-09-28,United States,"5'5"" / 165.1 cm",165.1,135 lbs / 61.23 kg,61.23,American Top Team,full/f89aaf8969bd5271d82490a3fdd8f082d8398b51.jpg,200,300,15.0
222651,Javid Basharat,https://www.sherdog.com/fighter/Javid-Basharat-222651,2026-08-19T06:33:21.106033+00:00,"Sep 7, 1995",1995-09-07,Afghanistan,"5'7"" / 170.18 cm",170.18,135 lbs / 61.23 kg,61.23,American Top Team,full/8ba8b270432d1576161a3b634253da8c958c3d02.jpg,200,300,10.6
206861,Mariya Agapova,https://www.sherdog.com/fighter/Mariya-Agapova-206861,2026-08-19T06:33:21.109601+00:00,"Apr 7, 1997",1997-04-07,Kazakhstan,"5'6"" / 167.64 cm",167.64,125 lbs / 56.7 kg,56.7,MMA Science Academy,full/db8d51a5c06ba996b28b019794388e52e3efc691.jpg,200,300,13.8
219015,Gillian Robertson,https://www.sherdog.com/fighter/Gillian-Robertson-219015,2026-08-19T06:33:21.112838+00:00,"May 17, 1995",1995-05-17,Canada,"5'5"" / 165.1 cm",165.1,115 lbs / 52.16 kg,52.16,The Goat Shed Academy,full/9e3cb5a7338387092f2cb70ff173fd1152eb0958.jpg,200,300,13.4
238903,Daniel Zellhuber,https://www.sherdog.com/fighter/Daniel-Zellhuber-238903,2026-08-19T06:33:21.118667+00:00,"Jul 7, 1999",1999-07-07,Mexico,"6'1"" / 185.42 cm",185.42,155 lbs / 70.31 kg,70.31,Xtreme Couture,full/6d03c74bf9bea55c3702e2ced11ac1240dbb3bcb.jpg,200,300,13.7
187343,Trey Ogden,https://www.sherdog.com/fighter/Trey-Ogden-187343,2026-08-19T06:33:21.121999+00:00,"Nov 14, 1989",1989-11-14,United States,"5'11"" / 180.34 cm",180.34,155 lbs / 70.31 kg,70.31,Marathon MMA,full/79f680d6e1382882a8a248fb9a678074695e3caa.jpg,200,300,13.6
382138,Denise Gomes,https://www.sherdog.com/fighter/Denise-Gomes-382138,2026-08-19T06:33:21.126187+00:00,"Dec 30, 1999",1999-12-30,Brazil,"5'3"" / 160.02 cm",160.02,115 lbs / 52.16 kg,52.16,GAEA Project,full/5127b8d7e8f6b2db03f0c1468432936b5b27174c.jpg,200,300,18.8
270881,Konklak Suphisara,https://www.sherdog.com/fighter/Konklak-Suphisara-270881,2026-08-19T06:33:21.129537+00:00,"Jan 18, 1996",1996-01-18,Thailand,"5'1"" / 154.94 cm",154.94,115 lbs / 52.16 kg,52.16,Tiger Muay Thai,full/78d967fa188b3e1f2a1064ce2e77349740fa95e7.jpg,200,300,13.8
282403,Louis Cosce,https://www.sherdog.com/fighter/Louis-Cosce-282403,2026-08-19T06:33:21.133190+00:00,"Aug 27, 1995",1995-08-27,United States,"5'9"" / 175.26 cm",175.26,170 lbs / 77.11 kg,77.11,Syndicate MMA,full/621d029a40bd9833165b677727650510770caee8.jpg,200,300,10.9
111237,Trevin Giles,https://www.sherdog.com/fighter/Trevin-Giles-111237,2026-08-19T06:33:21.135477+00:00,"Aug 6, 1992",1992-08-06,United States,"6'0"" / 182.88 cm",182.88,170 lbs / 77.11 kg,77.11,W4R Training Center,full/c45e3d7e3a63a14ff4e3786d89bcd54f3f7e615f.jpg,200,300,10.4
60415,Pat Sabatini,https://www.sherdog.com/fighter/Pat-Sabatini-60415,2026-08-19T06:33:21.204389+00:00,"Nov 9, 1990",1990-11-09,United States,"5'9"" / 175.26 cm",175.26,145 lbs / 65.77 kg,65.77,Renzo Gracie Philly,full/ea7012c139a204cce23b32349408b29db286c04e.jpg,200,300,20.0
113767,Damon Jackson,https://www.sherdog.com/fighter/Damon-Jackson-113767,2026-08-19T06:33:21.208852+00:00,"Aug 8, 1988",1988-08-08,United States,"5'11"" / 180.34 cm",180.34,144 lbs / 65.32 kg,65.32,Fortis MMA,full/698827d9725f205a492d8e9dd243807f84388b29.jpg,200,300,15.1
170803,Marc-Andre Barriault,https://www.sherdog.com/fighter/MarcAndre-Barriault-170803,2026-08-19T06:33:21.213584+00:00,"Feb 18, 1990",1990-02-18,Canada,"6'1"" / 185.42 cm",185.42,185 lbs / 83.91 kg,83.91,Kill Cliff FC,full/d6699e2de6b563d421a3db5d079a66a89cc3ec49.jpg,200,300,11.2
86783,Anthony Hernandez,https://www.sherdog.com/fighter/Anthony-Hernandez-86783,2026-08-19T06:33:21.218456+00:00,"Oct 18, 1993",1993-10-18,United States,"6'0"" / 182.88 cm",182.88,185 lbs / 83.91 kg,83.91,MMA Gold Fight Team,full/90aec256d012fd791dcfa31d4d62c558d0c85769.jpg,200,300,19.8
114961,Tanner Boser,https://www.sherdog.com/fighter/Tanner-Boser-114961,2026-08-19T06:33:21.222557+00:00,"Aug 2, 1991",1991-08-02,Canada,"6'2"" / 187.96 cm",187.96,245 lbs / 111.13 kg,111.13,Shaved Bears MMA,full/30947777daf707d40a87c4b725c2f3c196057f8e.jpg,200,300,14.8
97975,Rodrigo Nascimento,https://www.sherdog.com/fighter/Rodrigo-Nascimento-97975,2026-08-19T06:33:21.226812+00:00,"Nov 26, 1992",1992-11-26,Brazil,"6'4"" / 193.04 cm",193.04,254 lbs / 115.21 kg,115.21,American Top Team,full/6a10b57f079062d61aef94877c7e6ed6f071280a.jpg,200,300,11.4
134209,Alen Amedovski,https://www.sherdog.com/fighter/Alen-Amedovski-134209,2026-08-19T06:33:21.230105+00:00,"Apr 6, 1988",1988-04-06,Macedonia,"5'10"" / 177.8 cm",177.8,185 lbs / 83.91 kg,83.91,American Top Team Rome,full/ba0de673e36953909d2190b5bc735a77d3fd6eff.jpg,200,300,12.3
239253,Joe Pyfer,https://www.sherdog.com/fighter/Joe-Pyfer-239253,2026-08-19T06:33:21.232698+00:00,"Sep 17, 1996",1996-09-17,United States,"6'1"" / 185.42 cm",185.42,185 lbs / 83.91 kg,83.91,Team Balance,full/07af49b4ba68147ef50cb605042726c6a4a207d8.jpg,200,300,14.7
77441,Bill Algeo,https://www.sherdog.com/fighter/Bill-Algeo-77441,2026-08-19T06:33:21.236188+00:00,"Jun 9, 1989",1989-06-09,United States,"5'11"" / 180.34 cm",180.34,146 lbs / 66.22 kg,66.22,Team Titan PA,full/5b8ff11865e07b95503f3b6b325adec113172d45.jpg,200,300,13.5
58385,Andre Fili,https://www.sherdog.com/fighter/Andre-Fili-58385,2026-08-19T06:33:21.240129+00:00,"Jun 25, 1990",1990-06-25,United States,"5'10"" / 177.8 cm",177.8,145 lbs / 65.77 kg,65.77,Team Alpha Male,full/cb061fb16218c1b791bd44496daec17bd3904f75.jpg,200,300,11.8
25761,Chidi Njokuani,https://www.sherdog.com/fighter/Chidi-Njokuani-25761,2026-08-19T06:33:21.246586+00:00,"Dec 31, 1988",1988-12-31,United States,"6'3"" / 190.5 cm",190.5,171 lbs / 77.56 kg,77.56,One Kick's Gym,full/17dc5b788d9d947fa4a0caf415605deb113c45ee.jpg,200,300,16.4
176275,Gregory Rodrigues,https://www.sherdog.com/fighter/Gregory-Rodrigues-176275,2026-08-19T06:33:21.250969+00:00,"Feb 17, 1992",1992-02-17,Brazil,"6'3"" / 190.5 cm",190.5,185 lbs / 83.91 kg,83.91,Kill Cliff FC,full/9dae9237f03a9c046b741276e8c919978ecad134.jpg,200,300,14.5
291351,Gokhan Saricam,https://www.sherdog.com/fighter/Gokhan-Saricam-291351,2026-08-19T06:34:17.602573+00:00,"Feb 26, 1991",1991-02-26,Turkey,"6'3"" / 190.5 cm",190.5,245 lbs / 111.13 kg,111.13,MMA Vlaardingen,full/7117c5c4ee5f4ae2a9f861df84793ab1c5c5f291.jpg,200,300,11.8
177407,Jose Mauro Delano,https://www.sherdog.com/fighter/Jose-Mauro-Delano-177407,2026-08-19T06:34:17.606510+00:00,"Sep 11, 1996",1996-09-11,Brazil,"5'8"" / 172.72 cm",172.72,146 lbs / 66.22 kg,66.22,Brazilian Top Team,full/725534d20ca552582a5e62bcb5ae6c52c95ddd86.jpg,200,300,15.2
424904,Artur Minev,https://www.sherdog.com/fighter/Artur-Minev-424904,2026-08-19T06:34:17.912680+00:00,"Sep 27, 2003",2003-09-27,Ukraine,"5'9"" / 175.26 cm",175.26,165 lbs / 74.84 kg,74.84,Syndicate MMA,full/ffc1db9e2e8c7c9cecb64ab94a1517c2ad6d3ee1.jpg,200,300,6.8
428202,Thomas Gantt,https://www.sherdog.com/fighter/Thomas-Gantt-428202,2026-08-19T06:34:24.049580+00:00,"Jan 9, 1993",1993-01-09,United States,"5'11"" / 180.34 cm",180.34,155 lbs / 70.31 kg,70.31,Jaw Breaker Boxing,full/cb5a9f267c4e93195154eff9b51f70c15126fc58.jpg,200,300,10.3
420440,Ryuho Miyaguchi,https://www.sherdog.com/fighter/Ryuho-Miyaguchi-420440,2026-08-19T06:34:24.053337+00:00,"Jan 27, 1998",1998-01-27,Japan,"5'10"" / 177.8 cm",177.8,135 lbs / 61.23 kg,61.23,Cobra Kai MMA Dojo,full/0ddb76362b24f5880de692a31dcea18c6783c343.jpg,200,300,10.0
362805,Chungreng Koren,https://www.sherdog.com/fighter/Chungreng-Koren-362805,2026-08-19T06:34:24.056524+00:00,"Feb 1, 1998",1998-02-01,India,"5'6"" / 167.64 cm",167.64,140 lbs / 63.5 kg,63.5,Warrior's Cove Mixed Martial Arts,full/2691ce4480ba40fecc8902598681834f58078112.jpg,200,300,10.1
291011,Haitao Ti,https://www.sherdog.com/fighter/Haitao-Ti-291011,2026-08-19T06:34:24.058975+00:00,"May 8, 2001",2001-05-08,China,"5'8"" / 172.72 cm",172.72,136 lbs / 61.69 kg,61.69,Haoyue Fight Gym,full/ceb438e8893f9a4842a390190bcabec4686570e8.jpg,200,300,12.9
386537,Ryo Tajima,https://www.sherdog.com/fighter/Ryo-Tajima-386537,2026-08-19T06:34:24.062541+00:00,"Aug 14, 1999",1999-08-14,Japan,"5'9"" / 175.26 cm",175.26,135 lbs / 61.23 kg,61.23,Oota Dojo,full/9c67813bb83a2aa9550fdd2b0d3725375f1df2eb.jpg,200,300,16.3
396395,Kimbert Alintozon,https://www.sherdog.com/fighter/Kimbert-Alintozon-396395,2026-08-19T06:34:24.066231+00:00,"Jan 21, 1999",1999-01-21,Philippines,"5'3"" / 160.02 cm",160.02,133 lbs / 60.33 kg,60.33,Catalan MMA,full/5e2469ae7acd79f0cc135310efaa682e843adad8.jpg,200,300,9.5
375262,Rabindra Dhant,https://www.sherdog.com/fighter/Rabindra-Dhant-375262,2026-08-19T06:34:24.068336+00:00,"Nov 30, 1998",1998-11-30,Nepal,"5'9"" / 175.26 cm",175.26,135 lbs / 61.23 kg,61.23,LocknRoll MMA Nepal,full/3317e77768f1681d38147d53be2bac9de615f5fa.jpg,200,300,11.8
415807,Gezhen Re,https://www.sherdog.com/fighter/Gezhen-Re-415807,2026-08-19T06:34:24.070786+00:00,"Feb 28, 2001",2001-02-28,China,"5'8"" / 172.72 cm",172.72,145 lbs / 65.77 kg,65.77,Enbo Fight Club,full/e85a0633514b84e831cb377e26f860c039e53f8f.jpg,200,300,11.2
417981,Dagiisuren Chagnaadorj,https://www.sherdog.com/fighter/Dagiisuren-Chagnaadorj-417981,2026-08-19T06:34:24.073043+00:00,"Dec 31, 1999",1999-12-31,Mongolia,"5'8"" / 172.72 cm",172.72,145 lbs / 65.77 kg,65.77,Shandas Devjee,full/2601d79b26605dc907de35abfdafa173f21fb2bc.jpg,200,300,16.0
432976,Yunosuke Minami,https://www.sherdog.com/fighter/Yunosuke-Minami-432976,2026-08-19T06:34:24.140447+00:00,"Sep 10, 2000",2000-09-10,Japan,"5'6"" / 167.64 cm",167.64,136 lbs / 61.69 kg,61.69,Brave,full/73f758d824cdb275917a03bd8f1897073e90365e.jpg,200,300,11.5
396268,Kasib Murdoch,https://www.sherdog.com/fighter/Kasib-Murdoch-396268,2026-08-19T06:34:24.142792+00:00,"May 15, 2001",2001-05-15,New Zealand,"5'4"" / 162.56 cm",162.56,135 lbs / 61.23 kg,61.23,Freestyle Fighting Gym,full/2f7eec94de13bedf1db723b49b1bd5d9ebbe6257.jpg,200,300,11.6
417171,Gwan Woo Lim,https://www.sherdog.com/fighter/Gwan-Woo-Lim-417171,2026-08-19T06:34:24.145544+00:00,"Jul 27, 2001",2001-07-27,South Korea,"6'2"" / 187.96 cm",187.96,146 lbs / 66.22 kg,66.22,Extreme Combat,full/b55bb62b3c92bbe865f948732ef2ce9d80f73265.jpg,200,300,11.8
305959,Ailinuer Ahejiang,https://www.sherdog.com/fighter/Ailinuer-Ahejiang-305959,2026-08-19T06:34:24.148349+00:00,"Sep 8, 1998",1998-09-08,China,"5'9"" / 175.26 cm",175.26,145 lbs / 65.77 kg,65.77,Warriors Fight Club,full/67af2473800a1f70f2612955edd798b8df545f1c.jpg,200,300,8.5
412410,Yuito Yanagawa,https://www.sherdog.com/fighter/Yuito-Yanagawa-412410,2026-08-19T06:34:24.150939+00:00,"Oct 16, 2000",2000-10-16,Japan,"5'8"" / 172.72 cm",172.72,146 lbs / 66.22 kg,66.22,K-Place,full/9a972e288eaf4b1ea020e2eaf588408d76f0ee43.jpg,200,300,14.2
301259,George Mangos,https://www.sherdog.com/fighter/George-Mangos-301259,2026-08-19T06:34:24.153118+00:00,"Aug 19, 2003",2003-08-19,Australia,"5'9"" / 175.26 cm",175.26,146 lbs / 66.22 kg,66.22,Lion's Den Academy,full/0a81389e975b321ca65362baca789a4b4828fb09.jpg,200,300,19.0
419589,Anelya Toktogonova,https://www.sherdog.com/fighter/Anelya-Toktogonova-419589,2026-08-19T06:34:24.155579+00:00,"Aug 1, 2005",2005-08-01,Kyrgyzstan,"5'2"" / 157.48 cm",157.48,115 lbs / 52.16 kg,52.16,,full/1b8a5f56126b6567bcd83584be45209bbfdb92c1.jpg,200,300,12.5
395317,Machi Fukuda,https://www.sherdog.com/fighter/Machi-Fukuda-395317,2026-08-19T06:34:24.158077+00:00,"Jun 3, 2003",2003-06-03,Japan,"5'0"" / 152.4 cm",152.4,115 lbs / 52.16 kg,52.16,Freelance,full/cf664db90d1dc1b783c774b844ade068c7f4e9fa.jpg,200,300,19.4
443122,Otgonbaatar Boldbaatar,https://www.sherdog.com/fighter/Otgonbaatar-Boldbaatar-443122,2026-08-19T06:34:24.160772+00:00,"Dec 25, 2002",2002-12-25,Mongolia,"5'6"" / 167.64 cm",167.64,125 lbs / 56.7 kg,56.7,Shandas Devjee,full/419c081be6b21e45afc699faf7bcda0651c73289.jpg,200,300,17.7
392953,Takaya Suzuki,https://www.sherdog.com/fighter/Takaya-Suzuki-392953,2026-08-19T06:34:24.164311+00:00,"Sep 8, 2004",2004-09-08,Japan,"5'7"" / 170.18 cm",170.18,125 lbs / 56.7 kg,56.7,Kill Cliff FC,full/c26f82e8c22b4ef3cbeced02fa8629c27a989f21.jpg,200,300,7.8
405923,Ryoga Arimoto,https://www.sherdog.com/fighter/Ryoga-Arimoto-405923,2026-08-19T06:34:24.166974+00:00,"Dec 7, 1998",1998-12-07,Japan,"5'3"" / 160.02 cm",160.02,126 lbs / 57.15 kg,57.15,Gonz Gym,full/864dffdca389023301585a04a30d9271e3ff8368.jpg,200,300,10.6
403110,Joseph Larcinese,https://www.sherdog.com/fighter/Joseph-Larcinese-403110,2026-08-19T06:34:24.169914+00:00,"Oct 1, 1998",1998-10-01,Australia,"5'4"" / 162.56 cm",162.56,125 lbs / 56.7 kg,56.7,Igor MMA,full/9405779d173e9cf375e0952585c6e6df71604b77.jpg,200,300,14.7
241311,Meng Ding,https://www.sherdog.com/fighter/Meng-Ding-241311,2026-08-19T06:34:24.172877+00:00,"Sep 27, 1994",1994-09-27,China,"6'2"" / 187.96 cm",187.96,171 lbs / 77.56 kg,77.56,Black Tiger Fight Club,full/6bfdeb9d5d405fe0d3cf36300fb71e92f6b3aca8.jpg,200,300,8.1
362437,Jose Henrique Souza,https://www.sherdog.com/fighter/Jose-Henrique-Souza-362437,2026-08-19T06:34:24.177202+00:00,"May 23, 2002",2002-05-23,Brazil,"6'3"" / 190.5 cm",190.5,171 lbs / 77.56 kg,77.56,Nova Uniao MPBJJ,full/c07e26baa2eeecc837a5296ca22b9104c5a0c92b.jpg,200,300,10.7
390123,Yi Sak Lee,https://www.sherdog.com/fighter/Yi-Sak-Lee-390123,2026-08-19T06:34:24.180569+00:00,"Jan 11, 2000",2000-01-11,South Korea,"6'0"" / 182.88 cm",182.88,185 lbs / 83.91 kg,83.91,Korean Top Team,full/ebaf31d6394081388ceafeb51d600f19ea61fd62.jpg,200,300,9.6
257975,Luis Felipe Dias,https://www.sherdog.com/fighter/Luis-Felipe-Dias-257975,2026-08-19T06:34:24.183161+00:00,"Jan 17, 1995",1995-01-17,Brazil,"5'10"" / 177.8 cm",177.8,185 lbs / 83.91 kg,83.91,Parana Vale Tudo,full/7e5eaaa1c0cdabc442a6a3a42b6ee9160e631ba4.jpg,200,300,12.0
333455,Otari Tanzilovi,https://www.sherdog.com/fighter/Otari-Tanzilovi-333455,2026-08-19T06:34:24.185838+00:00,"Apr 9, 1998",1998-04-09,Georgia,"5'9"" / 175.26 cm",175.26,138 lbs / 62.6 kg,62.6,Guram Fight Club,full/a77cb87c4713d7d4bbe0fc4137dcb8ccb3ccab3e.jpg,200,300,8.5
319747,Shane Collins,https://www.sherdog.com/fighter/Shane-Collins-319747,2026-08-19T06:34:24.188068+00:00,"Mar 8, 2000",2000-03-08,United States,"5'10"" / 177.8 cm",177.8,145 lbs / 65.77 kg,65.77,,full/f99f7c49f10dfac427a1054a08ab571589af3865.jpg,200,300,17.5
158231,Leon Shahbazyan,https://www.sherdog.com/fighter/Leon-Shahbazyan-158231,2026-08-19T06:34:24.190815+00:00,"Nov 18, 1995",1995-11-18,United States,"6'4"" / 193.04 cm",193.04,185 lbs / 83.91 kg,83.91,Glendale Fighting Club,full/352c20cc57940db40be617ff83faf3076502e593.jpg,200,300,9.6
303143,Levan Chokheli,https://www.sherdog.com/fighter/Levan-Chokheli-303143,2026-08-19T06:34:24.193313+00:00,"Oct 2, 1996",1996-10-02,Georgia,"6'1"" / 185.42 cm",185.42,170 lbs / 77.11 kg,77.11,Phoenix Sportakademie Kassel,full/d3e031d9edd15c4b94bc7e957836f4a7951b61c3.jpg,200,300,13.5
348445,Jefferson Nascimento,https://www.sherdog.com/fighter/Jefferson-Nascimento-348445,2026-08-19T06:34:24.195761+00:00,"Nov 19, 1998",1998-11-19,Brazil,"5'8"" / 172.72 cm",172.72,170 lbs / 77.11 kg,77.11,Renovacao Fight Team,full/6ba3180ec0d505ca04ee8bad84a7a11f89192988.jpg,200,300,16.9
245135,Tahir Abdullayev,https://www.sherdog.com/fighter/Tahir-Abdullayev-245135,2026-08-19T06:34:24.198159+00:00,"Feb 2, 1997",1997-02-02,Azerbaijan,"5'8"" / 172.72 cm",172.72,170 lbs / 77.11 kg,77.11,Phuket Top Team,full/667b2831888588170063e46409c2071ed0ebfce5.jpg,200,300,10.7
421802,Damien Anderson,https://www.sherdog.com/fighter/Damien-Anderson-421802,2026-08-19T06:34:24.203213+00:00,"Jan 4, 1997",1997-01-04,United States,"5'7"" / 170.18 cm",170.18,145 lbs / 65.77 kg,65.77,,full/2410ec1fbef6a8fec4513124ce43c507909ed866.jpg,200,300,17.6
415646,Ezra Elliott,https://www.sherdog.com/fighter/Ezra-Elliott-415646,2026-08-19T06:34:24.205290+00:00,"May 18, 2000",2000-05-18,United States,"5'10"" / 177.8 cm",177.8,148 lbs / 67.13 kg,67.13,MMA Lab,full/02a8c5d61072476a4882fbfb2b36814ffae80196.jpg,200,300,18.9
343575,Damian Rzepecki,https://www.sherdog.com/fighter/Damian-Rzepecki-343575,2026-08-19T06:34:24.207459+00:00,"Nov 23, 2001",2001-11-23,Poland,"5'10"" / 177.8 cm",177.8,155 lbs / 70.31 kg,70.31,Top Fit Center Piotrkow Trybunalski,full/a20d4acc89ecdc9f66310e7c747291d109b26306.jpg,200,300,14.8
383513,Magomed Zaynukov,https://www.sherdog.com/fighter/Magomed-Zaynukov-383513,2026-08-19T06:34:24.209698+00:00,"Jan 2, 1995",1995-01-02,Russia,"5'11"" / 180.34 cm",180.34,155 lbs / 70.31 kg,70.31,Abdulmanap Nurmagomedov School,full/dbc19ff832a2fa83936679c1114e4a35d304746d.jpg,200,300,9.7
400410,Yun Seong Jang,https://www.sherdog.com/fighter/Yun-Seong-Jang-400410,2026-08-19T06:35:27.949431+00:00,"Nov 4, 2002",2002-11-04,South Korea,"6'0"" / 182.88 cm",182.88,185 lbs / 83.91 kg,83.91,Korean Zombie MMA,full/dc18f5520a9b4c15756c76b4e7169eaa5fd27d0e.jpg,200,300,8.8
152391,Kitt Campbell,https://www.sherdog.com/fighter/Kitt-Campbell-152391,2026-08-19T06:35:27.953334+00:00,"Jun 26, 1994",1994-06-26,Australia,"6'2"" / 187.96 cm",187.96,171 lbs / 77.56 kg,77.56,Pro Fitness MMA,full/d95a2b916645af2837f23bab060b627a9dc424c7.jpg,200,300,13.6
161787,Aziz Khaydarov,https://www.sherdog.com/fighter/Aziz-Khaydarov-161787,2026-08-19T06:35:28.344125+00:00,"Sep 25, 1993",1993-09-25,Tajikistan,"5'11"" / 180.34 cm",180.34,155 lbs / 70.31 kg,70.31,Fight Club Akhmat,full/19abb4f5a15a08248a89a44d4f60eb66c70d8be0.jpg,200,300,10.2
289927,Jonathan Piersma,https://www.sherdog.com/fighter/Jonathan-Piersma-289927,2026-08-19T06:35:28.442208+00:00,"Mar 3, 1996",1996-03-03,United States,"5'11"" / 180.34 cm",180.34,173 lbs / 78.47 kg,78.47,Synthesis BJJ,full/77f741e93285d7e63eeb673e82df500930905c86.jpg,200,300,18.8
300319,Lisa Kyriacou,https://www.sherdog.com/fighter/Lisa-Kyriacou-300319,2026-08-19T06:35:33.055826+00:00,"Nov 17, 1993",1993-11-17,Australia,"5'5"" / 165.1 cm",165.1,125 lbs / 56.7 kg,56.7,Absolute MMA,full/96c27f01db662c8276758f5790c9518008b03b7c.jpg,200,300,11.2
242711,Qihui Yan,https://www.sherdog.com/fighter/Qihui-Yan-242711,2026-08-19T06:35:33.059238+00:00,"Sep 21, 1996",1996-09-21,China,"5'3"" / 160.02 cm",160.02,125 lbs / 56.7 kg,56.7,Xin-Du Martial Arts Club,full/5fbd88487d5beb0d332f171ccb89b7b303bb679d.jpg,200,300,13.6
239613,Danni McCormack,https://www.sherdog.com/fighter/Danni-McCormack-239613,2026-08-19T06:35:33.063146+00:00,"Mar 15, 1990",1990-03-15,Ireland,"5'6"" / 167.64 cm",167.64,126 lbs / 57.15 kg,57.15,SBG Ireland,full/fd7312ea2d3717738b8d1cca1a9d3e01c282eb4a.jpg,200,300,12.8
307287,Samandar Murodov,https://www.sherdog.com/fighter/Samandar-Murodov-307287,2026-08-19T06:35:33.067002+00:00,"Aug 28, 1999",1999-08-28,Tajikistan,"6'1"" / 185.42 cm",185.42,170 lbs / 77.11 kg,77.11,Fight Club Akhmat Tajikistan,full/36fd1c0d3932524229a77830d35f57c958f78a22.jpg,200,300,13.6
386001,Mansher Khera,https://www.sherdog.com/fighter/Mansher-Khera-386001,2026-08-19T06:35:33.069532+00:00,"Apr 15, 1992",1992-04-15,United States,"5'10"" / 177.8 cm",177.8,169 lbs / 76.66 kg,76.66,UFC Gym Hoboken,full/1c43ad38bf2792934b1c6a67e43f27803636f9de.jpg,200,300,16.7
427568,Shogo Sato,https://www.sherdog.com/fighter/Shogo-Sato-427568,2026-08-19T06:35:33.072386+00:00,"Jun 8, 1993",1993-06-08,Japan,"5'7"" / 170.18 cm",170.18,170 lbs / 77.11 kg,77.11,United Gym Tokyo,full/948f4d4055618dd41eb3d11cbf9aed82e93c8c22.jpg,200,300,7.6
117911,Gian Siqueira,https://www.sherdog.com/fighter/Gian-Siqueira-117911,2026-08-19T06:35:33.496031+00:00,"Jun 23, 1994",1994-06-23,Brazil,"6'0"" / 182.88 cm",182.88,175 lbs / 79.38 kg,79.38,Astra Fight Team,full/397bda0b4c74d6251c55059737fa3017ca693784.jpg,200,300,12.9
154077,Chris Hofmann,https://www.sherdog.com/fighter/Chris-Hofmann-154077,2026-08-19T06:35:46.645479+00:00,"Nov 18, 1989",1989-11-18,Philippines,"6'0"" / 182.88 cm",182.88,171 lbs / 77.56 kg,77.56,Deftac Philippines,full/e06b98549e8f1e328767812659eb126808797986.jpg,200,300,11.1
267159,William Sousa Araujo,https://www.sherdog.com/fighter/William-Sousa-Araujo-267159,2026-08-19T06:35:50.987102+00:00,"Dec 3, 1992",1992-12-03,Brazil,"5'7"" / 170.18 cm",170.18,135 lbs / 61.23 kg,61.23,Punho do Dragao,full/06750042ca3546753bbb0eb81887e4093da8ed0e.jpg,200,300,11.3
246531,Sang Hoon Yoo,https://www.sherdog.com/fighter/Sang-Hoon-Yoo-246531,2026-08-19T06:35:46.672956+00:00,"Jan 18, 1990",1990-01-18,South Korea,"6'0"" / 182.88 cm",182.88,171 lbs / 77.56 kg,77.56,Busan Team MAD,full/0a770dd665c03bd8a22dfccb8b2473ebeb95fed1.jpg,200,300,10.8
257307,Francisco de Assis Lima da Silva,https://www.sherdog.com/fighter/Francisco-de-Assis-Lima-da-Silva-257307,2026-08-19T06:35:50.964946+00:00,"Mar 10, 1986",1986-03-10,Brazil,"5'5"" / 165.1 cm",165.1,125 lbs / 56.7 kg,56.7,Paulo Miranda MMA,full/c88376cc98f788a94388756a4b3930c57778b6b6.jpg,200,300,10.3
200929,Andrade Silva,https://www.sherdog.com/fighter/Andrade-Silva-200929,2026-08-19T06:35:50.967852+00:00,"Aug 19, 1991",1991-08-19,Brazil,"5'4"" / 162.56 cm",162.56,134 lbs / 60.78 kg,60.78,Escorpiao Fight Team,full/b3475bcafbc4cadecf58a642d9d17aa59003257e.jpg,200,300,21.8
271543,Felipe Kellwyn Barros dos Santos,https://www.sherdog.com/fighter/Felipe-Kellwyn-Barros-dos-Santos-271543,2026-08-19T06:35:50.971441+00:00,,,Brazil,,,154 lbs / 69.85 kg,69.85,Pitbull Fighter,full/74aa0c246cb4a83d5ce2794f472b5c7e86944469.jpg,200,300,15.2
137391,Pedro Henrique Santos,https://www.sherdog.com/fighter/Pedro-Henrique-Santos-137391,2026-08-19T06:35:50.974382+00:00,"Apr 21, 1993",1993-04-21,Brazil,"5'8"" / 172.72 cm",172.72,183 lbs / 83.01 kg,83.01,Daniel Oliveira Methodology,full/4d5bbb4189a8eaf5febcfa0c3fc45fbdbae6122e.jpg,200,300,17.3
98347,Paulo Sergio de Oliveira Rego,https://www.sherdog.com/fighter/Paulo-Sergio-de-Oliveira-Rego-98347,2026-08-19T06:35:50.977540+00:00,"Nov 15, 1987",1987-11-15,Brazil,"5'6"" / 167.64 cm",167.64,170 lbs / 77.11 kg,77.11,Breno Santos Muay Thai,full/6b8114a2d05860e32dba6e17bd6b607ff83dc486.jpg,200,300,8.7
164219,Lucas Martins Alves,https://www.sherdog.com/fighter/Lucas-Martins-Alves-164219,2026-08-19T06:35:50.979948+00:00,,,Brazil,,,145 lbs / 65.77 kg,65.77,,full/a45bcf9d02c946fe2e588c8b9c56166bf1afda3e.jpg,200,300,8.6
73494,Antonio Marcos Alves da Cruz,https://www.sherdog.com/fighter/Antonio-Marcos-Alves-da-Cruz-73494,2026-08-19T06:35:50.982065+00:00,"Aug 18, 1986",1986-08-18,Brazil,"5'8"" / 172.72 cm",172.72,145 lbs / 65.77 kg,65.77,Checkmat,full/d03ed40256b6307cd6c09f4e3552de2150f5cdd2.jpg,200,300,9.2
39373,Magno Silva de Sousa,https://www.sherdog.com/fighter/Magno-Silva-de-Sousa-39373,2026-08-19T06:35:50.984389+00:00,"Aug 13, 1989",1989-08-13,Brazil,"5'6"" / 167.64 cm",167.64,155 lbs / 70.31 kg,70.31,Jenilto Matos MMA,full/833567eb6456508bd89d2c04f9ef2d7f0963607a.jpg,200,300,6.6
265053,Marcos Antonio Carvalho,https://www.sherdog.com/fighter/Marcos-Antonio-Carvalho-265053,2026-08-19T06:35:50.989707+00:00,"Nov 12, 1986",1986-11-12,Brazil,"5'6"" / 167.64 cm",167.64,135 lbs / 61.23 kg,61.23,Elite Boxe,full/05c6ea24fa7cd0a8893c0ed4b3b3ae90ccfe6003.jpg,200,300,11.1
147353,Joao Paulo Silva,https://www.sherdog.com/fighter/Joao-Paulo-Silva-147353,2026-08-19T06:35:50.991846+00:00,"Apr 16, 1996",1996-04-16,Brazil,"6'0"" / 182.88 cm",182.88,265 lbs / 120.2 kg,120.2,Equipe Ab Fight,full/6dac2d8b9e5470e5985597be462af77f250ae09d.jpg,200,300,8.1
203933,Natalicio Nascimento Filho,https://www.sherdog.com/fighter/Natalicio-Nascimento-Filho-203933,2026-08-19T06:35:50.994167+00:00,"Aug 3, 1989",1989-08-03,Brazil,"5'10"" / 177.8 cm",177.8,265 lbs / 120.2 kg,120.2,Nabruta Fight Team,full/b2d0ea779837111c97172f067bf2c456e142ad4e.jpg,200,300,9.5
271547,Fernando Fernando,https://www.sherdog.com/fighter/Fernando-Fernando-271547,2026-08-19T06:35:51.028128+00:00,,,Brazil,,,155 lbs / 70.31 kg,70.31,,full/4837b57adc368ff1228a705f351e407fd621e079.jpg,200,300,10.7
271545,Sivaldo Lisboa Paz,https://www.sherdog.com/fighter/Sivaldo-Lisboa-Paz-271545,2026-08-19T06:35:51.030433+00:00,,,Brazil,,,155 lbs / 70.31 kg,70.31,,full/3a79b1030a3e9f7378be4c18c273b74a38538d27.jpg,200,300,9.9
271549,Railma Gomes de Oliveira,https://www.sherdog.com/fighter/Railma-Gomes-de-Oliveira-271549,2026-08-19T06:35:51.032057+00:00,,,Brazil,,,115 lbs / 52.16 kg,52.16,,full/45b9ccc7de89e26ab2c45bd9d734588cd0d4be3b.jpg,200,300,12.5
267107,Rayza Goncalves,https://www.sherdog.com/fighter/Rayza-Goncalves-267107,2026-08-19T06:35:51.033712+00:00,,,Brazil,"5'4"" / 162.56 cm",162.56,115 lbs / 52.16 kg,52.16,Anjos Boxe,full/2012e617e922bab307800550df87484996b22054.jpg,200,300,15.2
150391,Eduardo Diez,https://www.sherdog.com/fighter/Eduardo-Diez-150391,2026-08-19T06:36:16.929450+00:00,"Oct 7, 1989",1989-10-07,Brazil,"5'8"" / 172.72 cm",172.72,135 lbs / 61.23 kg,61.23,011 MMA Team,full/61c0fb1361a580eee260e1067230dc4cb90bfc06.jpg,200,300,9.1
58596,Eduardo Romeu,https://www.sherdog.com/fighter/Eduardo-Romeu-58596,2026-08-19T06:36:20.098736+00:00,,,Brazil,,,170 lbs / 77.11 kg,77.11,Romeu Team,full/06750042ca3546753bbb0eb81887e4093da8ed0e.jpg,200,300,11.3
58595,Marcos Santos Rodrigues,https://www.sherdog.com/fighter/Marcos-Santos-Rodrigues-58595,2026-08-19T06:36:20.101115+00:00,,,Brazil,,,170 lbs / 77.11 kg,77.11,Renovacao Fight Team,full/06750042ca3546753bbb0eb81887e4093da8ed0e.jpg,200,300,11.3
58598,Willian Cro Cop,https://www.sherdog.com/fighter/Willian-Cro-Cop-58598,2026-08-19T06:36:20.103039+00:00,,,Brazil,,,125 lbs / 56.7 kg,56.7,,full/06750042ca3546753bbb0eb81887e4093da8ed0e.jpg,200,300,11.3
58597,Thiago Gnomo,https://www.sherdog.com/fighter/Thiago-Gnomo-58597,2026-08-19T06:36:20.105265+00:00,,,Brazil,,,125 lbs / 56.7 kg,56.7,Renovacao Fight Team,full/06750042ca3546753bbb0eb81887e4093da8ed0e.jpg,200,300,11.3
58599,Joao Costa,https://www.sherdog.com/fighter/Joao-Costa-58599,2026-08-19T06:36:20.106918+00:00,,,Brazil,,,135 lbs / 61.23 kg,61.23,Renovacao Fight Team,full/06750042ca3546753bbb0eb81887e4093da8ed0e.jpg,200,300,11.3
115849,Luiz Carlos,https://www.sherdog.com/fighter/Luiz-Carlos-115849,2026-08-19T06:36:20.108940+00:00,,,Brazil,,,135 lbs / 61.23 kg,61.23,Cacadores Team,full/06750042ca3546753bbb0eb81887e4093da8ed0e.jpg,200,300,11.3
21144,Alexsander Andreotte,https://www.sherdog.com/fighter/Alexsander-Andreotte-21144,2026-08-19T06:36:20.116917+00:00,,,Brazil,,,185 lbs / 83.91 kg,83.91,Andreotte MMA,full/06750042ca3546753bbb0eb81887e4093da8ed0e.jpg,200,300,11.3
58604,Bruno Pernambuco,https://www.sherdog.com/fighter/Bruno-Pernambuco-58604,2026-08-19T06:36:20.126220+00:00,,,Brazil,,,185 lbs / 83.91 kg,83.91,JT Caverna,full/06750042ca3546753bbb0eb81887e4093da8ed0e.jpg,200,300,11.3
58605,Fernando Gomes,https://www.sherdog.com/fighter/Fernando-Gomes-58605,2026-08-19T06:36:20.130511+00:00,,,Brazil,,,185 lbs / 83.91 kg,83.91,JT Caverna,full/06750042ca3546753bbb0eb81887e4093da8ed0e.jpg,200,300,11.3
58607,Junior Kamikaze,https://www.sherdog.com/fighter/Junior-Kamikaze-58607,2026-08-19T06:36:20.134355+00:00,,,Brazil,,,135 lbs / 61.23 kg,61.23,Pejor,full/06750042ca3546753bbb0eb81887e4093da8ed0e.jpg,200,300,11.3
74105,Giovanni da Silva Santos Jr.,https://www.sherdog.com/fighter/Giovanni-da-Silva-Santos-Jr-74105,2026-08-19T06:36:16.933658+00:00,"May 2, 1987",1987-05-02,Brazil,"5'6"" / 167.64 cm",167.64,125 lbs / 56.7 kg,56.7,Eduardo Team,full/f4b708aa767e965456ce3b0aaea0cad5b153efe8.jpg,200,300,12.1
50153,Erivaldo Augusto Santos,https://www.sherdog.com/fighter/Erivaldo-Augusto-Santos-50153,2026-08-19T06:36:20.085957+00:00,"Feb 16, 1982",1982-02-16,Brazil,,,135 lbs / 61.23 kg,61.23,Renovacao Fight Team,full/bcd4407917939e7bef024b9549d6df1173419394.jpg,200,300,9.4
29850,Luis Alberto Nogueira,https://www.sherdog.com/fighter/Luis-Alberto-Nogueira-29850,2026-08-19T06:36:20.090529+00:00,"Apr 10, 1982",1982-04-10,Brazil,"5'6"" / 167.64 cm",167.64,135 lbs / 61.23 kg,61.23,Renovacao Fight Team,full/834347a380e231cc4d7942a60663af5253b4ea2f.jpg,200,300,12.4
58600,Maria Elisabete Tavares,https://www.sherdog.com/fighter/Maria-Elisabete-Tavares-58600,2026-08-19T06:36:20.111784+00:00,"Sep 27, 1981",1981-09-27,Brazil,"5'4"" / 162.56 cm",162.56,135 lbs / 61.23 kg,61.23,Renovacao Fight Team,full/0b1a4dbd31800499d338d7c1ba56dca8caa6b2c9.jpg,200,300,16.6
56164,Aline Nery,https://www.sherdog.com/fighter/Aline-Nery-56164,2026-08-19T06:36:20.114782+00:00,,,Brazil,,,115 lbs / 52.16 kg,52.16,Renovacao Fight Team,full/e65f20ee02a696da01ba5c37ccdb47f63fee87a8.jpg,200,300,11.4
58601,Vinicius Cruz,https://www.sherdog.com/fighter/Vinicius-Cruz-58601,2026-08-19T06:36:20.118825+00:00,"Oct 28, 1989",1989-10-28,Brazil,"6'1"" / 185.42 cm",185.42,172 lbs / 78.02 kg,78.02,Team Nogueira,full/5b64e3af390e7042eb9a7cfc7a91e07e772de853.jpg,200,300,14.9
77295,Carlos Alberto dos Santos,https://www.sherdog.com/fighter/Carlos-Alberto-dos-Santos-77295,2026-08-19T06:36:20.121477+00:00,,,Brazil,,,155 lbs / 70.31 kg,70.31,Team New Corpore,full/a3f2eea971214ed4d1ca592ffdbc6ac01e4e9a4a.jpg,200,300,11.1
58602,Thiago Luis Nascimento Melo,https://www.sherdog.com/fighter/Thiago-Luis-Nascimento-Melo-58602,2026-08-19T06:36:20.124081+00:00,"Feb 28, 1984",1984-02-28,Brazil,"5'7"" / 170.18 cm",170.18,125 lbs / 56.7 kg,56.7,Careca MMA Team,full/fc5c7263ca5a77a42943a26bd7583ae5cacc0ff7.jpg,200,300,13.0
42579,Daniel Azeredo Oliveira,https://www.sherdog.com/fighter/Daniel-Azeredo-Oliveira-42579,2026-08-19T06:36:20.128538+00:00,,,Brazil,,,185 lbs / 83.91 kg,83.91,Renovacao Fight Team,full/ea6e8898bb7d976d9c60f6a23141ea406e469112.jpg,200,300,9.5
47499,Fabio Araujo Sabino,https://www.sherdog.com/fighter/Fabio-Araujo-Sabino-47499,2026-08-19T06:36:20.132315+00:00,"Nov 13, 1985",1985-11-13,Brazil,,,170 lbs / 77.11 kg,77.11,Careca MMA Team,full/a37cfca8d84a495d7ec2d56872f025bd1ad3f3b5.jpg,200,300,15.9
129345,Eliandro Duarte,https://www.sherdog.com/fighter/Eliandro-Duarte-129345,2026-08-19T06:36:37.633975+00:00,,,Brazil,"5'5"" / 165.1 cm",165.1,155 lbs / 70.31 kg,70.31,Lions Muay Thai,full/06750042ca3546753bbb0eb81887e4093da8ed0e.jpg,200,300,11.3
116519,Marcio Luis,https://www.sherdog.com/fighter/Marcio-Luis-116519,2026-08-19T06:36:37.649917+00:00,,,Brazil,,,265 lbs / 120.2 kg,120.2,Thor Fight,full/06750042ca3546753bbb0eb81887e4093da8ed0e.jpg,200,300,11.3
84533,Cristiane Camargo,https://www.sherdog.com/fighter/Cristiane-Camargo-84533,2026-08-19T06:36:37.664311+00:00,,,Brazil,,,145 lbs / 65.77 kg,65.77,CT 2 Brothers,full/06750042ca3546753bbb0eb81887e4093da8ed0e.jpg,200,300,11.3
124131,Wagner Sagat,https://www.sherdog.com/fighter/Wagner-Sagat-124131,2026-08-19T06:36:37.666292+00:00,,,Brazil,,,205 lbs / 92.99 kg,92.99,,full/06750042ca3546753bbb0eb81887e4093da8ed0e.jpg,200,300,11.3
124129,Luiz Gabriel,https://www.sherdog.com/fighter/Luiz-Gabriel-124129,2026-08-19T06:36:37.668038+00:00,,,Brazil,,,,,,full/06750042ca3546753bbb0eb81887e4093da8ed0e.jpg,200,300,11.3
124135,Khristhian Silva,https://www.sherdog.com/fighter/Khristhian-Silva-124135,2026-08-19T06:36:37.674546+00:00,,,Brazil,,,,,,full/06750042ca3546753bbb0eb81887e4093da8ed0e.jpg,200,300,11.3
124139,Paulo Avezum,https://www.sherdog.com/fighter/Paulo-Avezum-124139,2026-08-19T06:36:37.679459+00:00,,,Brazil,,,,,,full/06750042ca3546753bbb0eb81887e4093da8ed0e.jpg,200,300,11.3
124137,Fernando Natalino,https://www.sherdog.com/fighter/Fernando-Natalino-124137,2026-08-19T06:36:37.681063+00:00,,,Brazil,,,,,,full/06750042ca3546753bbb0eb81887e4093da8ed0e.jpg,200,300,11.3
124143,Guilherme Trindade,https://www.sherdog.com/fighter/Guilherme-Trindade-124143,2026-08-19T06:36:37.682639+00:00,,,Brazil,,,,,,full/06750042ca3546753bbb0eb81887e4093da8ed0e.jpg,200,300,11.3
124145,Fabio Barberato,https://www.sherdog.com/fighter/Fabio-Barberato-124145,2026-08-19T06:36:37.688136+00:00,,,Brazil,,,,,,full/06750042ca3546753bbb0eb81887e4093da8ed0e.jpg,200,300,11.3
257631,Ramon Bermudez,https://www.sherdog.com/fighter/Ramon-Bermudez-257631,2026-08-19T06:36:37.689679+00:00,,,Venezuela,,,155 lbs / 70.31 kg,70.31,,full/06750042ca3546753bbb0eb81887e4093da8ed0e.jpg,200,300,11.3
257619,Alexis Sanchez,https://www.sherdog.com/fighter/Alexis-Sanchez-257619,2026-08-19T06:36:37.693981+00:00,,,Venezuela,,,155 lbs / 70.31 kg,70.31,,full/06750042ca3546753bbb0eb81887e4093da8ed0e.jpg,200,300,11.3
257617,Jose Carrillo,https://www.sherdog.com/fighter/Jose-Carrillo-257617,2026-08-19T06:36:37.695632+00:00,,,Venezuela,,,155 lbs / 70.31 kg,70.31,,full/06750042ca3546753bbb0eb81887e4093da8ed0e.jpg,200,300,11.3
257623,Augusto Acosta,https://www.sherdog.com/fighter/Augusto-Acosta-257623,2026-08-19T06:36:37.697178+00:00,,,Venezuela,,,155 lbs / 70.31 kg,70.31,,full/06750042ca3546753bbb0eb81887e4093da8ed0e.jpg,200,300,11.3
257621,Darril Ortega,https://www.sherdog.com/fighter/Darril-Ortega-257621,2026-08-19T06:36:37.701006+00:00,,,Venezuela,,,155 lbs / 70.31 kg,70.31,,full/06750042ca3546753bbb0eb81887e4093da8ed0e.jpg,200,300,11.3
257627,Edward Perez,https://www.sherdog.com/fighter/Edward-Perez-257627,2026-08-19T06:36:37.702395+00:00,,,Venezuela,,,170 lbs / 77.11 kg,77.11,,full/06750042ca3546753bbb0eb81887e4093da8ed0e.jpg,200,300,11.3
257625,Hector Calles,https://www.sherdog.com/fighter/Hector-Calles-257625,2026-08-19T06:36:37.704130+00:00,,,Venezuela,,,176 lbs / 79.83 kg,79.83,,full/06750042ca3546753bbb0eb81887e4093da8ed0e.jpg,200,300,11.3
161563,Roger Vargas,https://www.sherdog.com/fighter/Roger-Vargas-161563,2026-08-19T06:36:37.705681+00:00,,,Venezuela,,,155 lbs / 70.31 kg,70.31,Venezuela Top Team,full/06750042ca3546753bbb0eb81887e4093da8ed0e.jpg,200,300,11.3
75381,Ruben Villavicencio,https://www.sherdog.com/fighter/Ruben-Villavicencio-75381,2026-08-19T06:36:37.707439+00:00,,,Venezuela,"5'8"" / 172.72 cm",172.72,155 lbs / 70.31 kg,70.31,,full/06750042ca3546753bbb0eb81887e4093da8ed0e.jpg,200,300,11.3
131747,Thiago Augusto,https://www.sherdog.com/fighter/Thiago-Augusto-131747,2026-08-19T06:36:37.710934+00:00,,,Brazil,,,170 lbs / 77.11 kg,77.11,Sombra Team,full/06750042ca3546753bbb0eb81887e4093da8ed0e.jpg,200,300,11.3
131745,Marcelo Mesquita,https://www.sherdog.com/fighter/Marcelo-Mesquita-131745,2026-08-19T06:36:37.712534+00:00,,,Brazil,,,170 lbs / 77.11 kg,77.11,Mesquita Fight Team,full/06750042ca3546753bbb0eb81887e4093da8ed0e.jpg,200,300,11.3
131751,Leandro Leo Bock,https://www.sherdog.com/fighter/Leandro-Leo-Bock-131751,2026-08-19T06:36:37.714139+00:00,,,Brazil,,,155 lbs / 70.31 kg,70.31,Mesquita Fight Team,full/06750042ca3546753bbb0eb81887e4093da8ed0e.jpg,200,300,11.3
131749,Reginaldo Albrecht,https://www.sherdog.com/fighter/Reginaldo-Albrecht-131749,2026-08-19T06:36:37.715566+00:00,,,Brazil,,,155 lbs / 70.31 kg,70.31,Fight Club Training Center,full/06750042ca3546753bbb0eb81887e4093da8ed0e.jpg,200,300,11.3
129349,Ivonei Siqueira,https://www.sherdog.com/fighter/Ivonei-Siqueira-129349,2026-08-19T06:36:37.717050+00:00,,,Brazil,"5'9"" / 175.26 cm",175.26,185 lbs / 83.91 kg,83.91,Altair Ribeiro Team,full/06750042ca3546753bbb0eb81887e4093da8ed0e.jpg,200,300,11.3
119235,Vinicius Teixeira,https://www.sherdog.com/fighter/Vinicius-Teixeira-119235,2026-08-19T06:36:37.718672+00:00,,,Brazil,"5'11"" / 180.34 cm",180.34,185 lbs / 83.91 kg,83.91,Sombra Team,full/06750042ca3546753bbb0eb81887e4093da8ed0e.jpg,200,300,11.3
116613,Guilherme Jantara,https://www.sherdog.com/fighter/Guilherme-Jantara-116613,2026-08-19T06:36:37.720478+00:00,,,Brazil,"5'10"" / 177.8 cm",177.8,155 lbs / 70.31 kg,70.31,Jantara Jiu-Jitsu,full/06750042ca3546753bbb0eb81887e4093da8ed0e.jpg,200,300,11.3
58021,Matt Munsey,https://www.sherdog.com/fighter/Matt-Munsey-58021,2026-08-19T06:36:37.724299+00:00,"Jan 21, 1987",1987-01-21,United States,"5'8"" / 172.72 cm",172.72,140 lbs / 63.5 kg,63.5,C4 MMA,full/06750042ca3546753bbb0eb81887e4093da8ed0e.jpg,200,300,11.3
25607,Rafael de Freitas,https://www.sherdog.com/fighter/Rafael-de-Freitas-25607,2026-08-19T06:36:37.728880+00:00,"Oct 4, 1983",1983-10-04,Brazil,"5'6"" / 167.64 cm",167.64,125 lbs / 56.7 kg,56.7,Gracie Barra New Mexico,full/06750042ca3546753bbb0eb81887e4093da8ed0e.jpg,200,300,11.3
13699,Andre Luis de Oliveira,https://www.sherdog.com/fighter/Andre-Luis-de-Oliveira-13699,2026-08-19T06:36:20.137898+00:00,"May 2, 1978",1978-05-02,Brazil,"5'10"" / 177.8 cm",177.8,135 lbs / 61.23 kg,61.23,Renovacao Fight Team,full/3cdf52cf76530b519c3a50973a0022a0d9b5cb45.jpg,200,300,12.4
34362,Douglas Humberto Queiroz Silva,https://www.sherdog.com/fighter/Douglas-Humberto-Queiroz-Silva-34362,2026-08-19T06:36:37.658628+00:00,"Jun 16, 1982",1982-06-16,Brazil,"6'5"" / 195.58 cm",195.58,255 lbs / 115.67 kg,115.67,Nova Uniao,full/5f880615979453deeb9ee8ab809f45b9b58bf027.jpg,200,300,19.1
124127,Ana Maria Cristina Felicio Parreira,https://www.sherdog.com/fighter/Ana-Maria-Cristina-Felicio-Parreira-124127,2026-08-19T06:36:37.661226+00:00,"Dec 6, 1974",1974-12-06,Brazil,"5'2"" / 157.48 cm",157.48,132 lbs / 59.87 kg,59.87,Checkmat,full/98e2ef8ccf185e7a7f68b477e8c6602aeb4d0b7b.jpg,200,300,7.8
35909,Altinezio Ribeiro Oliveira Neto,https://www.sherdog.com/fighter/Altinezio-Ribeiro-Oliveira-Neto-35909,2026-08-19T06:36:37.669929+00:00,"Mar 30, 1985",1985-03-30,Brazil,"5'6"" / 167.64 cm",167.64,145 lbs / 65.77 kg,65.77,Gracie Elite Frutal,full/de8916d1ee20705d08ca1737a903a5b381e67b14.jpg,200,300,11.7
115651,Jackson Silva Marques,https://www.sherdog.com/fighter/Jackson-Silva-Marques-115651,2026-08-19T06:36:37.671953+00:00,"Jan 7, 1990",1990-01-07,Brazil,"5'7"" / 170.18 cm",170.18,145 lbs / 65.77 kg,65.77,CTC Nova Uniao,full/9ab8d701057de9abaf1ec26bad8ccd37e822ee16.jpg,200,300,12.4
124133,Vitor Hugo Rodrigues Passos,https://www.sherdog.com/fighter/Vitor-Hugo-Rodrigues-Passos-124133,2026-08-19T06:36:37.677665+00:00,"Oct 17, 1977",1977-10-17,Brazil,"5'11"" / 180.34 cm",180.34,205 lbs / 92.99 kg,92.99,Libra CT,full/55c4f8d660f2e4bf09f5b88a1c76b7b8c0cb6b29.jpg,200,300,13.4
124141,Joao Francisco,https://www.sherdog.com/fighter/Joao-Francisco-124141,2026-08-19T06:36:37.684342+00:00,"Oct 15, 1983",1983-10-15,Brazil,"5'10"" / 177.8 cm",177.8,145 lbs / 65.77 kg,65.77,CTC Nova Uniao,full/a6bcc9f8a62b33addb95c40f32cdb12d2aa71a45.jpg,200,300,13.5
102975,Carlos Gedean Nevitton,https://www.sherdog.com/fighter/Carlos-Gedean-Nevitton-102975,2026-08-19T06:36:37.686353+00:00,,,Brazil,"5'8"" / 172.72 cm",172.72,155 lbs / 70.31 kg,70.31,Gold Champion Team,full/6e68f2083ca2432c709b02f50cbe5f63c2a79eef.jpg,200,300,13.0
75386,Ilianovich Chalo,https://www.sherdog.com/fighter/Ilianovich-Chalo-75386,2026-08-19T06:36:37.691349+00:00,,,Venezuela,,,155 lbs / 70.31 kg,70.31,Bonebreakers MMA,full/6d4399bc4c29429dbd4f8e950429b2b96edf32c8.jpg,200,300,12.4
118663,Arisson Dubal,https://www.sherdog.com/fighter/Arisson-Dubal-118663,2026-08-19T06:36:37.709095+00:00,,,Brazil,"5'6"" / 167.64 cm",167.64,145 lbs / 65.77 kg,65.77,Team Nogueira Porto Alegre,full/217af9bf8cbdb5173a682f75128db6fabf4717d4.jpg,200,300,10.2
108125,Maicon Miler,https://www.sherdog.com/fighter/Maicon-Miler-108125,2026-08-19T06:36:37.722211+00:00,"Jun 27, 1989",1989-06-27,Brazil,"5'8"" / 172.72 cm",172.72,155 lbs / 70.31 kg,70.31,Sombra Team MMA,full/c9a3b1f924a51c9a7df7d42a4ff62e16415380fe.jpg,200,300,17.3
58124,Anthony Gutierrez,https://www.sherdog.com/fighter/Anthony-Gutierrez-58124,2026-08-19T06:36:37.726402+00:00,"Sep 29, 1990",1990-09-29,United States,"5'10"" / 177.8 cm",177.8,145 lbs / 65.77 kg,65.77,K2L Grindhouse,full/ea6bfc45950f0ba83664502ffdc7a16d4c44f959.jpg,200,300,8.7
21129,Dave Mewborn,https://www.sherdog.com/fighter/Dave-Mewborn-21129,2026-08-19T06:36:58.660983+00:00,"Aug 13, 1980",1980-08-13,United States,"6'3"" / 190.5 cm",190.5,185 lbs / 83.91 kg,83.91,Hardcore Gym,full/06750042ca3546753bbb0eb81887e4093da8ed0e.jpg,200,300,11.3
20796,Nick   Klein,https://www.sherdog.com/fighter/Nick-Klein-20796,2026-08-19T06:36:58.664479+00:00,"May 15, 1984",1984-05-15,United States,,,185 lbs / 83.91 kg,83.91,,full/06750042ca3546753bbb0eb81887e4093da8ed0e.jpg,200,300,11.3
12286,Brandon Garner,https://www.sherdog.com/fighter/Brandon-Garner-12286,2026-08-19T06:36:58.666753+00:00,"Jul 7, 1981",1981-07-07,United States,"5'6"" / 167.64 cm",167.64,145 lbs / 65.77 kg,65.77,Team ROC,full/06750042ca3546753bbb0eb81887e4093da8ed0e.jpg,200,300,11.3
17387,Cody Bollinger,https://www.sherdog.com/fighter/Cody-Bollinger-17387,2026-08-19T06:36:37.731684+00:00,"Mar 18, 1991",1991-03-18,United States,"5'10"" / 177.8 cm",177.8,155 lbs / 70.31 kg,70.31,Millennia MMA,full/e81d422630f3996fd5940adb16f32b26482a067c.jpg,200,300,16.9
885,Jack McLaughlin,https://www.sherdog.com/fighter/Jack-McLaughlin-885,2026-08-19T06:37:00.486707+00:00,"Oct 1, 1961",1961-10-01,United States,"5'10"" / 177.8 cm",177.8,218 lbs / 98.88 kg,98.88,,full/06750042ca3546753bbb0eb81887e4093da8ed0e.jpg,200,300,11.3
117,Francesco Maturi,https://www.sherdog.com/fighter/Francesco-Maturi-117,2026-08-19T06:37:00.491697+00:00,,,Canada,"5'11"" / 180.34 cm",180.34,240 lbs / 108.86 kg,108.86,,full/06750042ca3546753bbb0eb81887e4093da8ed0e.jpg,200,300,11.3
116,Onassis Parungao,https://www.sherdog.com/fighter/Onassis-Parungao-116,2026-08-19T06:37:00.493437+00:00,,,Philippines,"5'11"" / 180.34 cm",180.34,205 lbs / 92.99 kg,92.99,,full/06750042ca3546753bbb0eb81887e4093da8ed0e.jpg,200,300,11.3
132,Matt Andersen,https://www.sherdog.com/fighter/Matt-Andersen-132,2026-08-19T06:37:00.495219+00:00,"May 29, 1971",1971-05-29,United States,"6'2"" / 187.96 cm",187.96,245 lbs / 111.13 kg,111.13,,full/06750042ca3546753bbb0eb81887e4093da8ed0e.jpg,200,300,11.3
2007,Dieuseul Berto,https://www.sherdog.com/fighter/Dieuseul-Berto-2007,2026-08-19T06:37:00.501524+00:00,"Jul 16, 1960",1960-07-16,United States,"5'9"" / 175.26 cm",175.26,200 lbs / 90.72 kg,90.72,Tiger's World of Martial Arts,full/06750042ca3546753bbb0eb81887e4093da8ed0e.jpg,200,300,11.3
115,Geza Kalman,https://www.sherdog.com/fighter/Geza-Kalman-115,2026-08-19T06:37:00.503435+00:00,,,Canada,"5'10"" / 177.8 cm",177.8,265 lbs / 120.2 kg,120.2,,full/06750042ca3546753bbb0eb81887e4093da8ed0e.jpg,200,300,11.3
151,Eric Martin,https://www.sherdog.com/fighter/Eric-Martin-151,2026-08-19T06:37:00.505759+00:00,,,United States,"6'4"" / 193.04 cm",193.04,229 lbs / 103.87 kg,103.87,,full/06750042ca3546753bbb0eb81887e4093da8ed0e.jpg,200,300,11.3
204,Paulo Santos,https://www.sherdog.com/fighter/Paulo-Santos-204,2026-08-19T06:37:00.521853+00:00,,,,,,,,,full/06750042ca3546753bbb0eb81887e4093da8ed0e.jpg,200,300,11.3
203,Cesar Marcussi,https://www.sherdog.com/fighter/Cesar-Marcussi-203,2026-08-19T06:37:00.523665+00:00,,,Brazil,,,155 lbs / 70.31 kg,70.31,Ryan Gracie Team,full/06750042ca3546753bbb0eb81887e4093da8ed0e.jpg,200,300,11.3
206,Adriano Santos,https://www.sherdog.com/fighter/Adriano-Santos-206,2026-08-19T06:37:00.528051+00:00,,,,,,,,,full/06750042ca3546753bbb0eb81887e4093da8ed0e.jpg,200,300,11.3
1629,Joey Roberts,https://www.sherdog.com/fighter/Joey-Roberts-1629,2026-08-19T06:37:00.532141+00:00,"Nov 11, 1977",1977-11-11,United States,"6'2"" / 187.96 cm",187.96,205 lbs / 92.99 kg,92.99,Memphis Bad Boyz,full/06750042ca3546753bbb0eb81887e4093da8ed0e.jpg,200,300,11.3
9977,Sione Latu,https://www.sherdog.com/fighter/Sione-Latu-9977,2026-08-19T06:37:00.534105+00:00,,,United States,"6'0"" / 182.88 cm",182.88,214 lbs / 97.07 kg,97.07,,full/06750042ca3546753bbb0eb81887e4093da8ed0e.jpg,200,300,11.3
4591,Cam McHargue,https://www.sherdog.com/fighter/Cam-McHargue-4591,2026-08-19T06:37:00.538166+00:00,"May 26, 1969",1969-05-26,USA,"5'11"" / 180.34 cm",180.34,168 lbs / 76.2 kg,76.2,Team Praxis,full/06750042ca3546753bbb0eb81887e4093da8ed0e.jpg,200,300,11.3
2711,John Wehbey,https://www.sherdog.com/fighter/John-Wehbey-2711,2026-08-19T06:37:00.542641+00:00,,,,,,,,,full/06750042ca3546753bbb0eb81887e4093da8ed0e.jpg,200,300,11.3
29614,Ferguson Thomas,https://www.sherdog.com/fighter/Ferguson-Thomas-29614,2026-08-19T06:37:00.544546+00:00,,,,,,,,,full/06750042ca3546753bbb0eb81887e4093da8ed0e.jpg,200,300,11.3
29611,Chris Mize,https://www.sherdog.com/fighter/Chris-Mize-29611,2026-08-19T06:37:00.546333+00:00,,,,,,,,,full/06750042ca3546753bbb0eb81887e4093da8ed0e.jpg,200,300,11.3
29612,Eric Brandino,https://www.sherdog.com/fighter/Eric-Brandino-29612,2026-08-19T06:37:00.548021+00:00,,,,,,,,,full/06750042ca3546753bbb0eb81887e4093da8ed0e.jpg,200,300,11.3
29613,Adam Goss,https://www.sherdog.com/fighter/Adam-Goss-29613,2026-08-19T06:37:00.549553+00:00,,,,,,,,,full/06750042ca3546753bbb0eb81887e4093da8ed0e.jpg,200,300,11.3
268,Mark Hughes,https://www.sherdog.com/fighter/Mark-Hughes-268,2026-08-19T06:37:00.551199+00:00,"Oct 13, 1973",1973-10-13,United States,"5'8"" / 172.72 cm",172.72,185 lbs / 83.91 kg,83.91,Miletich Martial Arts,full/06750042ca3546753bbb0eb81887e4093da8ed0e.jpg,200,300,11.3
24803,Keith Wozniak,https://www.sherdog.com/fighter/Keith-Wozniak-24803,2026-08-19T06:37:00.553558+00:00,,,,,,,,,full/06750042ca3546753bbb0eb81887e4093da8ed0e.jpg,200,300,11.3
29609,Chris Kulhavy,https://www.sherdog.com/fighter/Chris-Kulhavy-29609,2026-08-19T06:37:00.557423+00:00,,,,,,,,,full/06750042ca3546753bbb0eb81887e4093da8ed0e.jpg,200,300,11.3
24630,Brent Parnell,https://www.sherdog.com/fighter/Brent-Parnell-24630,2026-08-19T06:37:00.558764+00:00,,,,,,,,,full/06750042ca3546753bbb0eb81887e4093da8ed0e.jpg,200,300,11.3
29608,Trey Stephens,https://www.sherdog.com/fighter/Trey-Stephens-29608,2026-08-19T06:37:00.560390+00:00,,,,,,,,,full/06750042ca3546753bbb0eb81887e4093da8ed0e.jpg,200,300,11.3
75175,James Middlebrooks,https://www.sherdog.com/fighter/James-Middlebrooks-75175,2026-08-19T06:37:00.568491+00:00,,,,,,,,,full/06750042ca3546753bbb0eb81887e4093da8ed0e.jpg,200,300,11.3
75174,Kyle Hinburn,https://www.sherdog.com/fighter/Kyle-Hinburn-75174,2026-08-19T06:37:00.569985+00:00,,,,,,,,,full/06750042ca3546753bbb0eb81887e4093da8ed0e.jpg,200,300,11.3
24218,Ernie Ward,https://www.sherdog.com/fighter/Ernie-Ward-24218,2026-08-19T06:37:00.571332+00:00,,,,,,,,,full/06750042ca3546753bbb0eb81887e4093da8ed0e.jpg,200,300,11.3
29607,John Sturgis,https://www.sherdog.com/fighter/John-Sturgis-29607,2026-08-19T06:37:00.572738+00:00,,,,,,,,,full/06750042ca3546753bbb0eb81887e4093da8ed0e.jpg,200,300,11.3
7122,Anthony Middlebrooks,https://www.sherdog.com/fighter/Anthony-Middlebrooks-7122,2026-08-19T06:37:00.605279+00:00,,,,,,,,,full/06750042ca3546753bbb0eb81887e4093da8ed0e.jpg,200,300,11.3
5309,Joshua Hancock,https://www.sherdog.com/fighter/Joshua-Hancock-5309,2026-08-19T06:37:00.606987+00:00,"Jan 30, 1974",1974-01-30,United States,"5'10"" / 177.8 cm",177.8,166 lbs / 75.3 kg,75.3,Carolina Kodenkan MMA and Fitness,full/06750042ca3546753bbb0eb81887e4093da8ed0e.jpg,200,300,11.3
25441,Chris Stanley,https://www.sherdog.com/fighter/Chris-Stanley-25441,2026-08-19T06:37:00.609089+00:00,,,,,,,,,full/06750042ca3546753bbb0eb81887e4093da8ed0e.jpg,200,300,11.3
29610,James Deloach,https://www.sherdog.com/fighter/James-Deloach-29610,2026-08-19T06:37:00.610688+00:00,,,,,,,,,full/06750042ca3546753bbb0eb81887e4093da8ed0e.jpg,200,300,11.3
75173,Travis Oates,https://www.sherdog.com/fighter/Travis-Oates-75173,2026-08-19T06:37:00.612621+00:00,,,,,,,,,full/06750042ca3546753bbb0eb81887e4093da8ed0e.jpg,200,300,11.3
75172,Bobby Stefan,https://www.sherdog.com/fighter/Bobby-Stefan-75172,2026-08-19T06:37:00.614132+00:00,,,,,,,,,full/06750042ca3546753bbb0eb81887e4093da8ed0e.jpg,200,300,11.3
6730,Ashley Rivers,https://www.sherdog.com/fighter/Ashley-Rivers-6730,2026-08-19T06:37:00.615982+00:00,"Feb 13, 1973",1973-02-13,United States,,,278 lbs / 126.1 kg,126.1,Ground Zero MMA,full/06750042ca3546753bbb0eb81887e4093da8ed0e.jpg,200,300,11.3
28211,Michael Jacques,https://www.sherdog.com/fighter/Michael-Jacques-28211,2026-08-19T06:37:00.617889+00:00,"Jul 13, 1977",1977-07-13,United States,"5'11"" / 180.34 cm",180.34,170 lbs / 77.11 kg,77.11,,full/06750042ca3546753bbb0eb81887e4093da8ed0e.jpg,200,300,11.3
25971,Jason  Miller,https://www.sherdog.com/fighter/Jason-Miller-25971,2026-08-19T06:37:00.619635+00:00,,,United States,,,,,,full/06750042ca3546753bbb0eb81887e4093da8ed0e.jpg,200,300,11.3
28207,Scott Forrester,https://www.sherdog.com/fighter/Scott-Forrester-28207,2026-08-19T06:37:00.621505+00:00,,,,,,,,,full/06750042ca3546753bbb0eb81887e4093da8ed0e.jpg,200,300,11.3
28212,Daniel Watts,https://www.sherdog.com/fighter/Daniel-Watts-28212,2026-08-19T06:37:00.622865+00:00,"Sep 1, 1981",1981-09-01,United States,,,170 lbs / 77.11 kg,77.11,,full/06750042ca3546753bbb0eb81887e4093da8ed0e.jpg,200,300,11.3
28208,Will Blankenship,https://www.sherdog.com/fighter/Will-Blankenship-28208,2026-08-19T06:37:00.624898+00:00,"Feb 21, 1977",1977-02-21,United States,"5'11"" / 180.34 cm",180.34,185 lbs / 83.91 kg,83.91,SBG Alabama,full/06750042ca3546753bbb0eb81887e4093da8ed0e.jpg,200,300,11.3
28213,Eric Bowerman,https://www.sherdog.com/fighter/Eric-Bowerman-28213,2026-08-19T06:37:00.626667+00:00,,,,,,,,,full/06750042ca3546753bbb0eb81887e4093da8ed0e.jpg,200,300,11.3
28209,Blake Grice,https://www.sherdog.com/fighter/Blake-Grice-28209,2026-08-19T06:37:00.628000+00:00,,,,,,,,,full/06750042ca3546753bbb0eb81887e4093da8ed0e.jpg,200,300,11.3
5287,Jake Pruitt,https://www.sherdog.com/fighter/Jake-Pruitt-5287,2026-08-19T06:37:00.631731+00:00,"Feb 25, 1978",1978-02-25,United States,"6'0"" / 182.88 cm",182.88,145 lbs / 65.77 kg,65.77,Legacy Fight Club,full/06750042ca3546753bbb0eb81887e4093da8ed0e.jpg,200,300,11.3
28210,Ryan Booth,https://www.sherdog.com/fighter/Ryan-Booth-28210,2026-08-19T06:37:00.634158+00:00,,,,,,,,,full/06750042ca3546753bbb0eb81887e4093da8ed0e.jpg,200,300,11.3
7917,Shannon Smith,https://www.sherdog.com/fighter/Shannon-Smith-7917,2026-08-19T06:37:00.638334+00:00,,,USA,,,155 lbs / 70.31 kg,70.31,,full/06750042ca3546753bbb0eb81887e4093da8ed0e.jpg,200,300,11.3
15807,Brian McLaughlin,https://www.sherdog.com/fighter/Brian-McLaughlin-15807,2026-08-19T06:36:58.670101+00:00,"May 12, 1984",1984-05-12,United States,"5'9"" / 175.26 cm",175.26,155 lbs / 70.31 kg,70.31,Gracie Tampa,full/909c916ece19dcae4d6459047d55e7b6298bd1e8.jpg,200,300,14.7
269,Alex Stiebling,https://www.sherdog.com/fighter/Alex-Stiebling-269,2026-08-19T06:37:00.473243+00:00,"Dec 26, 1976",1976-12-26,United States,"6'2"" / 187.96 cm",187.96,195 lbs / 88.45 kg,88.45,Integrated Fighting Academy,full/da834bd3704336b650f9e08f056c4443d86cd67a.jpg,200,300,13.4
60,Andy Anderson,https://www.sherdog.com/fighter/Andy-Anderson-60,2026-08-19T06:37:00.482098+00:00,"Jul 16, 1964",1964-07-16,United States,"5'9"" / 175.26 cm",175.26,240 lbs / 108.86 kg,108.86,,full/b575c790de35f3e8b8b7ac497e8eeb4bd6eaa62e.jpg,200,300,13.6
59,Jon Hess,https://www.sherdog.com/fighter/Jon-Hess-59,2026-08-19T06:37:00.484629+00:00,,,United States,"6'7"" / 200.66 cm",200.66,295 lbs / 133.81 kg,133.81,Team Quest,full/9eff349db1aa2c8d629c4491d424ec6720e941df.jpg,200,300,9.7
107,Joel Sutton,https://www.sherdog.com/fighter/Joel-Sutton-107,2026-08-19T06:37:00.489465+00:00,"Jul 7, 1969",1969-07-07,United States,"5'10"" / 177.8 cm",177.8,202 lbs / 91.63 kg,91.63,,full/38cf8acafd04a4eaab52163ae651df2a37275fbb.jpg,200,300,7.0
131,Rafael Carino,https://www.sherdog.com/fighter/Rafael-Carino-131,2026-08-19T06:37:00.498174+00:00,"Jul 16, 1973",1973-07-16,Brazil,"6'8"" / 203.2 cm",203.2,245 lbs / 111.13 kg,111.13,Nova Uniao,,,,
150,Justin Martin,https://www.sherdog.com/fighter/Justin-Martin-150,2026-08-19T06:37:00.507587+00:00,,,United States,"6'0"" / 182.88 cm",182.88,205 lbs / 92.99 kg,92.99,,full/035e4cf1b7ccc1688e46c0bcc79f55d283301567.jpg,200,300,12.1
154,Wallid Ismail,https://www.sherdog.com/fighter/Wallid-Ismail-154,2026-08-19T06:37:00.509584+00:00,"Feb 22, 1968",1968-02-22,Brazil,"5'7"" / 170.18 cm",170.18,182 lbs / 82.55 kg,82.55,Brazil Dojo,full/d3a02b966966332d5607c94d87ce2e018d28bb0f.jpg,200,300,10.6
153,Kazuo Takahashi,https://www.sherdog.com/fighter/Kazuo-Takahashi-153,2026-08-19T06:37:00.511795+00:00,"Mar 13, 1969",1969-03-13,Japan,"5'10"" / 177.8 cm",177.8,203 lbs / 92.08 kg,92.08,D-One Gym,full/4a9017beef4a6fbc196cc4b6ebb58693bebf4021.jpg,200,300,11.9
183,Marcus Silveira,https://www.sherdog.com/fighter/Marcus-Silveira-183,2026-08-19T06:37:00.515560+00:00,"Dec 9, 1964",1964-12-09,Brazil,"6'3"" / 190.5 cm",190.5,242 lbs / 109.77 kg,109.77,American Top Team,full/20398f2fbc67abc998d07e3baa313b5faa72d604.jpg,200,300,8.1
84,Kazushi Sakuraba,https://www.sherdog.com/fighter/Kazushi-Sakuraba-84,2026-08-19T06:37:00.517893+00:00,"Jul 14, 1969",1969-07-14,Japan,"6'0"" / 182.88 cm",182.88,167 lbs / 75.75 kg,75.75,Laughter7,full/6fc1fb39e0805af4b824bdde3d1179b34244b846.jpg,200,300,14.1
205,Tulio Palhares,https://www.sherdog.com/fighter/Tulio-Palhares-205,2026-08-19T06:37:00.529800+00:00,,,Brazil,"5'10"" / 177.8 cm",177.8,180 lbs / 81.65 kg,81.65,,full/c5cfe33fc0aeb8e5a80ca119a7cf165053e7f562.jpg,200,300,15.0
1549,Aristides Britto,https://www.sherdog.com/fighter/Aristides-Britto-1549,2026-08-19T06:37:00.535678+00:00,,,United States,"5'7"" / 170.18 cm",170.18,170 lbs / 77.11 kg,77.11,,full/080646fb6e9a5d85e911879ba3d160701b78770b.jpg,200,300,10.9
1543,Ray Totorico,https://www.sherdog.com/fighter/Ray-Totorico-1543,2026-08-19T06:37:00.540115+00:00,,,United States,"5'10"" / 177.8 cm",177.8,154 lbs / 69.85 kg,69.85,,full/dadeec425c6eb0eb8b92185d265ef9eae39a51e1.jpg,200,300,10.9
2307,Sean Gray,https://www.sherdog.com/fighter/Sean-Gray-2307,2026-08-19T06:37:00.555194+00:00,"Aug 6, 1973",1973-08-06,United States,"5'10"" / 177.8 cm",177.8,205 lbs / 92.99 kg,92.99,Shootwrestle USA,full/0bb1026081c39515e05b3ead8d692595cfa6f560.jpg,200,300,10.3
1496,Kenneth Tenorio,https://www.sherdog.com/fighter/Kenneth-Tenorio-1496,2026-08-19T06:37:00.562481+00:00,,,United States,,,170 lbs / 77.11 kg,77.11,Neo Warrior MMA,full/116723959b436f8fdce96bb642349311c236df40.jpg,200,300,14.5
396,Chatt Lavender,https://www.sherdog.com/fighter/Chatt-Lavender-396,2026-08-19T06:37:00.566089+00:00,"May 24, 1976",1976-05-24,United States,"5'8"" / 172.72 cm",172.72,170 lbs / 77.11 kg,77.11,Team Assassin Grapplers MMA,full/c18ccf04993dced8199d096aef9f5b352dba998c.jpg,200,300,7.1
9336,Chris Connelly,https://www.sherdog.com/fighter/Chris-Connelly-9336,2026-08-19T06:37:00.629641+00:00,,,United States,,,170 lbs / 77.11 kg,77.11,Spartan Fitness MMA,full/582bcbd6464f6e5787ddcbb5c01d4cc4edd1024c.jpg,200,300,11.2
1783,Bob Ostovich,https://www.sherdog.com/fighter/Bob-Ostovich-1783,2026-08-19T06:37:31.143921+00:00,"Dec 27, 1967",1967-12-27,United States,"5'9"" / 175.26 cm",175.26,185 lbs / 83.91 kg,83.91,Jesus Is Lord,full/06750042ca3546753bbb0eb81887e4093da8ed0e.jpg,200,300,11.3
75170,Jerry Roads,https://www.sherdog.com/fighter/Jerry-Roads-75170,2026-08-19T06:37:31.148023+00:00,,,,,,,,,full/06750042ca3546753bbb0eb81887e4093da8ed0e.jpg,200,300,11.3
75169,Brandon Burgess,https://www.sherdog.com/fighter/Brandon-Burgess-75169,2026-08-19T06:37:31.150657+00:00,,,,,,,,,full/06750042ca3546753bbb0eb81887e4093da8ed0e.jpg,200,300,11.3
30976,Harry Chaconas,https://www.sherdog.com/fighter/Harry-Chaconas-30976,2026-08-19T06:37:31.154077+00:00,"Sep 22, 1979",1979-09-22,United States,"5'9"" / 175.26 cm",175.26,180 lbs / 81.65 kg,81.65,,full/06750042ca3546753bbb0eb81887e4093da8ed0e.jpg,200,300,11.3
13774,Rashad Khalliq,https://www.sherdog.com/fighter/Rashad-Khalliq-13774,2026-08-19T06:37:31.156318+00:00,,,,,,,,Velocity Kickboxing,full/06750042ca3546753bbb0eb81887e4093da8ed0e.jpg,200,300,11.3
75171,Brian Sorell,https://www.sherdog.com/fighter/Brian-Sorell-75171,2026-08-19T06:37:31.158941+00:00,,,,,,,,,full/06750042ca3546753bbb0eb81887e4093da8ed0e.jpg,200,300,11.3
28206,Keith Wynn,https://www.sherdog.com/fighter/Keith-Wynn-28206,2026-08-19T06:37:31.161391+00:00,,,,,,,,,full/06750042ca3546753bbb0eb81887e4093da8ed0e.jpg,200,300,11.3
12936,Kevin Gittemeir,https://www.sherdog.com/fighter/Kevin-Gittemeir-12936,2026-08-19T06:37:31.167073+00:00,"Jul 23, 1976",1976-07-23,United States,"5'8"" / 172.72 cm",172.72,160 lbs / 72.57 kg,72.57,,full/06750042ca3546753bbb0eb81887e4093da8ed0e.jpg,200,300,11.3
16582,James Neely,https://www.sherdog.com/fighter/James-Neely-16582,2026-08-19T06:37:31.169584+00:00,,,United States,,,285 lbs / 129.27 kg,129.27,,full/06750042ca3546753bbb0eb81887e4093da8ed0e.jpg,200,300,11.3
24797,Jimmy Jennings,https://www.sherdog.com/fighter/Jimmy-Jennings-24797,2026-08-19T06:37:31.172391+00:00,,,,,,,,,full/06750042ca3546753bbb0eb81887e4093da8ed0e.jpg,200,300,11.3
12813,Harris Norwood,https://www.sherdog.com/fighter/Harris-Norwood-12813,2026-08-19T06:37:00.635749+00:00,"Mar 10, 1976",1976-03-10,United States,"5'11"" / 180.34 cm",180.34,170 lbs / 77.11 kg,77.11,Eagle Combat Systems,full/c8f0512cfe574ba4130d6b4c8e5e3e4dd92e2462.jpg,200,300,12.4
2750,Skip Hall,https://www.sherdog.com/fighter/Skip-Hall-2750,2026-08-19T06:37:31.138279+00:00,"Sep 9, 1944",1944-09-09,United States,"5'9"" / 175.26 cm",175.26,220 lbs / 99.79 kg,99.79,,full/32f1fc427b109005b24640087d97018f25d433df.jpg,200,300,13.0
17889,Dustin Rhodes,https://www.sherdog.com/fighter/Dustin-Rhodes-17889,2026-08-19T06:37:31.163515+00:00,,,,"5'9"" / 175.26 cm",175.26,145 lbs / 65.77 kg,65.77,Team Wildman Vale Tudo,full/9ec9ea119dea4193e3bdc82973207e32a433e57c.jpg,200,300,9.4
15600,Chris Clodfelter,https://www.sherdog.com/fighter/Chris-Clodfelter-15600,2026-08-19T06:37:31.174563+00:00,"Nov 7, 1979",1979-11-07,United States,"5'9"" / 175.26 cm",175.26,170 lbs / 77.11 kg,77.11,Eight Points Muay Thai,full/fb78be3f10c4131ab2ce36be154a12f581267270.jpg,200,300,14.9
12137,David Hulett,https://www.sherdog.com/fighter/David-Hulett-12137,2026-08-19T06:37:31.180171+00:00,"Sep 7, 1980",1980-09-07,United States,"5'10"" / 177.8 cm",177.8,170 lbs / 77.11 kg,77.11,Throwdown,full/a5919ba44f846f76aa2c36c40fd9e5d63f373cac.jpg,200,300,13.6
2304,Wade Shipp,https://www.sherdog.com/fighter/Wade-Shipp-2304,2026-08-19T06:37:31.184472+00:00,"Feb 9, 1975",1975-02-09,United States,"6'3"" / 190.5 cm",190.5,240 lbs / 108.86 kg,108.86,Alliance MMA,full/b047775a9c281ac4e3f2f282914a236965cc7daa.jpg,200,300,11.4
2688,Jonathan Wiezorek,https://www.sherdog.com/fighter/Jonathan-Wiezorek-2688,2026-08-19T06:37:31.187139+00:00,"Feb 10, 1979",1979-02-10,United States,"6'3"" / 190.5 cm",190.5,250 lbs / 113.4 kg,113.4,Valdosta Martial Arts Academy,full/f9005ec6e25b51063c3733954b3fd3a16fe32825.jpg,200,300,15.9
30,Thaddeus Luster,https://www.sherdog.com/fighter/Thaddeus-Luster-30,2026-08-19T06:37:31.320538+00:00,,,United States,"6'3"" / 190.5 cm",190.5,200 lbs / 90.72 kg,90.72,,full/5040ec627ba562110485158e525af7149c425bc7.jpg,200,300,10.2
29,Frank Hamaker,https://www.sherdog.com/fighter/Frank-Hamaker-29,2026-08-19T06:37:31.323446+00:00,,,Netherlands,"6'2"" / 187.96 cm",187.96,245 lbs / 111.13 kg,111.13,,full/7ad1478dcfcfd30b7b7e8601dc0e9759c05ca3e0.jpg,200,300,12.3
